robot,corridor_id,rollout_mode,solve_index,horizon_step,global_step,tracking_cost,control_cost,smoothness_cost,risk_cost,topology_cost,corridor_cost,manifold_cost,safety_violation_cost,constraint_violation_cost,handover_cost,step_total_cost,cumulative_total_cost,phase,task_state,state_transition,task_cost,task_optimization_cost,risk_weight,tracking_weight,smoothness_weight,task_weight,feasibility_status,step,ref_x,ref_y,ref_z,pred_x,pred_y,pred_z,tracking_error,control_norm,control_delta,risk,risk_value,risk_query_valid,risk_query_source,safety_violation,risk_threshold,risk_sanity_status,horizon,dt,risk_exceeded,constraint_violation,topology_class,distance_to_corridor,corridor_violation,corridor_constraint_status,distance_to_manifold,manifold_clearance,minimum_clearance,clearance_threshold,actual_clearance,progress,boundary_distance,manifold_violation,manifold_constraint_status,manifold_constraint_mode,risk_constraint_violation,soft_constraint_used,minor_violation,major_violation,clearance_constraint_violation,nearest_critical_point,critical_point_target,critical_point_distance,critical_sequence_state,topology_sequence_valid,critical_point_status,current_topology_stage,corridor_override,manifold_override,critical_point_constraint_status,topology_class_constraint_status,topology_consistency_cost,step_cost
arm,arm_c0001,rolling_window,0,0,0,0.11120807337006751,0.0,0.0,1.3955490389938066,0.0,0.0,0.03013609262356161,0.0,84.37943045083969,0.006399999999999998,846.7316617781913,846.7316617781913,approach,approach,handover->approach,0.006399999999999998,0.006399999999999998,1.8,1.0,0.0,1.0,feasible_with_soft_violation,,,,,,,,,,,,0.0,0,,0.0,,pass,10,0.1,,,left_bypass,,,,,,0.08,0.08,,0.0,,,,soft,,True,False,False,,,,,,,passed,1,False,False,,,0.0,
arm,arm_c0001,rolling_window,1,0,1,0.23440730813446703,0.010000000000000016,0.010000000000000016,1.4000416763768437,0.0,0.0,0.03228756516324122,0.0,23.4407308134467,0.0056354500991018935,237.49893701191039,1084.2305987901018,approach,approach,handover->approach,0.0056354500991018935,0.0056354500991018935,1.8,1.0,0.0,1.0,feasible_with_soft_violation,,,,,,,,,,,,0.0,0,,0.0,,pass,10,0.1,,,left_bypass,,,,,,0.08,0.08,,0.0,,,,soft,,True,False,False,,,,,,,passed,1,False,False,,,0.0,
arm,arm_c0001,rolling_window,2,0,2,0.22406617238227114,0.011663999999999999,6.39999999999988e-05,1.4048337577680494,0.0,0.0,0.03457362030170875,0.0,22.40661723822711,0.005034376206131942,227.17592347406523,1311.406522264167,approach,approach,handover->approach,0.005034376206131942,0.005034376206131942,1.8,1.0,0.0,1.0,feasible_with_soft_violation,,,,,,,,,,,,0.0,0,,0.0,,pass,10,0.1,,,left_bypass,,,,,,0.08,0.08,,0.0,,,,soft,,True,False,False,,,,,,,passed,1,False,False,,,0.0,
arm,arm_c0001,rolling_window,3,0,3,0.21395831663007514,0.011663999999999999,0.0,1.4094665798948198,0.0,0.0,0.03676820093140339,0.0,21.39583166300752,0.0046665823131619875,217.08749636445629,1528.4940186286233,approach,approach,handover->approach,0.0046665823131619875,0.0046665823131619875,1.8,1.0,0.0,1.0,feasible_with_soft_violation,,,,,,,,,,,,0.0,0,,0.0,,pass,10,0.1,,,left_bypass,,,,,,0.08,0.08,,0.0,,,,soft,,True,False,False,,,,,,,passed,1,False,False,,,0.0,
arm,arm_c0001,rolling_window,4,0,4,0.20408374087787923,0.011663999999999999,0.0,1.4137672034033917,0.0,0.0,0.03883343242070462,0.0,20.408374087787923,0.004532068420192037,207.23117044593064,1735.725189074554,approach,approach,handover->approach,0.004532068420192037,0.004532068420192037,1.8,1.0,0.0,1.0,feasible_with_soft_violation,,,,,,,,,,,,0.0,0,,0.0,,pass,10,0.1,,,left_bypass,,,,,,0.08,0.08,,0.0,,,,soft,,True,False,False,,,,,,,passed,1,False,False,,,0.0,
arm,arm_c0001,rolling_window,5,0,5,0.1944424451256833,0.011663999999999999,0.0,1.417585555999323,0.0,0.0,0.040728547104282746,0.0,19.444244512568336,0.004630834527222084,197.6062551117051,1933.3314441862592,approach,approach,handover->approach,0.004630834527222084,0.004630834527222084,1.8,1.0,0.0,1.0,feasible_with_soft_violation,,,,,,,,,,,,0.0,0,,0.0,,pass,10,0.1,,,left_bypass,,,,,,0.08,0.08,,0.0,,,,soft,,True,False,False,,,,,,,passed,1,False,False,,,0.0,
arm,arm_c0001,rolling_window,6,0,6,0.18503442937348738,0.011663999999999999,4.81482486096809e-35,1.4208581712842918,0.0,0.0,0.04241085530164321,0.0,18.503442937348737,0.0049628806342521346,188.2122092254575,2121.5436534117166,approach,approach,handover->approach,0.0049628806342521346,0.0049628806342521346,1.8,1.0,0.0,1.0,feasible_with_soft_violation,,,,,,,,,,,,0.0,0,,0.0,,pass,10,0.1,,,left_bypass,,,,,,0.08,0.08,,0.0,,,,soft,,True,False,False,,,,,,,passed,1,False,False,,,0.0,
arm,arm_c0001,rolling_window,7,0,7,0.1758596936212914,0.011663999999999999,0.0,1.4235454824781306,0.0,0.0,0.04383727933897918,0.0,17.58596936212915,0.005528206741282183,179.04853079024576,2300.5921842019625,approach,approach,handover->approach,0.005528206741282183,0.005528206741282183,1.8,1.0,0.0,1.0,feasible_with_soft_violation,,,,,,,,,,,,0.0,0,,0.0,,pass,10,0.1,,,left_bypass,,,,,,0.08,0.08,,0.0,,,,soft,,True,False,False,,,,,,,passed,1,False,False,,,0.0,
arm,arm_c0001,rolling_window,8,0,8,0.1669182378690955,0.011663999999999999,6.018531076210113e-35,1.4256317158048466,0.0,0.0,0.04496648527035922,0.0,16.691823786909545,0.006326812848312233,170.11477807381345,2470.706962275776,approach,approach,handover->approach,0.006326812848312233,0.006326812848312233,1.8,1.0,0.0,1.0,feasible_with_soft_violation,,,,,,,,,,,,0.0,0,,0.0,,pass,10,0.1,,,left_bypass,,,,,,0.08,0.08,,0.0,,,,soft,,True,False,False,,,,,,,passed,1,False,False,,,0.0,
arm,arm_c0001,rolling_window,9,0,9,0.16109502262528214,0.011663999999999999,6.018531076210113e-35,1.4467310264194104,0.0,0.0,0.04694967126850487,0.0,15.82100621168996,0.006399999999999996,161.45873609976488,2632.1656983755406,approach,approach,handover->approach,0.006399999999999996,0.006399999999999996,1.8,1.0,0.0,1.0,feasible_with_soft_violation,,,,,,,,,,,,0.0,0,,0.0,,pass,10,0.1,,,left_bypass,,,,,,0.08,0.08,,0.0,,,,soft,,True,False,False,,,,,,,passed,1,False,False,,,0.0,
arm,arm_c0001,rolling_window,10,0,10,0.15653194160178513,0.01166399999999999,1.4910572686292555e-06,1.4701232558624056,0.0,0.0,0.04887827967893039,0.0,15.254214742799164,0.0064,155.84765072514654,2788.0133491006873,approach,approach,handover->approach,0.0064,0.0064,1.8,1.0,0.0,1.0,feasible_with_soft_violation,,,,,,,,,,,,0.0,0,,0.0,,pass,10,0.1,,,left_bypass,,,,,,0.08,0.08,,0.0,,,,soft,,True,False,False,,,,,,,passed,1,False,False,,,0.0,
arm,arm_c0001,rolling_window,11,0,11,0.15289376809270008,0.01166399999999999,1.9639278614709403e-06,1.4933590375413945,0.0,1.925929944387236e-34,0.05062438688923336,0.0,14.8102732160464,0.006400000000000003,151.46388285780915,2939.4772319584963,approach,approach,handover->approach,0.006400000000000003,0.006400000000000003,1.8,1.0,0.0,1.0,feasible_with_soft_violation,,,,,,,,,,,,0.0,0,,0.0,,pass,10,0.1,,,left_bypass,,,,,,0.08,0.08,,0.0,,,,soft,,True,False,False,,,,,,,passed,1,False,False,,,0.0,
arm,arm_c0001,rolling_window,12,0,12,0.15004757217900228,0.011664000000000002,2.0000142297922894e-06,1.5157491583430613,0.0,0.0,0.05216494751527933,0.0,14.456445542640305,0.0064,147.97846775875522,3087.4556997172517,approach,approach,handover->approach,0.0064,0.0064,1.8,1.0,0.0,1.0,feasible_with_soft_violation,,,,,,,,,,,,0.0,0,,0.0,,pass,10,0.1,,,left_bypass,,,,,,0.08,0.08,,0.0,,,,soft,,True,False,False,,,,,,,passed,1,False,False,,,0.0,
arm,arm_c0001,rolling_window,13,0,13,0.14785495313040997,0.011663999999999999,1.8802051583157107e-06,1.536814226207063,0.0,0.0,0.05349280301044176,0.0,14.1797241683307,0.0064,145.26025704975558,3232.7159567670074,approach,approach,handover->approach,0.0064,0.0064,1.8,1.0,0.0,1.0,feasible_with_soft_violation,,,,,,,,,,,,0.0,0,,0.0,,pass,10,0.1,,,left_bypass,,,,,,0.08,0.08,,0.0,,,,soft,,True,False,False,,,,,,,passed,1,False,False,,,0.0,
arm,arm_c0001,rolling_window,14,0,14,0.14618632462738448,0.011663999999999994,1.6623156079154058e-06,1.5562613895281734,0.0,0.0,0.054613029167105434,0.0,13.966598015287936,0.0064,143.17353400279165,3375.889490769799,approach,approach,handover->approach,0.0064,0.0064,1.8,1.0,0.0,1.0,feasible_with_soft_violation,,,,,,,,,,,,0.0,0,,0.0,,pass,10,0.1,,,left_bypass,,,,,,0.08,0.08,,0.0,,,,soft,,True,False,False,,,,,,,passed,1,False,False,,,0.0,
arm,arm_c0001,rolling_window,15,0,15,0.14492848643352985,0.011663999999999994,1.402159375191084e-06,1.5739483313263651,0.0,0.0,0.055538936313994106,0.0,13.804435144972846,0.0064,141.59174297612128,3517.4812337459202,approach,approach,handover->approach,0.0064,0.0064,1.8,1.0,0.0,1.0,feasible_with_soft_violation,,,,,,,,,,,,0.0,0,,0.0,,pass,10,0.1,,,left_bypass,,,,,,0.08,0.08,,0.0,,,,soft,,True,False,False,,,,,,,passed,1,False,False,,,0.0,
arm,arm_c0001,rolling_window,16,0,16,0.14398721005402315,0.011663999999999985,1.1411161815362304e-06,1.5898449723240513,0.0,0.0,0.0562885150931697,0.0,13.68221200106679,0.0064,140.40467995006017,3657.8859136959804,approach,approach,handover->approach,0.0064,0.0064,1.8,1.0,0.0,1.0,feasible_with_soft_violation,,,,,,,,,,,,0.0,0,,0.0,,pass,10,0.1,,,left_bypass,,,,,,0.08,0.08,,0.0,,,,soft,,True,False,False,,,,,,,passed,1,False,False,,,0.0,
arm,arm_c0001,rolling_window,17,0,17,0.14328672174243223,0.01166399999999999,9.038652393054048e-07,1.6039989818511442,0.0,0.0,0.056881689849418944,0.0,13.590759037519373,0.006399999999999996,139.52085874353548,3797.406772439516,approach,approach,handover->approach,0.006399999999999996,0.006399999999999996,1.8,1.0,0.0,1.0,feasible_with_soft_violation,,,,,,,,,,,,0.0,0,,0.0,,pass,10,0.1,,,left_bypass,,,,,,0.08,0.08,,0.0,,,,soft,,True,False,False,,,,,,,passed,1,False,False,,,0.0,
arm,arm_c0001,rolling_window,18,0,18,0.142767596262429,0.011663999999999976,7.015284118551311e-07,1.616507692951067,0.0,1.925929944387236e-34,0.05733842590244761,0.0,13.522706350324421,0.006400000000000003,138.86689574614874,3936.2736681856645,approach,approach,handover->approach,0.006400000000000003,0.006400000000000003,1.8,1.0,0.0,1.0,feasible_with_soft_violation,,,,,,,,,,,,0.0,0,,0.0,,pass,10,0.1,,,left_bypass,,,,,,0.08,0.08,,0.0,,,,soft,,True,False,False,,,,,,,passed,1,False,False,,,0.0,
arm,arm_c0001,rolling_window,19,0,19,0.14238407490675992,0.011663999999999999,5.362786141244666e-07,1.627496798467182,0.0,0.0,0.05767756683662829,0.0,13.47227627611426,0.0064,138.38538324891232,4074.6590514345767,approach,approach,handover->approach,0.0064,0.0064,1.8,1.0,0.0,1.0,feasible_with_soft_violation,,,,,,,,,,,,0.0,0,,0.0,,pass,10,0.1,,,left_bypass,,,,,,0.08,0.08,,0.0,,,,soft,,True,False,False,,,,,,,passed,1,False,False,,,0.0,
arm,arm_c0001,rolling_window,20,0,20,0.14210139168841754,0.011663999999999997,4.0535181668151226e-07,1.6371050762608765,0.0,0.0,0.057916220048791545,0.0,13.435021099666342,0.0064,138.0322302071797,4212.691281641756,approach,approach,handover->approach,0.0064,0.0064,1.8,1.0,0.0,1.0,feasible_with_soft_violation,,,,,,,,,,,,0.0,0,,0.0,,pass,10,0.1,,,left_bypass,,,,,,0.08,0.08,,0.0,,,,soft,,True,False,False,,,,,,,passed,1,False,False,,,0.0,
arm,arm_c0001,rolling_window,21,0,21,0.14189339087857894,0.011663999999999999,3.03837938779219e-07,1.645473982499962,0.0,0.0,0.058069515618251986,0.0,13.407562262806271,0.0064,137.77403080439137,4350.465312446147,approach,approach,handover->approach,0.0064,0.0064,1.8,1.0,0.0,1.0,feasible_with_soft_violation,,,,,,,,,,,,0.0,0,,0.0,,pass,10,0.1,,,left_bypass,,,,,,0.08,0.08,,0.0,,,,soft,,True,False,False,,,,,,,passed,1,False,False,,,0.0,
arm,arm_c0001,rolling_window,22,0,22,0.14174053589229818,0.011663999999999994,2.263443773415483e-07,1.652740936329339,0.0,0.0,0.058150597660955074,0.0,13.387358322322529,0.0064,137.58572986638885,4488.051042312536,approach,approach,handover->approach,0.0064,0.0064,1.8,1.0,0.0,1.0,feasible_with_soft_violation,,,,,,,,,,,,0.0,0,,0.0,,pass,10,0.1,,,left_bypass,,,,,,0.08,0.08,,0.0,,,,soft,,True,False,False,,,,,,,passed,1,False,False,,,0.0,
arm,arm_c0001,rolling_window,23,0,23,0.14162831113347293,0.011663999999999999,1.6784980956202717e-07,1.659035278253143,0.0,0.0,0.05817074647888925,0.0,13.372511192145343,0.006399999999999998,137.44867763180142,4625.499719944338,approach,approach,handover->approach,0.006399999999999998,0.006399999999999998,1.8,1.0,0.0,1.0,feasible_with_soft_violation,,,,,,,,,,,,0.0,0,,0.0,,pass,10,0.1,,,left_bypass,,,,,,0.08,0.08,,0.0,,,,soft,,True,False,False,,,,,,,passed,1,False,False,,,0.0,
arm,arm_c0001,rolling_window,24,0,24,0.14154597329366675,0.011663999999999994,1.240560027242734e-07,1.6644760940847019,0.0,0.0,0.05813956378194777,0.0,13.361610712940735,0.0064,137.34907213468418,4762.848792079022,approach,approach,handover->approach,0.0064,0.0064,1.8,1.0,0.0,1.0,feasible_with_soft_violation,,,,,,,,,,,,0.0,0,,0.0,,pass,10,0.1,,,left_bypass,,,,,,0.08,0.08,,0.0,,,,soft,,True,False,False,,,,,,,passed,1,False,False,,,0.0,
arm,arm_c0001,rolling_window,25,0,25,0.14148559357162405,0.011663999999999999,9.146314234226299e-08,1.6691712962975855,0.0,0.0,0.058065178981264357,0.0,13.35361325486029,0.0064,137.27674468361548,4900.125536762637,approach,approach,handover->approach,0.0064,0.0064,1.8,1.0,0.0,1.0,feasible_with_soft_violation,,,,,,,,,,,,0.0,0,,0.0,,pass,10,0.1,,,left_bypass,,,,,,0.08,0.08,,0.0,,,,soft,,True,False,False,,,,,,,passed,1,False,False,,,0.0,
arm,arm_c0001,rolling_window,26,0,26,0.14144133250424953,0.011663999999999999,6.731160254288492e-08,1.6732175219546106,0.0,0.0,0.0579544524192239,0.0,13.347748628098307,0.0064,137.2242300906602,5037.349766853297,approach,approach,handover->approach,0.0064,0.0064,1.8,1.0,0.0,1.0,feasible_with_soft_violation,,,,,,,,,,,,0.0,0,,0.0,,pass,10,0.1,,,left_bypass,,,,,,0.08,0.08,,0.0,,,,soft,,True,False,False,,,,,,,passed,1,False,False,,,0.0,
arm,arm_c0001,rolling_window,27,0,27,0.14140889595499168,0.011663999999999987,4.947185130259322e-08,1.6767005367366,0.0,1.925929944387236e-34,0.05781316302969656,0.0,13.343449614906858,0.006400000000000003,137.1860640513408,5174.535830904638,approach,approach,handover->approach,0.006400000000000003,0.006400000000000003,1.8,1.0,0.0,1.0,feasible_with_soft_violation,,,,,,,,,,,,0.0,0,,0.0,,pass,10,0.1,,,left_bypass,,,,,,0.08,0.08,,0.0,,,,soft,,True,False,False,,,,,,,passed,1,False,False,,,0.0,
arm,arm_c0001,rolling_window,28,0,28,0.1413806314712642,0.011663999999999997,3.632489091500583e-08,1.680075026476149,0.0,0.0,0.05766973187078528,0.0,13.34029911261366,0.006400376714848596,137.15917128466748,5311.695002189305,approach,approach,handover->approach,0.006400376714848596,0.006400376714848596,1.8,1.0,0.0,1.0,feasible_with_soft_violation,,,,,,,,,,,,0.0,0,,0.0,,pass,10,0.1,,,left_bypass,,,,,,0.08,0.08,,0.0,,,,soft,,True,False,False,,,,,,,passed,1,False,False,,,0.0,
arm,arm_c0001,rolling_window,29,0,29,0.14135413039469935,0.011663999999999999,3.3791273578816814e-08,1.6833532711941936,0.0,0.0,0.05752437156442501,0.0,13.337553844073225,0.0064015090738955465,137.1361415998268,5448.8311437891325,approach,approach,handover->approach,0.0064015090738955465,0.0064015090738955465,1.8,1.0,0.0,1.0,feasible_with_soft_violation,,,,,,,,,,,,0.0,0,,0.0,,pass,10,0.1,,,left_bypass,,,,,,0.08,0.08,,0.0,,,,soft,,True,False,False,,,,,,,passed,1,False,False,,,0.0,
arm,arm_c0001,rolling_window,30,0,30,0.14132924786047135,0.011663999999999999,3.171340162712244e-08,1.6865384542186082,0.0,0.0,0.057376670298987444,0.0,13.334979858850822,0.006403332512789014,137.1146368283203,5585.945780617453,approach,approach,handover->approach,0.006403332512789014,0.006403332512789014,1.8,1.0,0.0,1.0,feasible_with_soft_violation,,,,,,,,,,,,0.0,0,,0.0,,pass,10,0.1,,,left_bypass,,,,,,0.08,0.08,,0.0,,,,soft,,True,False,False,,,,,,,passed,1,False,False,,,0.0,
arm,arm_c0001,rolling_window,31,0,31,0.14130586046261875,0.011663999999999999,2.979969177784069e-08,1.6896335793139872,0.0,0.0,0.05722629994468125,0.0,13.332563085211367,0.006405786383631968,137.09451813351546,5723.040298750969,approach,approach,handover->approach,0.006405786383631968,0.006405786383631968,1.8,1.0,0.0,1.0,feasible_with_soft_violation,,,,,,,,,,,,0.0,0,,0.0,,pass,10,0.1,,,left_bypass,,,,,,0.08,0.08,,0.0,,,,soft,,True,False,False,,,,,,,passed,1,False,False,,,0.0,
arm,arm_c0001,rolling_window,32,0,32,0.14128386031873275,0.011663999999999994,2.8028150133811627e-08,1.692641486718798,0.0,0.0,0.05707300394378184,0.0,13.330291535884411,0.006408814061691164,137.07566796842352,5860.115966719392,approach,approach,handover->approach,0.006408814061691164,0.006408814061691164,1.8,1.0,0.0,1.0,feasible_with_soft_violation,,,,,,,,,,,,0.0,0,,0.0,,pass,10,0.1,,,left_bypass,,,,,,0.08,0.08,,0.0,,,,soft,,True,False,False,,,,,,,passed,1,False,False,,,0.0,
arm,arm_c0001,rolling_window,33,0,33,0.141263151904399,0.011663999999999999,2.6381432776267578e-08,1.695564870443714,0.0,0.0,0.05691658686235035,0.0,13.32815473154011,0.006412362704651483,137.05798423341326,5997.173950952806,approach,approach,handover->approach,0.006412362704651483,0.006412362704651483,1.8,1.0,0.0,1.0,feasible_with_soft_violation,,,,,,,,,,,,0.0,0,,0.0,,pass,10,0.1,,,left_bypass,,,,,,0.08,0.08,,0.0,,,,soft,,True,False,False,,,,,,,passed,1,False,False,,,0.0,
arm,arm_c0001,rolling_window,34,0,34,0.1412436496780479,0.011663999999999994,2.4845684260987227e-08,1.6984062932502133,0.0,0.0,0.056756905307289454,0.0,13.32614339329545,0.0064163830252953686,137.04137713457553,6134.215328087382,approach,approach,handover->approach,0.0064163830252953686,0.0064163830252953686,1.8,1.0,0.0,1.0,feasible_with_soft_violation,,,,,,,,,,,,0.0,0,,0.0,,pass,10,0.1,,,left_bypass,,,,,,0.08,0.08,,0.0,,,,soft,,True,False,False,,,,,,,passed,1,False,False,,,0.0,
arm,arm_c0001,rolling_window,35,0,35,0.14122527628833956,0.011663999999999999,2.340967026663546e-08,1.7011681996218657,0.0,0.0,0.05659386004659916,0.0,13.324249211997893,0.006420829076957032,137.02576681888843,6271.2410949062705,approach,approach,handover->approach,0.006420829076957032,0.006420829076957032,1.8,1.0,0.0,1.0,feasible_with_soft_violation,,,,,,,,,,,,0.0,0,,0.0,,pass,10,0.1,,,left_bypass,,,,,,0.08,0.08,,0.0,,,,soft,,True,False,False,,,,,,,passed,1,False,False,,,0.0,
arm,arm_c0001,rolling_window,36,0,36,0.14120796121146345,0.011663999999999999,2.2064137467677604e-08,1.703852927003151,0.0,0.0,0.05642738918627387,0.0,13.322464674094322,0.006425658051110618,137.01108158313815,6408.252176489409,approach,approach,handover->approach,0.006425658051110618,0.006425658051110618,1.8,1.0,0.0,1.0,feasible_with_soft_violation,,,,,,,,,,,,0.0,0,,0.0,,pass,10,0.1,,,left_bypass,,,,,,0.08,0.08,,0.0,,,,soft,,True,False,False,,,,,,,passed,1,False,False,,,0.0,
arm,arm_c0001,rolling_window,37,0,37,0.14119163970628226,0.011663999999999997,2.0801340581768395e-08,1.7064632414380738,0.0,0.0,0.056257462272502105,0.0,13.32078292926018,0.006430830086467199,136.9972574539548,6545.249433943364,approach,approach,handover->approach,0.006430830086467199,0.006430830086467199,1.8,1.0,0.0,1.0,feasible_with_soft_violation,,,,,,,,,,,,0.0,0,,0.0,,pass,10,0.1,,,left_bypass,,,,,,0.08,0.08,,0.0,,,,soft,,True,False,False,,,,,,,passed,1,False,False,,,0.0,
arm,arm_c0001,rolling_window,38,0,38,0.1411762520050015,0.011663999999999999,1.961469239333592e-08,1.7090017593161895,0.0,0.0,0.05608407520223321,0.0,13.319197688902834,0.006436308088976938,136.98423607992572,6682.23367002329,approach,approach,handover->approach,0.006436308088976938,0.006436308088976938,1.8,1.0,0.0,1.0,feasible_with_soft_violation,,,,,,,,,,,,0.0,0,,0.0,,pass,10,0.1,,,left_bypass,,,,,,0.08,0.08,,0.0,,,,soft,,True,False,False,,,,,,,passed,1,False,False,,,0.0,
arm,arm_c0001,rolling_window,39,0,39,0.14116174267887702,0.011663999999999997,1.849850423507809e-08,1.7114704693677294,0.0,0.0,0.05590724583853417,0.0,13.317703147543014,0.006442057562155873,136.9719630401803,6819.2056330634705,approach,approach,handover->approach,0.006442057562155873,0.006442057562155873,1.8,1.0,0.0,1.0,feasible_with_soft_violation,,,,,,,,,,,,0.0,0,,0.0,,pass,10,0.1,,,left_bypass,,,,,,0.08,0.08,,0.0,,,,soft,,True,False,False,,,,,,,passed,1,False,False,,,0.0,
arm,arm_c0001,rolling_window,40,0,40,0.14114806013448708,0.01166399999999999,1.7447793019375808e-08,1.7138712899929553,0.0,0.0,0.05572701023935904,0.0,13.31629392119889,0.006448046447181805,136.96038819288822,6956.166021256358,approach,approach,handover->approach,0.006448046447181805,0.006448046447181805,1.8,1.0,0.0,1.0,feasible_with_soft_violation,,,,,,,,,,,,0.0,0,,0.0,,pass,10,0.1,,,left_bypass,,,,,,0.08,0.08,,0.0,,,,soft,,True,False,False,,,,,,,passed,1,False,False,,,0.0,
arm,arm_c0001,rolling_window,41,0,41,0.1411351562078468,0.011663999999999999,1.645813724538619e-08,1.7162060746067245,0.0,0.0,0.05554341941938304,0.0,13.314964998452826,0.006454244972228851,136.9494651624581,7093.1154864188165,approach,approach,handover->approach,0.006454244972228851,0.006454244972228851,1.8,1.0,0.0,1.0,feasible_with_soft_violation,,,,,,,,,,,,0.0,0,,0.0,,pass,10,0.1,,,left_bypass,,,,,,0.08,0.08,,0.0,,,,soft,,True,False,False,,,,,,,passed,1,False,False,,,0.0,
arm,arm_c0001,rolling_window,42,0,42,0.1411229858322631,0.011663999999999987,1.5525569067565725e-08,1.718476616275481,0.0,0.0,0.05535653657443731,0.0,13.313711701022388,0.006460625510535703,136.93915092522255,7230.054637344039,approach,approach,handover->approach,0.006460625510535703,0.006460625510535703,1.8,1.0,0.0,1.0,feasible_with_soft_violation,,,,,,,,,,,,0.0,0,,0.0,,pass,10,0.1,,,left_bypass,,,,,,0.08,0.08,,0.0,,,,soft,,True,False,False,,,,,,,passed,1,False,False,,,0.0,
arm,arm_c0001,rolling_window,43,0,43,0.1411115067621554,0.011663999999999997,1.4646492938302909e-08,1.7206846517489254,0.0,0.0,0.05516643470689017,0.0,13.31252965149442,0.006467162446727038,136.92940546974611,7366.984042813785,approach,approach,handover->approach,0.006467162446727038,0.006467162446727038,1.8,1.0,0.0,1.0,feasible_with_soft_violation,,,,,,,,,,,,0.0,0,,0.0,,pass,10,0.1,,,left_bypass,,,,,,0.08,0.08,,0.0,,,,soft,,True,False,False,,,,,,,passed,1,False,False,,,0.0,
arm,arm_c0001,rolling_window,44,0,44,0.14110067933970918,0.011664000000000002,1.38176238537939e-08,1.722831864974196,0.0,0.0,0.05497319459812663,0.0,13.3114147464956,0.006473832050931817,136.92019151409593,7503.904234327881,approach,approach,handover->approach,0.006473832050931817,0.006473832050931817,1.8,1.0,0.0,1.0,feasible_with_soft_violation,,,,,,,,,,,,0.0,0,,0.0,,pass,10,0.1,,,left_bypass,,,,,,0.08,0.08,,0.0,,,,soft,,True,False,False,,,,,,,passed,1,False,False,,,0.0,
arm,arm_c0001,rolling_window,45,0,45,0.14109046629464023,0.01166399999999999,1.3035940082913182e-08,1.7249198901679277,0.0,0.0,0.05477690308117538,0.0,13.310363134023971,0.0064806123602655415,136.9114742669761,7640.815708594857,approach,approach,handover->approach,0.0064806123602655415,0.0064806123602655415,1.8,1.0,0.0,1.0,feasible_with_soft_violation,,,,,,,,,,,,0.0,0,,0.0,,pass,10,0.1,,,left_bypass,,,,,,0.08,0.08,,0.0,,,,soft,,True,False,False,,,,,,,passed,1,False,False,,,0.0,
arm,arm_c0001,rolling_window,46,0,46,0.14108083256984869,0.011663999999999997,1.2298646616786252e-08,1.7269503145108378,0.0,0.0,0.05457765157260208,0.0,13.309371193996792,0.006487483067265647,136.90322122297758,7777.718929817835,approach,approach,handover->approach,0.006487483067265647,0.006487483067265647,1.8,1.0,0.0,1.0,feasible_with_soft_violation,,,,,,,,,,,,0.0,0,,0.0,,pass,10,0.1,,,left_bypass,,,,,,0.08,0.08,,0.0,,,,soft,,True,False,False,,,,,,,passed,1,False,False,,,0.0,
arm,arm_c0001,rolling_window,47,0,47,0.14107174516758536,0.011663999999999999,1.1603146575106785e-08,1.7289246805202219,0.0,0.0,0.05437553482811602,0.0,13.308435521313621,0.006494425414890947,136.8954019846718,7914.614331802506,approach,approach,handover->approach,0.006494425414890947,0.006494425414890947,1.8,1.0,0.0,1.0,feasible_with_soft_violation,,,,,,,,,,,,0.0,0,,0.0,,pass,10,0.1,,,left_bypass,,,,,,0.08,0.08,,0.0,,,,soft,,True,False,False,,,,,,,passed,1,False,False,,,0.0,
arm,arm_c0001,rolling_window,48,0,48,0.14106317301210156,0.011663999999999978,1.094701853631795e-08,1.730844488147782,0.0,0.0,0.05417064989100869,0.0,13.307552910911934,0.006501422097716453,136.8879881060924,8051.502319908598,approach,approach,handover->approach,0.006501422097716453,0.006501422097716453,1.8,1.0,0.0,1.0,feasible_with_soft_violation,,,,,,,,,,,,0.0,0,,0.0,,pass,10,0.1,,,left_bypass,,,,,,0.08,0.08,,0.0,,,,soft,,True,False,False,,,,,,,passed,1,False,False,,,0.0,
arm,arm_c0001,rolling_window,49,0,49,0.14105508682575452,0.011663999999999994,1.0327998298359485e-08,1.7327111966433408,0.0,0.0,0.05396309520662284,0.0,13.306720344424205,0.0065084571689744365,136.88095295349555,8188.383272862094,approach,approach,handover->approach,0.0065084571689744365,0.0065084571689744365,1.8,1.0,0.0,1.0,feasible_with_soft_violation,,,,,,,,,,,,0.0,0,,0.0,,pass,10,0.1,,,left_bypass,,,,,,0.08,0.08,,0.0,,,,soft,,True,False,False,,,,,,,passed,1,False,False,,,0.0,
arm,arm_c0001,rolling_window,50,0,50,0.14104745901627028,0.011663999999999985,9.743963968495213e-09,1.7345262262191152,0.0,0.0,0.053752969879618306,0.0,13.305934978142131,0.006515515953111291,136.8742715802832,8325.257544442376,approach,approach,handover->approach,0.006515515953111291,0.006515515953111291,1.8,1.0,0.0,1.0,feasible_with_soft_violation,,,,,,,,,,,,0.0,0,,0.0,,pass,10,0.1,,,left_bypass,,,,,,0.08,0.08,,0.0,,,,soft,,True,False,False,,,,,,,passed,1,False,False,,,0.0,
arm,arm_c0001,rolling_window,51,0,51,0.14104026357341126,0.01166399999999999,9.192923573851964e-09,1.7362909595441094,0.0,0.0,0.05354037305390568,0.0,13.30519413206487,0.006522584963547708,136.86792061370622,8462.125465056082,approach,approach,handover->approach,0.006522584963547708,0.006522584963547708,1.8,1.0,0.0,1.0,feasible_with_soft_violation,,,,,,,,,,,,0.0,0,,0.0,,pass,10,0.1,,,left_bypass,,,,,,0.08,0.08,,0.0,,,,soft,,True,False,False,,,,,,,passed,1,False,False,,,0.0,
arm,arm_c0001,rolling_window,52,0,52,0.14103347597369592,0.011663999999999999,8.67300459334389e-09,1.738006743093865,0.0,0.0,0.053325403397828375,0.0,13.304495279860927,0.006529651825346079,136.86187815151547,8598.987343207598,approach,approach,handover->approach,0.006529651825346079,0.006529651825346079,1.8,1.0,0.0,1.0,feasible_with_soft_violation,,,,,,,,,,,,0.0,0,,0.0,,pass,10,0.1,,,left_bypass,,,,,,0.08,0.08,,0.0,,,,soft,,True,False,False,,,,,,,passed,1,False,False,,,0.0,
arm,arm_c0001,rolling_window,53,0,53,0.1410270730921124,0.011663999999999994,8.182444970415242e-09,1.7396748883770474,0.0,1.925929944387236e-34,0.05310815867952567,0.0,13.303836039612285,0.006536705202505888,136.85612366713042,8735.843466874729,approach,approach,handover->approach,0.006536705202505888,0.006536705202505888,1.8,1.0,0.0,1.0,feasible_with_soft_violation,,,,,,,,,,,,0.0,0,,0.0,,pass,10,0.1,,,left_bypass,,,,,,0.08,0.08,,0.0,,,,soft,,True,False,False,,,,,,,passed,1,False,False,,,0.0,
arm,arm_c0001,rolling_window,54,0,54,0.1410210331199959,0.011663999999999999,7.719585279051523e-09,1.7412966730571253,0.0,0.0,0.05288873541945708,0.0,13.30321416523816,0.006543734729622236,136.85063792220217,8872.69410479693,approach,approach,handover->approach,0.006543734729622236,0.006543734729622236,1.8,1.0,0.0,1.0,feasible_with_soft_violation,,,,,,,,,,,,0.0,0,,0.0,,pass,10,0.1,,,left_bypass,,,,,,0.08,0.08,,0.0,,,,soft,,True,False,False,,,,,,,passed,1,False,False,,,0.0,
arm,arm_c0001,rolling_window,55,0,55,0.14101533548839734,0.01166399999999999,7.2828618001152796e-09,1.7428733419846747,0.0,0.0,0.05266722860884387,0.0,13.302627538517445,0.006550730947657875,136.84540288567558,9009.539507682606,approach,approach,handover->approach,0.006550730947657875,0.006550730947657875,1.8,1.0,0.0,1.0,feasible_with_soft_violation,,,,,,,,,,,,0.0,0,,0.0,,pass,10,0.1,,,left_bypass,,,,,,0.08,0.08,,0.0,,,,soft,,True,False,False,,,,,,,passed,1,False,False,,,0.0,
arm,arm_c0001,rolling_window,56,0,56,0.14100996079640266,0.011663999999999999,6.8708003269373955e-09,1.7444061081534616,0.0,1.925929944387236e-34,0.05244373148432615,0.0,13.30207416164475,0.006557685243592316,136.84040165862476,9146.37990934123,approach,approach,handover->approach,0.006557685243592316,0.006557685243592316,1.8,1.0,0.0,1.0,feasible_with_soft_violation,,,,,,,,,,,,0.0,0,,0.0,,pass,10,0.1,,,left_bypass,,,,,,0.08,0.08,,0.0,,,,soft,,True,False,False,,,,,,,passed,1,False,False,,,0.0,
arm,arm_c0001,rolling_window,57,0,57,0.1410048907439492,0.011663999999999997,6.482010564207832e-09,1.7458961535914548,0.0,0.0,0.05221833535046944,0.0,13.301552150267298,0.006564589793724982,136.8356184042701,9283.2155277455,approach,approach,handover->approach,0.006564589793724982,0.006564589793724982,1.8,1.0,0.0,1.0,feasible_with_soft_violation,,,,,,,,,,,,0.0,0,,0.0,,pass,10,0.1,,,left_bypass,,,,,,0.08,0.08,,0.0,,,,soft,,True,False,False,,,,,,,passed,1,False,False,,,0.0,
arm,arm_c0001,rolling_window,58,0,58,0.14100010806876398,0.01166399999999999,6.115181018034135e-09,1.7473446301961904,0.0,0.0,0.051991129442913335,0.0,13.301059726958895,0.006571437510421586,136.83103828268386,9420.046566028184,approach,approach,handover->approach,0.006571437510421586,0.006571437510421586,1.8,1.0,0.0,1.0,feasible_with_soft_violation,,,,,,,,,,,,0.0,0,,0.0,,pass,10,0.1,,,left_bypass,,,,,,0.08,0.08,,0.0,,,,soft,,True,False,False,,,,,,,passed,1,False,False,,,0.0,
arm,arm_c0001,rolling_window,59,0,59,0.14099559648709828,0.011663999999999999,5.769074298942353e-09,1.7487526605224433,0.0,0.0,0.051762200825956645,0.0,13.300595215094168,0.006578221992104494,136.82664738976675,9556.873213417952,approach,approach,handover->approach,0.006578221992104494,0.006578221992104494,1.8,1.0,0.0,1.0,feasible_with_soft_violation,,,,,,,,,,,,0.0,0,,0.0,,pass,10,0.1,,,left_bypass,,,,,,0.08,0.08,,0.0,,,,soft,,True,False,False,,,,,,,passed,1,False,False,,,0.0,
arm,arm_c0001,rolling_window,60,0,60,0.14099134063797997,0.011663999999999997,5.442522778791906e-09,1.7501213385289227,0.0,0.0,0.05153163431924185,0.0,13.300157033091725,0.00658493747629925,136.8224327001408,9693.695646118093,approach,approach,handover->approach,0.00658493747629925,0.00658493747629925,1.8,1.0,0.0,1.0,feasible_with_soft_violation,,,,,,,,,,,,0.0,0,,0.0,,pass,10,0.1,,,left_bypass,,,,,,0.08,0.08,,0.0,,,,soft,,True,False,False,,,,,,,passed,1,False,False,,,0.0,
arm,arm_c0001,rolling_window,61,0,61,0.14098732603073594,0.011663999999999997,5.134424554761716e-09,1.7514517302896069,0.0,0.0,0.0512995124489512,0.0,13.299743688999015,0.006591578795559479,136.8183820136497,9830.514028131742,approach,approach,handover->approach,0.006591578795559479,0.006591578795559479,1.8,1.0,0.0,1.0,feasible_with_soft_violation,,,,,,,,,,,,0.0,0,,0.0,,pass,10,0.1,,,left_bypass,,,,,,0.08,0.08,,0.0,,,,soft,,True,False,False,,,,,,,passed,1,False,False,,,0.0,
arm,arm_c0001,rolling_window,62,0,62,0.14098353899556704,0.011663999999999994,4.843739684532524e-09,1.752744874674472,0.0,0.0,0.051065915419575406,0.0,13.299353775394925,0.006598141336102914,136.81448390519557,9967.328512036936,approach,approach,handover->approach,0.006598141336102914,0.006598141336102914,1.8,1.0,0.0,1.0,feasible_with_soft_violation,,,,,,,,,,,,0.0,0,,0.0,,pass,10,0.1,,,left_bypass,,,,,,0.08,0.08,,0.0,,,,soft,,True,False,False,,,,,,,passed,1,False,False,,,0.0,
arm,arm_c0001,rolling_window,63,0,63,0.1409799666369762,0.011663999999999999,4.569486663573285e-09,1.7540017840035613,0.0,0.0,0.05083092110287603,0.0,13.298985964588837,0.00660462099900009,136.81072767767245,10104.139239714608,approach,approach,handover->approach,0.00660462099900009,0.00660462099900009,1.8,1.0,0.0,1.0,feasible_with_soft_violation,,,,,,,,,,,,0.0,0,,0.0,,pass,10,0.1,,,left_bypass,,,,,,0.08,0.08,,0.0,,,,soft,,True,False,False,,,,,,,passed,1,False,False,,,0.0,
arm,arm_c0001,rolling_window,64,0,64,0.1409765967898728,0.011663999999999999,4.310739120957921e-09,1.7552234446777124,0.0,0.0,0.05059460504114652,0.0,13.298639004096922,0.0066110141637666445,136.80710331778013,10240.946343032389,approach,approach,handover->approach,0.0066110141637666445,0.0066110141637666445,1.8,1.0,0.0,1.0,feasible_with_soft_violation,,,,,,,,,,,,0.0,0,,0.0,,pass,10,0.1,,,left_bypass,,,,,,0.08,0.08,,0.0,,,,soft,,True,False,False,,,,,,,passed,1,False,False,,,0.0,
arm,arm_c0001,rolling_window,65,0,65,0.1409734179781864,0.011663999999999997,4.0666227149055306e-09,1.7564108177886948,0.0,0.0,0.05035704046229354,0.0,13.298311712378382,0.006617317654218292,136.80360145452636,10377.749944486915,approach,approach,handover->approach,0.006617317654218292,0.006617317654218292,1.8,1.0,0.0,1.0,feasible_with_soft_violation,,,,,,,,,,,,0.0,0,,0.0,,pass,10,0.1,,,left_bypass,,,,,,0.08,0.08,,0.0,,,,soft,,True,False,False,,,,,,,passed,1,False,False,,,0.0,
arm,arm_c0001,rolling_window,66,0,66,0.14097041937584273,0.011663999999999999,3.8363122112811155e-09,1.757564839711061,0.0,0.0,0.05011829830462042,0.0,13.298002974815518,0.006623528706455528,136.8002133202373,10514.550157807153,approach,approach,handover->approach,0.006623528706455528,0.006623528706455528,1.8,1.0,0.0,1.0,feasible_with_soft_violation,,,,,,,,,,,,0.0,0,,0.0,,pass,10,0.1,,,left_bypass,,,,,,0.08,0.08,,0.0,,,,soft,,True,False,False,,,,,,,passed,1,False,False,,,0.0,
arm,arm_c0001,rolling_window,67,0,67,0.14096759076995777,0.011663999999999987,3.619028731890371e-09,1.758686422677596,0.0,0.0,0.049878447249504645,0.0,13.297711739923193,0.006629644938853012,136.7969307139181,10651.34708852107,approach,approach,handover->approach,0.006629644938853012,0.006629644938853012,1.8,1.0,0.0,1.0,feasible_with_soft_violation,,,,,,,,,,,,0.0,0,,0.0,,pass,10,0.1,,,left_bypass,,,,,,0.08,0.08,,0.0,,,,soft,,True,False,False,,,,,,,passed,1,False,False,,,0.0,
arm,arm_c0001,rolling_window,68,0,68,0.1409649225261236,0.011663999999999997,3.414037160273855e-09,1.759776455339956,0.0,0.0,0.049637553760428374,0.0,13.297437015773811,0.006635664323934964,136.79374596681114,10788.140834487882,approach,approach,handover->approach,0.006635664323934964,0.006635664323934964,1.8,1.0,0.0,1.0,feasible_with_soft_violation,,,,,,,,,,,,0.0,0,,0.0,,pass,10,0.1,,,left_bypass,,,,,,0.08,0.08,,0.0,,,,soft,,True,False,False,,,,,,,passed,1,False,False,,,0.0,
arm,arm_c0001,rolling_window,69,0,69,0.14096240555566186,0.011663999999999987,3.2206436943135453e-09,1.760835803315766,0.0,1.925929944387236e-34,0.049395682127051074,0.0,13.29717786662548,0.006641585162025549,136.79065191001752,10924.9314863979,approach,approach,handover->approach,0.006641585162025549,0.006641585162025549,1.8,1.0,0.0,1.0,feasible_with_soft_violation,,,,,,,,,,,,0.0,0,,0.0,,pass,10,0.1,,,left_bypass,,,,,,0.08,0.08,,0.0,,,,soft,,True,False,False,,,,,,,passed,1,False,False,,,0.0,
arm,arm_c0001,rolling_window,70,0,70,0.14096003128473342,0.011663999999999987,3.0381935372506943e-09,1.7618653097232597,0.0,0.0,0.049152894513210796,0.0,13.29693340974132,0.006647406056568742,136.7876418440527,11061.719128241952,approach,approach,handover->approach,0.006647406056568742,0.006647406056568742,1.8,1.0,0.0,1.0,feasible_with_soft_violation,,,,,,,,,,,,0.0,0,,0.0,,pass,10,0.1,,,left_bypass,,,,,,0.08,0.08,,0.0,,,,soft,,True,False,False,,,,,,,passed,1,False,False,,,0.0,
arm,arm_c0001,rolling_window,71,0,71,0.14095779162519662,0.011663999999999997,2.8660687172428845e-09,1.7628657957043212,0.0,0.0,0.048909251007911735,0.0,13.296702812389057,0.006653125891018829,136.78470951021788,11198.503837752169,approach,approach,handover->approach,0.006653125891018829,0.006653125891018829,1.8,1.0,0.0,1.0,feasible_with_soft_violation,,,,,,,,,,,,0.0,0,,0.0,,pass,10,0.1,,,left_bypass,,,,,,0.08,0.08,,0.0,,,,soft,,True,False,False,,,,,,,passed,1,False,False,,,0.0,
arm,arm_c0001,rolling_window,72,0,72,0.0977433706260094,0.01166399999999999,0.00877672782232945,1.7598265563862998,0.0,0.0,0.051502307955240655,0.0,9.46337272700014,0.006663644791434695,98.43043055682249,11296.93426830899,approach,approach,handover->approach,0.006663644791434695,0.006663644791434695,1.8,1.0,0.0,1.0,feasible_with_soft_violation,,,,,,,,,,,,0.0,0,,0.0,,pass,10,0.1,,,left_bypass,,,,,,0.08,0.08,,0.0,,,,soft,,True,False,False,,,,,,,passed,1,False,False,,,0.0,
arm,arm_c0001,rolling_window,73,0,73,0.0948595855962022,0.011663999999999999,3.1376013796142457e-06,1.7574141324314299,0.0,0.0,0.05376930541349775,0.0,9.110700040839006,0.0066742040252149365,94.91741392206853,11391.85168223106,approach,approach,handover->approach,0.0066742040252149365,0.0066742040252149365,1.8,1.0,0.0,1.0,feasible_with_soft_violation,,,,,,,,,,,,0.0,0,,0.0,,pass,10,0.1,,,left_bypass,,,,,,0.08,0.08,,0.0,,,,soft,,True,False,False,,,,,,,passed,1,False,False,,,0.0,
arm,arm_c0001,rolling_window,74,0,74,0.09262894214146764,0.011663999999999994,3.2285914162129797e-06,1.7556140108787206,0.0,0.0,0.05568544484133319,0.0,8.83235803887855,0.0066847534438752776,92.14770555152803,11483.999387782587,approach,approach,handover->approach,0.0066847534438752776,0.0066847534438752776,1.8,1.0,0.0,1.0,feasible_with_soft_violation,,,,,,,,,,,,0.0,0,,0.0,,pass,10,0.1,,,left_bypass,,,,,,0.08,0.08,,0.0,,,,soft,,True,False,False,,,,,,,passed,1,False,False,,,0.0,
arm,arm_c0001,rolling_window,75,0,75,0.0909322260635413,0.011663999999999999,3.044404101134729e-06,1.7543770395648264,0.0,0.0,0.05725340433807178,0.0,8.617162144448113,0.006695246930950293,90.00752388788479,11574.006911670473,approach,approach,handover->approach,0.006695246930950293,0.006695246930950293,1.8,1.0,0.0,1.0,feasible_with_soft_violation,,,,,,,,,,,,0.0,0,,0.0,,pass,10,0.1,,,left_bypass,,,,,,0.08,0.08,,0.0,,,,soft,,True,False,False,,,,,,,passed,1,False,False,,,0.0,
arm,arm_c0001,rolling_window,76,0,76,0.08965858488213758,0.011663999999999999,2.684075623166071e-06,1.753633101725312,0.0,0.0,0.058496711843959756,0.0,8.45353923826084,0.00670564441846897,88.38113589468776,11662.38804756516,approach,approach,handover->approach,0.00670564441846897,0.00670564441846897,1.8,1.0,0.0,1.0,feasible_with_soft_violation,,,,,,,,,,,,0.0,0,,0.0,,pass,10,0.1,,,left_bypass,,,,,,0.08,0.08,,0.0,,,,soft,,True,False,False,,,,,,,passed,1,False,False,,,0.0,
arm,arm_c0001,rolling_window,77,0,77,0.0887121826338465,0.011663999999999987,2.2477851110976034e-06,1.7533037433409457,0.0,0.0,0.059451891311891665,0.0,8.330752750497075,0.006715912651642346,87.16130401359753,11749.549351578758,approach,approach,handover->approach,0.006715912651642346,0.006715912651642346,1.8,1.0,0.0,1.0,feasible_with_soft_violation,,,,,,,,,,,,0.0,0,,0.0,,pass,10,0.1,,,left_bypass,,,,,,0.08,0.08,,0.0,,,,soft,,True,False,False,,,,,,,passed,1,False,False,,,0.0,
arm,arm_c0001,rolling_window,78,0,78,0.08801427302958402,0.011663999999999987,1.8105736093897895e-06,1.7533115432130586,0.0,0.0,0.060161228082724824,0.0,8.239535110366567,0.006726025034126144,86.255557247489,11835.804908826247,approach,approach,handover->approach,0.006726025034126144,0.006726025034126144,1.8,1.0,0.0,1.0,feasible_with_soft_violation,,,,,,,,,,,,0.0,0,,0.0,,pass,10,0.1,,,left_bypass,,,,,,0.08,0.08,,0.0,,,,soft,,True,False,False,,,,,,,passed,1,False,False,,,0.0,
arm,arm_c0001,rolling_window,79,0,79,0.08750246313155009,0.011663999999999999,1.416592684792039e-06,1.7535858484002462,0.0,0.0,0.06066721835542223,0.0,8.172279792257456,0.00673596094046731,85.58806570158023,11921.392974527827,approach,approach,handover->approach,0.00673596094046731,0.00673596094046731,1.8,1.0,0.0,1.0,feasible_with_soft_violation,,,,,,,,,,,,0.0,0,,0.0,,pass,10,0.1,,,left_bypass,,,,,,0.08,0.08,,0.0,,,,soft,,True,False,False,,,,,,,passed,1,False,False,,,0.0,
arm,arm_c0001,rolling_window,80,0,80,0.08712859920324013,0.01166399999999999,1.0847983024707032e-06,1.7540655044871232,0.0,0.0,0.06100899911717414,0.0,8.122964703586746,0.006745704809631529,85.09884156089818,12006.491816088726,approach,approach,handover->approach,0.006745704809631529,0.006745704809631529,1.8,1.0,0.0,1.0,feasible_with_soft_violation,,,,,,,,,,,,0.0,0,,0.0,,pass,10,0.1,,,left_bypass,,,,,,0.08,0.08,,0.0,,,,soft,,True,False,False,,,,,,,passed,1,False,False,,,0.0,
arm,arm_c0001,rolling_window,81,0,81,0.08685621787306284,0.01166399999999999,8.178324631405398e-07,1.7546995168613024,0.0,0.0,0.061220527324429,0.0,8.086944754696212,0.0067552452229472084,84.7416452224422,12091.233461311169,approach,approach,handover->approach,0.0067552452229472084,0.0067552452229472084,1.8,1.0,0.0,1.0,feasible_with_soft_violation,,,,,,,,,,,,0.0,0,,0.0,,pass,10,0.1,,,left_bypass,,,,,,0.08,0.08,,0.0,,,,soft,,True,False,False,,,,,,,passed,1,False,False,,,0.0,
arm,arm_c0001,rolling_window,82,0,82,0.08665808626122043,0.011663999999999999,6.097081312243344e-07,1.755446494091299,0.0,0.0,0.06133003938468115,0.0,8.060704001430688,0.006764574073199426,84.48149785386728,12175.714959165036,approach,approach,handover->approach,0.006764574073199426,0.006764574073199426,1.8,1.0,0.0,1.0,feasible_with_soft_violation,,,,,,,,,,,,0.0,0,,0.0,,pass,10,0.1,,,left_bypass,,,,,,0.08,0.08,,0.0,,,,soft,,True,False,False,,,,,,,passed,1,False,False,,,0.0,
arm,arm_c0001,rolling_window,83,0,83,0.08651406726403442,0.011663999999999997,4.5101505782639143e-07,1.756273499534829,0.0,0.0,0.061360304186683375,0.0,8.041617322408728,0.0067736858656578655,84.29229649431515,12260.007255659351,approach,approach,handover->approach,0.0067736858656578655,0.0067736858656578655,1.8,1.0,0.0,1.0,feasible_with_soft_violation,,,,,,,,,,,,0.0,0,,0.0,,pass,10,0.1,,,left_bypass,,,,,,0.08,0.08,,0.0,,,,soft,,True,False,False,,,,,,,passed,1,False,False,,,0.0,
arm,arm_c0001,rolling_window,84,0,84,0.07849170925316333,0.011663999999999999,3.318929637216252e-07,1.7710460591749664,0.0,0.0,0.0681719843910906,0.0,8.02774401342257,0.009652331176791146,84.2460057226369,12344.253261381988,approach,approach,handover->approach,0.009652331176791146,0.009652331176791146,1.8,1.0,0.0,1.0,feasible_with_soft_violation,,,,,,,,,,,,0.0,0,,0.0,,pass,10,0.1,,,left_bypass,,,,,,0.08,0.08,,0.0,,,,soft,,True,False,False,,,,,,,passed,1,False,False,,,0.0,
arm,arm_c0001,rolling_window,85,0,85,0.07255681293011645,0.011663999999999999,1.4647461659687357e-05,1.737870574976323,0.0,0.0,0.06960298952795936,0.0,7.255681293011645,0.011772360384383427,76.47828072354464,12420.731542105532,approach,approach,handover->approach,0.011772360384383427,0.011772360384383427,1.8,1.0,0.0,1.0,feasible_with_soft_violation,,,,,,,,,,,,0.0,0,,0.0,,pass,10,0.1,,,left_bypass,,,,,,0.08,0.08,,0.0,,,,soft,,True,False,False,,,,,,,passed,1,False,False,,,0.0,
arm,arm_c0001,rolling_window,86,0,86,0.06685519660706958,0.011663999999999997,6.259272319258516e-34,1.7060550403677635,0.0,0.0,0.07104683913507064,0.0,6.685519660706953,0.014125669591975705,70.73283700687324,12491.464379112405,approach,approach,handover->approach,0.014125669591975705,0.014125669591975705,1.8,1.0,0.0,1.0,feasible_with_soft_violation,,,,,,,,,,,,0.0,0,,0.0,,pass,10,0.1,,,left_bypass,,,,,,0.08,0.08,,0.0,,,,soft,,True,False,False,,,,,,,passed,1,False,False,,,0.0,
arm,arm_c0001,rolling_window,87,0,87,0.061386860284022654,0.011663999999999999,2.4074124304840452e-34,1.6759231061515032,0.0,0.0,0.07250261086515442,0.0,6.138686028402266,0.01671225879956798,65.22452576163008,12556.688904874036,approach,approach,handover->approach,0.01671225879956798,0.01671225879956798,1.8,1.0,0.0,1.0,feasible_with_soft_violation,,,,,,,,,,,,0.0,0,,0.0,,pass,10,0.1,,,left_bypass,,,,,,0.08,0.08,,0.0,,,,soft,,True,False,False,,,,,,,passed,1,False,False,,,0.0,
arm,arm_c0001,rolling_window,88,0,88,0.05615180396097578,0.01166399999999999,6.841866127435655e-32,1.64770151757853,0.0,0.0,0.07396878209846423,0.0,5.615180396097575,0.01953212800716025,59.95373697357704,12616.642641847613,approach,approach,handover->approach,0.01953212800716025,0.01953212800716025,1.8,1.0,0.0,1.0,feasible_with_soft_violation,,,,,,,,,,,,0.0,0,,0.0,,pass,10,0.1,,,left_bypass,,,,,,0.08,0.08,,0.0,,,,soft,,True,False,False,,,,,,,passed,1,False,False,,,0.0,
arm,arm_c0001,rolling_window,89,0,89,0.051150027637928884,0.011663999999999999,2.1474118879917677e-32,1.6215097488185646,0.0,0.0,0.07544265143831949,0.0,5.115002763792887,0.022585277214752526,54.92065868225291,12671.563300529866,approach,approach,handover->approach,0.022585277214752526,0.022585277214752526,1.8,1.0,0.0,1.0,feasible_with_soft_violation,,,,,,,,,,,,0.0,0,,0.0,,pass,10,0.1,,,left_bypass,,,,,,0.08,0.08,,0.0,,,,soft,,True,False,False,,,,,,,passed,1,False,False,,,0.0,
arm,arm_c0001,rolling_window,90,0,90,0.04638153131488199,0.011663999999999999,2.8888949165808534e-34,1.5972265567569042,0.0,0.0,0.0769189419018593,0.0,4.6381531314882,0.025871706422344803,50.12501988022259,12721.688320410089,approach,approach,handover->approach,0.025871706422344803,0.025871706422344803,1.8,1.0,0.0,1.0,feasible_with_soft_violation,,,,,,,,,,,,0.0,0,,0.0,,pass,10,0.1,,,left_bypass,,,,,,0.08,0.08,,0.0,,,,soft,,True,False,False,,,,,,,passed,1,False,False,,,0.0,
arm,arm_c0001,rolling_window,91,0,91,0.041846314991835096,0.011663999999999999,4.81482486096809e-35,1.5747699979633283,0.0,0.0,0.07838585820969111,0.0,4.18463149918351,0.02939141562993709,45.56655511651771,12767.254875526607,approach,approach,handover->approach,0.02939141562993709,0.02939141562993709,1.8,1.0,0.0,1.0,feasible_with_soft_violation,,,,,,,,,,,,0.0,0,,0.0,,pass,10,0.1,,,left_bypass,,,,,,0.08,0.08,,0.0,,,,soft,,True,False,False,,,,,,,passed,1,False,False,,,0.0,
arm,arm_c0001,rolling_window,92,0,92,0.0375443786687882,0.011663999999999999,2.4074124304840452e-34,1.55404572843103,0.0,0.0,0.07981118901309736,0.0,3.7544378668788205,0.03314440483752936,41.24477245843888,12808.499647985045,approach,approach,handover->approach,0.03314440483752936,0.03314440483752936,1.8,1.0,0.0,1.0,feasible_with_soft_violation,,,,,,,,,,,,0.0,0,,0.0,,pass,10,0.1,,,left_bypass,,,,,,0.08,0.08,,0.0,,,,soft,,True,False,False,,,,,,,passed,1,False,False,,,0.0,
arm,arm_c0001,rolling_window,93,0,93,0.03347572234574131,0.011663999999999999,1.925929944387236e-34,1.5349135856929514,0.0,0.0,0.08107491765168354,0.0,3.3475722345741312,0.03713067404512164,37.158219446941445,12845.657867431986,approach,approach,handover->approach,0.03713067404512164,0.03713067404512164,1.8,1.0,0.0,1.0,feasible_with_soft_violation,,,,,,,,,,,,0.0,0,,0.0,,pass,10,0.1,,,left_bypass,,,,,,0.08,0.08,,0.0,,,,soft,,True,False,False,,,,,,,passed,1,False,False,,,0.0,
arm,arm_c0001,rolling_window,94,0,94,0.02964034602269442,0.011663999999999999,4.81482486096809e-35,1.5172015156623235,0.0,0.0,0.08158046977185111,0.0,2.9640346022694417,0.04135022325271392,33.30062064113323,12878.95848807312,approach,approach,handover->approach,0.04135022325271392,0.04135022325271392,1.8,1.0,0.0,1.0,feasible_with_soft_violation,,,,,,,,,,,,0.0,0,,0.0,,pass,10,0.1,,,left_bypass,,,,,,0.08,0.08,,0.0,,,,soft,,True,False,False,,,,,,,passed,1,False,False,,,0.0,
arm,arm_c0001,rolling_window,95,0,95,0.026038249699647537,0.011663999999999999,0.0,1.5007184858369018,0.0,0.0,0.08037166579382984,0.0,2.6038249699647524,0.04580305246030619,29.662070386712507,12908.620558459832,approach,approach,handover->approach,0.04580305246030619,0.04580305246030619,1.8,1.0,0.0,1.0,feasible_with_soft_violation,,,,,,,,,,,,0.0,0,,0.0,,pass,10,0.1,,,left_bypass,,,,,,0.08,0.08,,0.0,,,,soft,,True,False,False,,,,,,,passed,1,False,False,,,0.0,
arm,arm_c0001,rolling_window,96,0,96,0.022669433376600646,0.011663999999999999,9.629649721936181e-35,1.4852658008838902,0.0,0.0,0.07838995722093726,0.0,2.266943337660064,0.05048916166789847,26.251625547113406,12934.872184006945,approach,approach,handover->approach,0.05048916166789847,0.05048916166789847,1.8,1.0,0.0,1.0,feasible_with_soft_violation,,,,,,,,,,,,0.0,0,,0.0,,pass,10,0.1,,,left_bypass,,,,,,0.08,0.08,,0.0,,,,soft,,True,False,False,,,,,,,passed,1,False,False,,,0.0,
arm,arm_c0001,rolling_window,97,0,97,0.019533897053553753,0.011663999999999999,0.0,1.4706464680196527,0.0,0.0,0.07625766000610812,0.0,1.953389705355375,0.05540855087549075,23.075154694854742,12957.947338701799,approach,approach,handover->approach,0.05540855087549075,0.05540855087549075,1.8,1.0,0.0,1.0,feasible_with_soft_violation,,,,,,,,,,,,0.0,0,,0.0,,pass,10,0.1,,,left_bypass,,,,,,0.08,0.08,,0.0,,,,soft,,True,False,False,,,,,,,passed,1,False,False,,,0.0,
arm,arm_c0001,rolling_window,98,0,98,0.01663164073050686,0.011663999999999999,0.0,1.4566724716955552,0.0,0.0,0.07409995192441518,0.0,1.6631640730506858,0.060561220083083026,20.133571179699686,12978.080909881499,approach,approach,handover->approach,0.060561220083083026,0.060561220083083026,1.8,1.0,0.0,1.0,feasible_with_soft_violation,,,,,,,,,,,,0.0,0,,0.0,,pass,10,0.1,,,left_bypass,,,,,,0.08,0.08,,0.0,,,,soft,,True,False,False,,,,,,,passed,1,False,False,,,0.0,
arm,arm_c0001,rolling_window,99,0,99,0.013962664407459965,0.011663999999999999,9.629649721936181e-35,1.4431699946297027,0.0,0.0,0.07204475315368973,0.0,1.3962664407459964,0.06594716929067532,17.42784133231914,12995.508751213818,approach,approach,handover->approach,0.06594716929067532,0.06594716929067532,1.8,1.0,0.0,1.0,feasible_with_soft_violation,,,,,,,,,,,,0.0,0,,0.0,,pass,10,0.1,,,left_bypass,,,,,,0.08,0.08,,0.0,,,,soft,,True,False,False,,,,,,,passed,1,False,False,,,0.0,
arm,arm_c0001,rolling_window,100,0,100,0.011526968084413078,0.011663999999999999,9.629649721936181e-35,1.4299827567227852,0.0,0.0,0.0700968426648047,0.0,1.1526968084413072,0.07156639849826757,14.957731638243082,13010.466482852062,approach,approach,handover->approach,0.07156639849826757,0.07156639849826757,1.8,1.0,0.0,1.0,feasible_with_soft_violation,,,,,,,,,,,,0.0,0,,0.0,,pass,10,0.1,,,left_bypass,,,,,,0.08,0.08,,0.0,,,,soft,,True,False,False,,,,,,,passed,1,False,False,,,0.0,
arm,arm_c0001,rolling_window,101,0,101,0.009324551761366186,0.011663999999999999,0.0,1.4169737326422664,0.0,0.0,0.0681755514749817,0.0,0.9324551761366187,0.07741890770585985,12.722188762045171,13023.188671614107,approach,approach,handover->approach,0.07741890770585985,0.07741890770585985,1.8,1.0,0.0,1.0,feasible_with_soft_violation,,,,,,,,,,,,0.0,0,,0.0,,pass,10,0.1,,,left_bypass,,,,,,0.08,0.08,,0.0,,,,soft,,True,False,False,,,,,,,passed,1,False,False,,,0.0,
arm,arm_c0001,rolling_window,102,0,102,0.007355415438319294,0.011663999999999999,1.925929944387236e-34,1.404025555676971,0.0,0.0,0.0675582368625926,0.0,0.7355415438319294,0.08350469691345212,10.733775016428993,13033.922446630537,approach,approach,handover->approach,0.08350469691345212,0.08350469691345212,1.8,1.0,0.0,1.0,feasible_with_soft_violation,,,,,,,,,,,,0.0,0,,0.0,,pass,10,0.1,,,left_bypass,,,,,,0.08,0.08,,0.0,,,,soft,,True,False,False,,,,,,,passed,1,False,False,,,0.0,
arm,arm_c0001,rolling_window,103,0,103,0.005619559115272402,0.011663999999999999,4.81482486096809e-35,1.391039926207886,0.0,0.0,0.06606966833261535,0.0,0.5619559115272403,0.08982376612104441,8.970561157130113,13042.893007787667,approach,approach,handover->approach,0.08982376612104441,0.08982376612104441,1.8,1.0,0.0,1.0,feasible_with_soft_violation,,,,,,,,,,,,0.0,0,,0.0,,pass,10,0.1,,,left_bypass,,,,,,0.08,0.08,,0.0,,,,soft,,True,False,False,,,,,,,passed,1,False,False,,,0.0,
arm,arm_c0001,rolling_window,104,0,104,0.004116982792225513,0.011663999999999999,4.81482486096809e-35,1.377936326126878,0.0,0.0,0.06276119084744777,0.0,0.4116982792225513,0.0963761153286367,7.422915701177869,13050.315923488844,approach,approach,handover->approach,0.0963761153286367,0.0963761153286367,1.8,1.0,0.0,1.0,feasible_with_soft_violation,,,,,,,,,,,,0.0,0,,0.0,,pass,10,0.1,,,left_bypass,,,,,,0.08,0.08,,0.0,,,,soft,,True,False,False,,,,,,,passed,1,False,False,,,0.0,
arm,arm_c0001,rolling_window,105,0,105,0.0028476864691786216,0.011663999999999997,1.925929944387236e-34,1.3646503046360277,0.0,0.0,0.05854034358630518,0.0,0.28476864691786224,0.10316174453622898,6.099798028928161,13056.415721517773,approach,approach,handover->approach,0.10316174453622898,0.10316174453622898,1.8,1.0,0.0,1.0,feasible_with_soft_violation,,,,,,,,,,,,0.0,0,,0.0,,pass,10,0.1,,,left_bypass,,,,,,0.08,0.08,,0.0,,,,soft,,True,False,False,,,,,,,passed,1,False,False,,,0.0,
arm,arm_c0001,rolling_window,106,0,106,0.0018116701461317307,0.011663999999999999,9.629649721936181e-35,1.3511315544023612,0.0,0.0,0.053973579292254006,0.0,0.18116701461317308,0.11018065374382124,5.006782114612296,13061.422503632386,approach,approach,handover->approach,0.11018065374382124,0.11018065374382124,1.8,1.0,0.0,1.0,feasible_with_soft_violation,,,,,,,,,,,,0.0,0,,0.0,,pass,10,0.1,,,left_bypass,,,,,,0.08,0.08,,0.0,,,,soft,,True,False,False,,,,,,,passed,1,False,False,,,0.0,
arm,arm_c0001,rolling_window,107,0,107,0.0010089338230848404,0.011663999999999999,6.7407548053553255e-34,1.337341947061611,0.0,0.0,0.04933882072690052,0.0,0.10089338230848405,0.11743284295141355,4.146578554790658,13065.569082187176,approach,approach,handover->approach,0.11743284295141355,0.11743284295141355,1.8,1.0,0.0,1.0,feasible_with_soft_violation,,,,,,,,,,,,0.0,0,,0.0,,pass,10,0.1,,,left_bypass,,,,,,0.08,0.08,,0.0,,,,soft,,True,False,False,,,,,,,passed,1,False,False,,,0.0,
arm,arm_c0001,rolling_window,108,0,108,0.0004394775000379493,0.011663999999999999,1.988522667579821e-32,1.3232536489200293,0.0,0.0,0.04477228616072164,0.0,0.04394775000379498,0.12491831215900583,3.520499431519269,13069.089581618695,approach,approach,handover->approach,0.12491831215900583,0.12491831215900583,1.8,1.0,0.0,1.0,feasible_with_soft_violation,,,,,,,,,,,,0.0,0,,0.0,,pass,10,0.1,,,left_bypass,,,,,,0.08,0.08,,0.0,,,,soft,,True,False,False,,,,,,,passed,1,False,False,,,0.0,
arm,arm_c0001,rolling_window,109,0,109,0.00010330117699105906,0.011663999999999999,2.1233377636869275e-32,1.3088473949971964,0.0,0.0,0.0406344871534546,0.0,0.010330117699105912,0.13263706136659809,3.1321151834307455,13072.221696802126,approach,approach,handover->approach,0.13263706136659809,0.13263706136659809,1.8,1.0,0.0,1.0,feasible_with_soft_violation,,,,,,,,,,,,0.0,0,,0.0,,pass,10,0.1,,,left_bypass,,,,,,0.08,0.08,,0.0,,,,soft,,True,False,False,,,,,,,passed,1,False,False,,,0.0,
arm,arm_c0001,rolling_window,110,0,110,0.0,0.010330117699105903,4.0485394416890264e-05,1.2949884536486858,0.0,0.0,0.04439844044650451,0.0,0.0,0.14011413027453948,3.0562329904305527,13075.277929792557,approach,approach,handover->approach,0.14011413027453948,0.14011413027453948,1.8,1.0,0.0,1.0,feasible_with_soft_violation,,,,,,,,,,,,0.0,0,,0.0,,pass,10,0.1,,,left_bypass,,,,,,0.08,0.08,,0.0,,,,soft,,True,False,False,,,,,,,passed,1,False,False,,,0.0,
arm,arm_c0001,rolling_window,111,0,111,2.680379949409564e-08,2.6803799494096596e-06,0.010000000000000009,1.2947627825823425,0.0,0.0,0.0441898576890516,0.0,2.6803799494097727e-06,0.14023626278305,3.0549712097461206,13078.332901002303,approach,approach,handover->approach,0.14023626278305,0.14023626278305,1.8,1.0,0.0,1.0,feasible_with_soft_violation,,,,,,,,,,,,0.0,0,,0.0,,pass,10,0.1,,,left_bypass,,,,,,0.08,0.08,,0.0,,,,soft,,True,False,False,,,,,,,passed,1,False,False,,,0.0,
arm,arm_c0001,rolling_window,112,0,112,0.0,2.6803799494095648e-06,1.0721519797638449e-05,1.2949884536486858,0.0,0.0,0.043850465140970143,0.0,0.0,0.14011413027453948,3.04971454086837,13081.38261554317,approach,approach,handover->approach,0.14011413027453948,0.14011413027453948,1.8,1.0,0.0,1.0,feasible_with_soft_violation,,,,,,,,,,,,0.0,0,,0.0,,pass,10,0.1,,,left_bypass,,,,,,0.08,0.08,,0.0,,,,soft,,True,False,False,,,,,,,passed,1,False,False,,,0.0,
arm,arm_c0001,rolling_window,113,0,113,0.0,0.0,2.6803799494095648e-06,1.2949884536486858,0.0,0.0,0.043577753480641516,0.0,0.0,0.14011413027453948,3.046985547999119,13084.42960109117,approach,approach,handover->approach,0.14011413027453948,0.14011413027453948,1.8,1.0,0.0,1.0,feasible_with_soft_violation,,,,,,,,,,,,0.0,0,,0.0,,pass,10,0.1,,,left_bypass,,,,,,0.08,0.08,,0.0,,,,soft,,True,False,False,,,,,,,passed,1,False,False,,,0.0,
arm,arm_c0001,rolling_window,114,0,114,0.0,0.0,0.0,1.2949884536486858,0.0,0.0,0.04330589248193861,0.0,0.0,0.14011413027453948,3.0442664019361,13087.473867493105,approach,approach,handover->approach,0.14011413027453948,0.14011413027453948,1.8,1.0,0.0,1.0,feasible_with_soft_violation,,,,,,,,,,,,0.0,0,,0.0,,pass,10,0.1,,,left_bypass,,,,,,0.08,0.08,,0.0,,,,soft,,True,False,False,,,,,,,passed,1,False,False,,,0.0,
arm,arm_c0001,rolling_window,115,0,115,0.0,0.0,0.0,1.2949884536486858,0.0,0.0,0.043034882144861425,0.0,0.0,0.14011413027453948,3.0415562985653284,13090.51542379167,approach,approach,handover->approach,0.14011413027453948,0.14011413027453948,1.8,1.0,0.0,1.0,feasible_with_soft_violation,,,,,,,,,,,,0.0,0,,0.0,,pass,10,0.1,,,left_bypass,,,,,,0.08,0.08,,0.0,,,,soft,,True,False,False,,,,,,,passed,1,False,False,,,0.0,
arm,arm_c0001,rolling_window,116,0,116,0.0,0.0,0.0,1.2949884536486858,0.0,0.0,0.04276472246940992,0.0,0.0,0.14011413027453948,3.038854701810813,13093.55427849348,approach,approach,handover->approach,0.14011413027453948,0.14011413027453948,1.8,1.0,0.0,1.0,feasible_with_soft_violation,,,,,,,,,,,,0.0,0,,0.0,,pass,10,0.1,,,left_bypass,,,,,,0.08,0.08,,0.0,,,,soft,,True,False,False,,,,,,,passed,1,False,False,,,0.0,
arm,arm_c0001,rolling_window,117,0,117,0.0,0.0,0.0,1.2949884536486858,0.0,0.0,0.04249541345558415,0.0,0.0,0.14011413027453948,3.0361616116725556,13096.590440105154,approach,approach,handover->approach,0.14011413027453948,0.14011413027453948,1.8,1.0,0.0,1.0,feasible_with_soft_violation,,,,,,,,,,,,0.0,0,,0.0,,pass,10,0.1,,,left_bypass,,,,,,0.08,0.08,,0.0,,,,soft,,True,False,False,,,,,,,passed,1,False,False,,,0.0,
arm,arm_c0001,rolling_window,118,0,118,0.0,0.0,0.0,1.2949884536486858,0.0,0.0,0.04222695510338406,0.0,0.0,0.14011413027453948,3.0334770281505548,13099.623917133304,approach,approach,handover->approach,0.14011413027453948,0.14011413027453948,1.8,1.0,0.0,1.0,feasible_with_soft_violation,,,,,,,,,,,,0.0,0,,0.0,,pass,10,0.1,,,left_bypass,,,,,,0.08,0.08,,0.0,,,,soft,,True,False,False,,,,,,,passed,1,False,False,,,0.0,
arm,arm_c0001,rolling_window,119,0,119,0.0,0.0,0.0,1.2949884536486858,0.0,0.0,0.04195934741280971,0.0,0.0,0.14011413027453948,3.030800951244811,13102.654718084548,approach,approach,handover->approach,0.14011413027453948,0.14011413027453948,1.8,1.0,0.0,1.0,feasible_with_soft_violation,,,,,,,,,,,,0.0,0,,0.0,,pass,10,0.1,,,left_bypass,,,,,,0.08,0.08,,0.0,,,,soft,,True,False,False,,,,,,,passed,1,False,False,,,0.0,
arm,arm_c0001,rolling_window,120,0,120,0.0,0.0,0.0,1.2949884536486858,0.0,0.0,0.04169259038386104,0.0,0.0,0.14011413027453948,3.0281333809553246,13105.682851465504,approach,approach,handover->approach,0.14011413027453948,0.14011413027453948,1.8,1.0,0.0,1.0,feasible_with_soft_violation,,,,,,,,,,,,0.0,0,,0.0,,pass,10,0.1,,,left_bypass,,,,,,0.08,0.08,,0.0,,,,soft,,True,False,False,,,,,,,passed,1,False,False,,,0.0,
arm,arm_c0001,rolling_window,121,0,121,0.0,0.0,0.0,1.2949884536486858,0.0,0.0,0.0414266840165381,0.0,0.0,0.14011413027453948,3.025474317282095,13108.708325782787,approach,approach,handover->approach,0.14011413027453948,0.14011413027453948,1.8,1.0,0.0,1.0,feasible_with_soft_violation,,,,,,,,,,,,0.0,0,,0.0,,pass,10,0.1,,,left_bypass,,,,,,0.08,0.08,,0.0,,,,soft,,True,False,False,,,,,,,passed,1,False,False,,,0.0,
arm,arm_c0001,rolling_window,122,0,122,0.0,0.0,0.0,1.2949884536486858,0.0,0.0,0.04116162831084085,0.0,0.0,0.14011413027453948,3.0228237602251227,13111.731149543013,approach,approach,handover->approach,0.14011413027453948,0.14011413027453948,1.8,1.0,0.0,1.0,feasible_with_soft_violation,,,,,,,,,,,,0.0,0,,0.0,,pass,10,0.1,,,left_bypass,,,,,,0.08,0.08,,0.0,,,,soft,,True,False,False,,,,,,,passed,1,False,False,,,0.0,
arm,arm_c0001,rolling_window,123,0,123,0.0,0.0,0.0,1.2949884536486858,0.0,0.0,0.04089742326676934,0.0,0.0,0.14011413027453948,3.0201817097844073,13114.751331252797,approach,approach,handover->approach,0.14011413027453948,0.14011413027453948,1.8,1.0,0.0,1.0,feasible_with_soft_violation,,,,,,,,,,,,0.0,0,,0.0,,pass,10,0.1,,,left_bypass,,,,,,0.08,0.08,,0.0,,,,soft,,True,False,False,,,,,,,passed,1,False,False,,,0.0,
arm,arm_c0001,rolling_window,124,0,124,0.0,0.0,0.0,1.2949884536486858,0.0,0.0,0.040634068884323506,0.0,0.0,0.14011413027453948,3.017548165959949,13117.768879418758,approach,approach,handover->approach,0.14011413027453948,0.14011413027453948,1.8,1.0,0.0,1.0,feasible_with_soft_violation,,,,,,,,,,,,0.0,0,,0.0,,pass,10,0.1,,,left_bypass,,,,,,0.08,0.08,,0.0,,,,soft,,True,False,False,,,,,,,passed,1,False,False,,,0.0,
arm,arm_c0001,rolling_window,125,0,125,0.0,0.0,0.0,1.2949884536486858,0.0,0.0,0.0403715651635034,0.0,0.0,0.14011413027453948,3.014923128751748,13120.78380254751,approach,approach,handover->approach,0.14011413027453948,0.14011413027453948,1.8,1.0,0.0,1.0,feasible_with_soft_violation,,,,,,,,,,,,0.0,0,,0.0,,pass,10,0.1,,,left_bypass,,,,,,0.08,0.08,,0.0,,,,soft,,True,False,False,,,,,,,passed,1,False,False,,,0.0,
arm,arm_c0001,rolling_window,126,0,126,0.162404246031959,0.010000000000000012,0.010000000000000012,1.315116177844308,0.0,0.0,0.03636802929274975,0.0,16.240424603195898,0.1332363488212064,165.5670123886806,13286.350814936191,approach,approach,handover->approach,0.1332363488212064,0.1332363488212064,1.8,1.0,0.0,1.0,feasible_with_soft_violation,,,,,,,,,,,,0.0,0,,0.0,,pass,10,0.1,,,left_bypass,,,,,,0.08,0.08,,0.0,,,,soft,,True,False,False,,,,,,,passed,1,False,False,,,0.0,
arm,arm_c0001,rolling_window,127,0,127,0.1538162134345162,0.011663999999999999,6.399999999999903e-05,1.3365212774319781,0.0,0.0,0.03926363116785838,0.0,15.381621343451622,0.12603298485160674,157.02164942871008,13443.372464364902,approach,approach,handover->approach,0.12603298485160674,0.12603298485160674,1.8,1.0,0.0,1.0,feasible_with_soft_violation,,,,,,,,,,,,0.0,0,,0.0,,pass,10,0.1,,,left_bypass,,,,,,0.08,0.08,,0.0,,,,soft,,True,False,False,,,,,,,passed,1,False,False,,,0.0,
arm,arm_c0001,rolling_window,128,0,128,0.14546146083707348,0.011664000000000002,1.925929944387236e-34,1.3575875481627424,0.0,0.0,0.04270034656454698,0.0,14.546146083707344,0.1190629008820071,148.71687555201294,13592.089339916914,approach,approach,handover->approach,0.1190629008820071,0.1190629008820071,1.8,1.0,0.0,1.0,feasible_with_soft_violation,,,,,,,,,,,,0.0,0,,0.0,,pass,10,0.1,,,left_bypass,,,,,,0.08,0.08,,0.0,,,,soft,,True,False,False,,,,,,,passed,1,False,False,,,0.0,
arm,arm_c0001,rolling_window,129,0,129,0.13733998823963064,0.011663999999999999,1.925929944387236e-34,1.3783321249588756,0.0,0.0,0.04601237748623144,0.0,13.733998823963066,0.11232609691240739,140.64426842148336,13732.733608338398,approach,approach,handover->approach,0.11232609691240739,0.11232609691240739,1.8,1.0,0.0,1.0,feasible_with_soft_violation,,,,,,,,,,,,0.0,0,,0.0,,pass,10,0.1,,,left_bypass,,,,,,0.08,0.08,,0.0,,,,soft,,True,False,False,,,,,,,passed,1,False,False,,,0.0,
arm,arm_c0001,rolling_window,130,0,130,0.12945179564218792,0.011663999999999999,0.0,1.398784967179598,0.0,0.0,0.04900791951759105,0.0,12.94517956421879,0.1058225729428077,132.80195111981487,13865.535559458212,approach,approach,handover->approach,0.1058225729428077,0.1058225729428077,1.8,1.0,0.0,1.0,feasible_with_soft_violation,,,,,,,,,,,,0.0,0,,0.0,,pass,10,0.1,,,left_bypass,,,,,,0.08,0.08,,0.0,,,,soft,,True,False,False,,,,,,,passed,1,False,False,,,0.0,
arm,arm_c0001,rolling_window,131,0,131,0.12179688304474515,0.011663999999999997,8.197239325798173e-33,1.4189918332042355,0.0,0.0,0.05137577831407932,0.0,12.179688304474515,0.09955232897320807,125.18689406864473,13990.722453526858,approach,approach,handover->approach,0.09955232897320807,0.09955232897320807,1.8,1.0,0.0,1.0,feasible_with_soft_violation,,,,,,,,,,,,0.0,0,,0.0,,pass,10,0.1,,,left_bypass,,,,,,0.08,0.08,,0.0,,,,soft,,True,False,False,,,,,,,passed,1,False,False,,,0.0,
arm,arm_c0001,rolling_window,132,0,132,0.1143752504473024,0.011663999999999999,1.925929944387236e-34,1.4390177073795885,0.0,0.0,0.052682832839061194,0.0,11.43752504473024,0.0935153650036084,117.79488302943079,14108.517336556288,approach,approach,handover->approach,0.0935153650036084,0.0935153650036084,1.8,1.0,0.0,1.0,feasible_with_soft_violation,,,,,,,,,,,,0.0,0,,0.0,,pass,10,0.1,,,left_bypass,,,,,,0.08,0.08,,0.0,,,,soft,,True,False,False,,,,,,,passed,1,False,False,,,0.0,
arm,arm_c0001,rolling_window,133,0,133,0.10718689784985963,0.011663999999999997,1.925929944387236e-34,1.4589506298219959,0.0,0.0,0.05253923475454539,0.0,10.718689784985964,0.08771168103400874,110.62217799100256,14219.13951454729,approach,approach,handover->approach,0.08771168103400874,0.08771168103400874,1.8,1.0,0.0,1.0,feasible_with_soft_violation,,,,,,,,,,,,0.0,0,,0.0,,pass,10,0.1,,,left_bypass,,,,,,0.08,0.08,,0.0,,,,soft,,True,False,False,,,,,,,passed,1,False,False,,,0.0,
arm,arm_c0001,rolling_window,134,0,134,0.1002318252524169,0.011663999999999982,2.0041708483779673e-32,1.4789058181873356,0.0,0.0,0.05091143107582915,0.0,10.023182525241687,0.08214127706440905,103.6686508152936,14322.808165362585,approach,approach,handover->approach,0.08214127706440905,0.08214127706440905,1.8,1.0,0.0,1.0,feasible_with_soft_violation,,,,,,,,,,,,0.0,0,,0.0,,pass,10,0.1,,,left_bypass,,,,,,0.08,0.08,,0.0,,,,soft,,True,False,False,,,,,,,passed,1,False,False,,,0.0,
arm,arm_c0001,rolling_window,135,0,135,0.09351003265497417,0.011663999999999997,2.0041708483779673e-32,1.499029893008089,0.0,0.0,0.04816292869041608,0.0,9.351003265497415,0.07680415309480938,96.93820048813745,14419.746365850722,approach,approach,handover->approach,0.07680415309480938,0.07680415309480938,1.8,1.0,0.0,1.0,feasible_with_soft_violation,,,,,,,,,,,,0.0,0,,0.0,,pass,10,0.1,,,left_bypass,,,,,,0.08,0.08,,0.0,,,,soft,,True,False,False,,,,,,,passed,1,False,False,,,0.0,
arm,arm_c0001,rolling_window,136,0,136,0.08702152005753139,0.011663999999999999,1.925929944387236e-34,1.5195049268266116,0.0,0.0,0.04491528438864544,0.0,8.702152005753137,0.07170030912520971,90.43737030801366,14510.183736158735,approach,approach,handover->approach,0.07170030912520971,0.07170030912520971,1.8,1.0,0.0,1.0,feasible_with_soft_violation,,,,,,,,,,,,0.0,0,,0.0,,pass,10,0.1,,,left_bypass,,,,,,0.08,0.08,,0.0,,,,soft,,True,False,False,,,,,,,passed,1,False,False,,,0.0,
arm,arm_c0001,rolling_window,137,0,137,0.08076628746008865,0.011663999999999999,0.0,1.5405519373210272,0.0,0.0,0.04474336105106595,0.0,8.076628746008863,0.06682974515561005,84.20230673554846,14594.386042894283,approach,approach,handover->approach,0.06682974515561005,0.06682974515561005,1.8,1.0,0.0,1.0,feasible_with_soft_violation,,,,,,,,,,,,0.0,0,,0.0,,pass,10,0.1,,,left_bypass,,,,,,0.08,0.08,,0.0,,,,soft,,True,False,False,,,,,,,passed,1,False,False,,,0.0,
arm,arm_c0001,rolling_window,138,0,138,0.07474433486264591,0.011663999999999999,3.8518598887744726e-34,1.5624333445139689,0.0,0.0,0.04458827038811587,0.0,7.4744334862645845,0.06219246118601038,78.20289324388682,14672.588936138169,approach,approach,handover->approach,0.06219246118601038,0.06219246118601038,1.8,1.0,0.0,1.0,feasible_with_soft_violation,,,,,,,,,,,,0.0,0,,0.0,,pass,10,0.1,,,left_bypass,,,,,,0.08,0.08,,0.0,,,,soft,,True,False,False,,,,,,,passed,1,False,False,,,0.0,
arm,arm_c0001,rolling_window,139,0,139,0.06895566226520314,0.011663999999999985,1.5804662606127751e-32,1.5854538240947629,0.0,0.0,0.04442376564721216,0.0,6.8955662265203115,0.0577884572164107,72.43941578174382,14745.028351919913,approach,approach,handover->approach,0.0577884572164107,0.0577884572164107,1.8,1.0,0.0,1.0,feasible_with_soft_violation,,,,,,,,,,,,0.0,0,,0.0,,pass,10,0.1,,,left_bypass,,,,,,0.08,0.08,,0.0,,,,soft,,True,False,False,,,,,,,passed,1,False,False,,,0.0,
arm,arm_c0001,rolling_window,140,0,140,0.0634002696677604,0.011663999999999978,3.972230510298674e-34,1.6099589281381483,0.0,0.0,0.04424974325644065,0.0,6.340026966776038,0.053617733246811045,66.91249530713483,14811.940847227048,approach,approach,handover->approach,0.053617733246811045,0.053617733246811045,1.8,1.0,0.0,1.0,feasible_with_soft_violation,,,,,,,,,,,,0.0,0,,0.0,,pass,10,0.1,,,left_bypass,,,,,,0.08,0.08,,0.0,,,,soft,,True,False,False,,,,,,,passed,1,False,False,,,0.0,
arm,arm_c0001,rolling_window,141,0,141,0.05807815707031766,0.011663999999999985,3.8518598887744726e-34,1.6366000968357268,0.0,0.0,0.044066115108615654,0.0,5.807815707031763,0.04968028927721138,61.62330353133284,14873.56415075838,approach,approach,handover->approach,0.04968028927721138,0.04968028927721138,1.8,1.0,0.0,1.0,feasible_with_soft_violation,,,,,,,,,,,,0.0,0,,0.0,,pass,10,0.1,,,left_bypass,,,,,,0.08,0.08,,0.0,,,,soft,,True,False,False,,,,,,,passed,1,False,False,,,0.0,
arm,arm_c0001,rolling_window,142,0,142,0.05298932447287492,0.011663999999999985,0.0,1.6660607743379476,0.0,0.0,0.04387280960424412,0.0,5.298932447287487,0.04597612530761172,56.57306993781371,14930.137220696195,approach,approach,handover->approach,0.04597612530761172,0.04597612530761172,1.8,1.0,0.0,1.0,feasible_with_soft_violation,,,,,,,,,,,,0.0,0,,0.0,,pass,10,0.1,,,left_bypass,,,,,,0.08,0.08,,0.0,,,,soft,,True,False,False,,,,,,,passed,1,False,False,,,0.0,
arm,arm_c0001,rolling_window,143,0,143,0.048133771875432156,0.011663999999999982,2.046300565911438e-34,1.6987582670292136,0.0,0.0,0.04366977261348162,0.0,4.813377187543216,0.04250524133801204,51.76254513677102,14981.899765832966,approach,approach,handover->approach,0.04250524133801204,0.04250524133801204,1.8,1.0,0.0,1.0,feasible_with_soft_violation,,,,,,,,,,,,0.0,0,,0.0,,pass,10,0.1,,,left_bypass,,,,,,0.08,0.08,,0.0,,,,soft,,True,False,False,,,,,,,passed,1,False,False,,,0.0,
arm,arm_c0001,rolling_window,144,0,144,0.04351149927798942,0.011663999999999985,1.925929944387236e-34,1.7351097336604642,0.0,0.0,0.04345696834063671,0.0,4.351149927798939,0.039267637368412385,47.192479655999406,15029.092245488966,approach,approach,handover->approach,0.039267637368412385,0.039267637368412385,1.8,1.0,0.0,1.0,feasible_with_soft_violation,,,,,,,,,,,,0.0,0,,0.0,,pass,10,0.1,,,left_bypass,,,,,,0.08,0.08,,0.0,,,,soft,,True,False,False,,,,,,,passed,1,False,False,,,0.0,
arm,arm_c0001,rolling_window,145,0,145,0.03912250668054667,0.011663999999999987,1.925929944387236e-34,1.7755121996863352,0.0,0.0,0.04323438007562874,0.0,3.912250668054664,0.03626331339881272,42.8635879742165,15071.955833463182,approach,approach,handover->approach,0.03626331339881272,0.03626331339881272,1.8,1.0,0.0,1.0,feasible_with_soft_violation,,,,,,,,,,,,0.0,0,,0.0,,pass,10,0.1,,,left_bypass,,,,,,0.08,0.08,,0.0,,,,soft,,True,False,False,,,,,,,passed,1,False,False,,,0.0,
arm,arm_c0001,rolling_window,146,0,146,0.034966794083103915,0.011663999999999982,4.333342374871281e-34,1.8203188104582098,0.0,0.0,0.04300201081810521,0.0,3.49667940831039,0.033492269429213045,38.776505783051256,15110.732339246233,approach,approach,handover->approach,0.033492269429213045,0.033492269429213045,1.8,1.0,0.0,1.0,feasible_with_soft_violation,,,,,,,,,,,,0.0,0,,0.0,,pass,10,0.1,,,left_bypass,,,,,,0.08,0.08,,0.0,,,,soft,,True,False,False,,,,,,,passed,1,False,False,,,0.0,
arm,arm_c0001,rolling_window,147,0,147,0.031044361485661167,0.011663999999999987,3.8518598887744726e-34,1.8698122133819677,0.0,0.0,0.042759883761661635,0.0,3.1044361485661147,0.030954505459613375,34.93174207977019,15145.664081326004,approach,approach,handover->approach,0.030954505459613375,0.030954505459613375,1.8,1.0,0.0,1.0,feasible_with_soft_violation,,,,,,,,,,,,0.0,0,,0.0,,pass,10,0.1,,,left_bypass,,,,,,0.08,0.08,,0.0,,,,soft,,True,False,False,,,,,,,passed,1,False,False,,,0.0,
arm,arm_c0001,rolling_window,148,0,148,0.02735520888821841,0.011663999999999994,3.0814879110195774e-33,1.924176404371901,0.0,0.0,0.04250804262774823,0.0,2.7355208888218407,0.0286500214900137,31.329628494233553,15176.993709820237,approach,approach,handover->approach,0.0286500214900137,0.0286500214900137,1.8,1.0,0.0,1.0,feasible_with_soft_violation,,,,,,,,,,,,0.0,0,,0.0,,pass,10,0.1,,,left_bypass,,,,,,0.08,0.08,,0.0,,,,soft,,True,False,False,,,,,,,passed,1,False,False,,,0.0,
arm,arm_c0001,rolling_window,149,0,149,0.023899336290775654,0.011663999999999994,4.81482486096809e-35,1.983468816202225,0.0,0.0,0.04224655184133999,0.0,2.389933629077565,0.026578817520414025,27.970269049684653,15204.963978869922,approach,approach,handover->approach,0.026578817520414025,0.026578817520414025,1.8,1.0,0.0,1.0,feasible_with_soft_violation,,,,,,,,,,,,0.0,0,,0.0,,pass,10,0.1,,,left_bypass,,,,,,0.08,0.08,,0.0,,,,soft,,True,False,False,,,,,,,passed,1,False,False,,,0.0,
arm,arm_c0001,rolling_window,150,0,150,0.020676743693332906,0.011663999999999994,0.0,2.0475947876774883,0.0,0.0,0.04197549654321886,0.0,2.0676743693332895,0.024740893550814352,24.853494207379523,15229.817473077303,approach,approach,handover->approach,0.024740893550814352,0.024740893550814352,1.8,1.0,0.0,1.0,feasible_with_soft_violation,,,,,,,,,,,,0.0,0,,0.0,,pass,10,0.1,,,left_bypass,,,,,,0.08,0.08,,0.0,,,,soft,,True,False,False,,,,,,,passed,1,False,False,,,0.0,
arm,arm_c0001,rolling_window,151,0,151,0.01768743109589015,0.011663999999999994,1.2037062152420224e-35,2.116286773980164,0.0,0.0,0.04160210674651347,0.0,1.7687431095890145,0.023136249581214675,21.97789468677789,15251.79536776408,approach,approach,handover->approach,0.023136249581214675,0.023136249581214675,1.8,1.0,0.0,1.0,feasible_with_soft_violation,,,,,,,,,,,,0.0,0,,0.0,,pass,10,0.1,,,left_bypass,,,,,,0.08,0.08,,0.0,,,,soft,,True,False,False,,,,,,,passed,1,False,False,,,0.0,
arm,arm_c0001,rolling_window,152,0,152,0.0149313984984474,0.011663999999999985,7.137977856385194e-33,2.1890906862574253,0.0,0.0,0.040419381767138704,0.0,1.4931398498447388,0.02176488561161501,19.335583121103816,15271.130950885185,approach,approach,handover->approach,0.02176488561161501,0.02176488561161501,1.8,1.0,0.0,1.0,feasible_with_soft_violation,,,,,,,,,,,,0.0,0,,0.0,,pass,10,0.1,,,left_bypass,,,,,,0.08,0.08,,0.0,,,,soft,,True,False,False,,,,,,,passed,1,False,False,,,0.0,
arm,arm_c0001,rolling_window,153,0,153,0.012408645901004645,0.011663999999999982,4.81482486096809e-35,2.2653615421994004,0.0,0.0,0.03842673330157042,0.0,1.240864590100464,0.020626801642015337,16.925392659164302,15288.05634354435,approach,approach,handover->approach,0.020626801642015337,0.020626801642015337,1.8,1.0,0.0,1.0,feasible_with_soft_violation,,,,,,,,,,,,0.0,0,,0.0,,pass,10,0.1,,,left_bypass,,,,,,0.08,0.08,,0.0,,,,soft,,True,False,False,,,,,,,passed,1,False,False,,,0.0,
arm,arm_c0001,rolling_window,154,0,154,0.010119173303561895,0.011663999999999982,4.81482486096809e-35,2.344270150474787,0.0,0.0,0.0358593762375224,0.0,1.0119173303561886,0.019721997672415663,14.748182905440123,15302.804526449789,approach,approach,handover->approach,0.019721997672415663,0.019721997672415663,1.8,1.0,0.0,1.0,feasible_with_soft_violation,,,,,,,,,,,,0.0,0,,0.0,,pass,10,0.1,,,left_bypass,,,,,,0.08,0.08,,0.0,,,,soft,,True,False,False,,,,,,,passed,1,False,False,,,0.0,
arm,arm_c0001,rolling_window,155,0,155,0.00806298070611914,0.011663999999999985,2.4074124304840452e-34,2.4248218500062526,0.0,0.0,0.03294181143163351,0.0,0.8062980706119135,0.019050473702815984,12.804408478558475,15315.608934928347,approach,approach,handover->approach,0.019050473702815984,0.019050473702815984,1.8,1.0,0.0,1.0,feasible_with_soft_violation,,,,,,,,,,,,0.0,0,,0.0,,pass,10,0.1,,,left_bypass,,,,,,0.08,0.08,,0.0,,,,soft,,True,False,False,,,,,,,passed,1,False,False,,,0.0,
arm,arm_c0001,rolling_window,156,0,156,0.0062400681086763835,0.011663999999999987,8.185202263645752e-34,2.5058874212726296,0.0,0.0,0.02984994920599339,0.0,0.6240068108676381,0.018612229733216315,11.093795886602159,15326.702730814948,approach,approach,handover->approach,0.018612229733216315,0.018612229733216315,1.8,1.0,0.0,1.0,feasible_with_soft_violation,,,,,,,,,,,,0.0,0,,0.0,,pass,10,0.1,,,left_bypass,,,,,,0.08,0.08,,0.0,,,,soft,,True,False,False,,,,,,,passed,1,False,False,,,0.0,
arm,arm_c0001,rolling_window,157,0,157,0.00465043551123363,0.011663999999999976,2.5530608825283295e-32,2.5862452529643467,0.0,0.0,0.026709612605519514,0.0,0.4650435511233627,0.01840726576361664,9.615404459663115,15336.31813527461,approach,approach,handover->approach,0.01840726576361664,0.01840726576361664,1.8,1.0,0.0,1.0,feasible_with_soft_violation,,,,,,,,,,,,0.0,0,,0.0,,pass,10,0.1,,,left_bypass,,,,,,0.08,0.08,,0.0,,,,soft,,True,False,False,,,,,,,passed,1,False,False,,,0.0,
arm,arm_c0001,rolling_window,158,0,158,0.0032940829137908735,0.011663999999999978,2.046300565911438e-34,2.664632780642648,0.0,0.0,0.0236077294243789,0.0,0.3294082913790871,0.01843558179401697,8.367830859693253,15344.685966134304,approach,approach,handover->approach,0.01843558179401697,0.01843558179401697,1.8,1.0,0.0,1.0,feasible_with_soft_violation,,,,,,,,,,,,0.0,0,,0.0,,pass,10,0.1,,,left_bypass,,,,,,0.08,0.08,,0.0,,,,soft,,True,False,False,,,,,,,passed,1,False,False,,,0.0,
arm,arm_c0001,rolling_window,159,0,159,0.002171010316348114,0.011663999999999999,6.674550963517014e-32,2.739804227445482,0.0,0.0,0.020604041800912545,0.0,0.21710103163481145,0.018697177824417304,7.34943010972429,15352.035396244028,approach,approach,handover->approach,0.018697177824417304,0.018697177824417304,1.8,1.0,0.0,1.0,feasible_with_soft_violation,,,,,,,,,,,,0.0,0,,0.0,,pass,10,0.1,,,left_bypass,,,,,,0.08,0.08,,0.0,,,,soft,,True,False,False,,,,,,,passed,1,False,False,,,0.0,
arm,arm_c0001,rolling_window,160,0,160,0.0012812177189053574,0.011663999999999976,7.271589246277058e-32,2.8105908856576916,0.0,0.0,0.01773999003596085,0.0,0.12812177189053564,0.019192053854817634,6.558512938877351,15358.593909182904,approach,approach,handover->approach,0.019192053854817634,0.019192053854817634,1.8,1.0,0.0,1.0,feasible_with_soft_violation,,,,,,,,,,,,0.0,0,,0.0,,pass,10,0.1,,,left_bypass,,,,,,0.08,0.08,,0.0,,,,soft,,True,False,False,,,,,,,passed,1,False,False,,,0.0,
arm,arm_c0001,rolling_window,161,0,161,0.0006247051214625988,0.011664000000000002,7.361867212420209e-32,2.8759596848983464,0.0,0.0,0.015044776398765784,0.0,0.062470512146259954,0.01992020988521797,5.993511843159179,15364.587421026063,approach,approach,handover->approach,0.01992020988521797,0.01992020988521797,1.8,1.0,0.0,1.0,feasible_with_soft_violation,,,,,,,,,,,,0.0,0,,0.0,,pass,10,0.1,,,left_bypass,,,,,,0.08,0.08,,0.0,,,,soft,,True,False,False,,,,,,,passed,1,False,False,,,0.0,
arm,arm_c0001,rolling_window,162,0,162,0.00020147252401984128,0.011663999999999982,9.417797428053584e-32,2.935065673430628,0.0,0.0,0.012539356658282739,0.0,0.020147252401984075,0.020881645915618297,5.6531154671330555,15370.240536493196,approach,approach,handover->approach,0.020881645915618297,0.020881645915618297,1.8,1.0,0.0,1.0,feasible_with_soft_violation,,,,,,,,,,,,0.0,0,,0.0,,pass,10,0.1,,,left_bypass,,,,,,0.08,0.08,,0.0,,,,soft,,True,False,False,,,,,,,passed,1,False,False,,,0.0,
arm,arm_c0001,rolling_window,163,0,163,1.1519926577083038e-05,0.011663999999999999,1.1239004931714763e-31,2.9872943302833828,0.0,0.0,0.01023904971953336,0.0,0.0011519926577083141,0.02207636194601863,5.536370862101119,15375.776907355297,approach,approach,handover->approach,0.02207636194601863,0.02207636194601863,1.8,1.0,0.0,1.0,feasible_with_soft_violation,,,,,,,,,,,,0.0,0,,0.0,,pass,10,0.1,,,left_bypass,,,,,,0.08,0.08,,0.0,,,,soft,,True,False,False,,,,,,,passed,1,False,False,,,0.0,
arm,arm_c0001,rolling_window,164,0,164,0.0,0.0011519926577083033,0.005484732913432521,3.0022238708948743,0.0,0.0,0.009473139638037384,0.0,0.0,0.0225,5.544946509839606,15381.321853865136,approach,approach,handover->approach,0.0225,0.0225,1.8,1.0,0.0,1.0,feasible_with_soft_violation,,,,,,,,,,,,0.0,0,,0.0,,pass,10,0.1,,,left_bypass,,,,,,0.08,0.08,,0.0,,,,soft,,True,False,False,,,,,,,passed,1,False,False,,,0.0,
arm,arm_c0001,rolling_window,165,0,165,0.0,0.0,0.0011519926577083033,3.0022238708948743,0.0,0.0,0.009346612722985417,0.0,0.0,0.0225,5.54269949337217,15386.864553358508,approach,approach,handover->approach,0.0225,0.0225,1.8,1.0,0.0,1.0,feasible_with_soft_violation,,,,,,,,,,,,0.0,0,,0.0,,pass,10,0.1,,,left_bypass,,,,,,0.08,0.08,,0.0,,,,soft,,True,False,False,,,,,,,passed,1,False,False,,,0.0,
arm,arm_c0001,rolling_window,166,0,166,0.0,0.0,0.0,3.0022238708948743,0.0,0.0,0.009220936469559172,0.0,0.0,0.0225,5.541212332306365,15392.405765690813,approach,approach,handover->approach,0.0225,0.0225,1.8,1.0,0.0,1.0,feasible_with_soft_violation,,,,,,,,,,,,0.0,0,,0.0,,pass,10,0.1,,,left_bypass,,,,,,0.08,0.08,,0.0,,,,soft,,True,False,False,,,,,,,passed,1,False,False,,,0.0,
arm,arm_c0001,rolling_window,167,0,167,0.0,0.0,0.0,3.0022238708948743,0.0,0.0,0.009096110877758624,0.0,0.0,0.0225,5.53996407638836,15397.945729767202,approach,approach,handover->approach,0.0225,0.0225,1.8,1.0,0.0,1.0,feasible_with_soft_violation,,,,,,,,,,,,0.0,0,,0.0,,pass,10,0.1,,,left_bypass,,,,,,0.08,0.08,,0.0,,,,soft,,True,False,False,,,,,,,passed,1,False,False,,,0.0,
arm,arm_c0001,rolling_window,168,0,168,0.0,0.0,0.0,3.0022238708948743,0.0,0.0,0.008972135947583795,0.0,0.0,0.0225,5.538724327086612,15403.484454094289,approach,approach,handover->approach,0.0225,0.0225,1.8,1.0,0.0,1.0,feasible_with_soft_violation,,,,,,,,,,,,0.0,0,,0.0,,pass,10,0.1,,,left_bypass,,,,,,0.08,0.08,,0.0,,,,soft,,True,False,False,,,,,,,passed,1,False,False,,,0.0,
arm,arm_c0001,rolling_window,169,0,169,0.0,0.0,0.0,3.0022238708948743,0.0,0.0,0.00884901167903467,0.0,0.0,0.0225,5.53749308440112,15409.02194717869,approach,approach,handover->approach,0.0225,0.0225,1.8,1.0,0.0,1.0,feasible_with_soft_violation,,,,,,,,,,,,0.0,0,,0.0,,pass,10,0.1,,,left_bypass,,,,,,0.08,0.08,,0.0,,,,soft,,True,False,False,,,,,,,passed,1,False,False,,,0.0,
arm,arm_c0001,rolling_window,170,0,170,0.0,0.0,0.0,3.0022238708948743,0.0,0.0,0.008726738072111254,0.0,0.0,0.0225,5.536270348331886,15414.558217527021,approach,approach,handover->approach,0.0225,0.0225,1.8,1.0,0.0,1.0,feasible_with_soft_violation,,,,,,,,,,,,0.0,0,,0.0,,pass,10,0.1,,,left_bypass,,,,,,0.08,0.08,,0.0,,,,soft,,True,False,False,,,,,,,passed,1,False,False,,,0.0,
arm,arm_c0001,rolling_window,171,0,171,0.0,0.0,0.0,3.0022238708948743,0.0,0.0,0.008605315126813541,0.0,0.0,0.0225,5.535056118878909,15420.0932736459,approach,approach,handover->approach,0.0225,0.0225,1.8,1.0,0.0,1.0,feasible_with_soft_violation,,,,,,,,,,,,0.0,0,,0.0,,pass,10,0.1,,,left_bypass,,,,,,0.08,0.08,,0.0,,,,soft,,True,False,False,,,,,,,passed,1,False,False,,,0.0,
arm,arm_c0001,rolling_window,172,0,172,0.0,0.0,0.0,3.0022238708948743,0.0,0.0,0.00848474284314155,0.0,0.0,0.0225,5.533850396042189,15425.627124041943,approach,approach,handover->approach,0.0225,0.0225,1.8,1.0,0.0,1.0,feasible_with_soft_violation,,,,,,,,,,,,0.0,0,,0.0,,pass,10,0.1,,,left_bypass,,,,,,0.08,0.08,,0.0,,,,soft,,True,False,False,,,,,,,passed,1,False,False,,,0.0,
arm,arm_c0001,rolling_window,173,0,173,0.0,0.0,0.0,3.0022238708948743,0.0,0.0,0.008365021221095259,0.0,0.0,0.0225,5.532653179821726,15431.159777221765,approach,approach,handover->approach,0.0225,0.0225,1.8,1.0,0.0,1.0,feasible_with_soft_violation,,,,,,,,,,,,0.0,0,,0.0,,pass,10,0.1,,,left_bypass,,,,,,0.08,0.08,,0.0,,,,soft,,True,False,False,,,,,,,passed,1,False,False,,,0.0,
arm,arm_c0001,rolling_window,174,0,174,0.0,0.0,0.0,3.0022238708948743,0.0,0.0,0.008246150260674679,0.0,0.0,0.0225,5.531464470217521,15436.691241691982,approach,approach,handover->approach,0.0225,0.0225,1.8,1.0,0.0,1.0,feasible_with_soft_violation,,,,,,,,,,,,0.0,0,,0.0,,pass,10,0.1,,,left_bypass,,,,,,0.08,0.08,,0.0,,,,soft,,True,False,False,,,,,,,passed,1,False,False,,,0.0,
arm,arm_c0001,rolling_window,175,0,175,0.0,0.0,0.0,3.0022238708948743,0.0,0.0,0.008128129961879808,0.0,0.0,0.0225,5.530284267229572,15442.221525959212,approach,approach,handover->approach,0.0225,0.0225,1.8,1.0,0.0,1.0,feasible_with_soft_violation,,,,,,,,,,,,0.0,0,,0.0,,pass,10,0.1,,,left_bypass,,,,,,0.08,0.08,,0.0,,,,soft,,True,False,False,,,,,,,passed,1,False,False,,,0.0,
arm,arm_c0001,rolling_window,176,0,176,0.0,0.0,0.0,3.0022238708948743,0.0,0.0,0.008010960324710645,0.0,0.0,0.0225,5.5291125708578805,15447.75063853007,approach,approach,handover->approach,0.0225,0.0225,1.8,1.0,0.0,1.0,feasible_with_soft_violation,,,,,,,,,,,,0.0,0,,0.0,,pass,10,0.1,,,left_bypass,,,,,,0.08,0.08,,0.0,,,,soft,,True,False,False,,,,,,,passed,1,False,False,,,0.0,
arm,arm_c0001,rolling_window,177,0,177,0.0,0.0,0.0,3.0022238708948743,0.0,0.0,0.007894641349167196,0.0,0.0,0.0225,5.527949381102446,15453.278587911173,approach,approach,handover->approach,0.0225,0.0225,1.8,1.0,0.0,1.0,feasible_with_soft_violation,,,,,,,,,,,,0.0,0,,0.0,,pass,10,0.1,,,left_bypass,,,,,,0.08,0.08,,0.0,,,,soft,,True,False,False,,,,,,,passed,1,False,False,,,0.0,
arm,arm_c0001,rolling_window,178,0,178,0.0,0.0,0.0,3.0022238708948743,0.0,0.0,0.007779173035249446,0.0,0.0,0.0225,5.526794697963268,15458.805382609136,approach,approach,handover->approach,0.0225,0.0225,1.8,1.0,0.0,1.0,feasible_with_soft_violation,,,,,,,,,,,,0.0,0,,0.0,,pass,10,0.1,,,left_bypass,,,,,,0.08,0.08,,0.0,,,,soft,,True,False,False,,,,,,,passed,1,False,False,,,0.0,
arm,arm_c0001,rolling_window,179,0,179,0.0,0.0,0.0,3.0022238708948743,0.0,0.0,0.007664555382957415,0.0,0.0,0.0225,5.525648521440348,15464.331031130576,approach,approach,handover->approach,0.0225,0.0225,1.8,1.0,0.0,1.0,feasible_with_soft_violation,,,,,,,,,,,,0.0,0,,0.0,,pass,10,0.1,,,left_bypass,,,,,,0.08,0.08,,0.0,,,,soft,,True,False,False,,,,,,,passed,1,False,False,,,0.0,
arm,arm_c0001,rolling_window,180,0,180,0.0,0.0,0.0,3.0022238708948743,0.0,0.0,0.007550788392291083,0.0,0.0,0.0225,5.524510851533685,15469.85554198211,approach,approach,handover->approach,0.0225,0.0225,1.8,1.0,0.0,1.0,feasible_with_soft_violation,,,,,,,,,,,,0.0,0,,0.0,,pass,10,0.1,,,left_bypass,,,,,,0.08,0.08,,0.0,,,,soft,,True,False,False,,,,,,,passed,1,False,False,,,0.0,
arm,arm_c0001,rolling_window,181,0,181,0.0,0.0,0.0,3.0022238708948743,0.0,0.0,0.00743787206325047,0.0,0.0,0.0225,5.523381688243279,15475.378923670352,approach,approach,handover->approach,0.0225,0.0225,1.8,1.0,0.0,1.0,feasible_with_soft_violation,,,,,,,,,,,,0.0,0,,0.0,,pass,10,0.1,,,left_bypass,,,,,,0.08,0.08,,0.0,,,,soft,,True,False,False,,,,,,,passed,1,False,False,,,0.0,
arm,arm_c0001,rolling_window,182,0,182,0.0,0.0,0.0,3.0022238708948743,0.0,0.0,0.007325806395835556,0.0,0.0,0.0225,5.52226103156913,15480.901184701921,approach,approach,handover->approach,0.0225,0.0225,1.8,1.0,0.0,1.0,feasible_with_soft_violation,,,,,,,,,,,,0.0,0,,0.0,,pass,10,0.1,,,left_bypass,,,,,,0.08,0.08,,0.0,,,,soft,,True,False,False,,,,,,,passed,1,False,False,,,0.0,
arm,arm_c0001,rolling_window,183,0,183,0.0,0.0,0.0,3.0022238708948743,0.0,0.0,0.00721459139004636,0.0,0.0,0.0225,5.5211488815112375,15486.422333583432,approach,approach,handover->approach,0.0225,0.0225,1.8,1.0,0.0,1.0,feasible_with_soft_violation,,,,,,,,,,,,0.0,0,,0.0,,pass,10,0.1,,,left_bypass,,,,,,0.08,0.08,,0.0,,,,soft,,True,False,False,,,,,,,passed,1,False,False,,,0.0,
arm,arm_c0001,rolling_window,184,0,184,0.0,0.0,0.0,3.0022238708948743,0.0,0.0,0.007104227045882864,0.0,0.0,0.0225,5.520045238069603,15491.942378821503,approach,approach,handover->approach,0.0225,0.0225,1.8,1.0,0.0,1.0,feasible_with_soft_violation,,,,,,,,,,,,0.0,0,,0.0,,pass,10,0.1,,,left_bypass,,,,,,0.08,0.08,,0.0,,,,soft,,True,False,False,,,,,,,passed,1,False,False,,,0.0,
arm,arm_c0001,rolling_window,185,0,185,0.0,0.0,0.0,3.0022238708948743,0.0,0.0,0.006994713363345086,0.0,0.0,0.0225,5.518950101244225,15497.461328922747,approach,approach,handover->approach,0.0225,0.0225,1.8,1.0,0.0,1.0,feasible_with_soft_violation,,,,,,,,,,,,0.0,0,,0.0,,pass,10,0.1,,,left_bypass,,,,,,0.08,0.08,,0.0,,,,soft,,True,False,False,,,,,,,passed,1,False,False,,,0.0,
arm,arm_c0001,rolling_window,186,0,186,0.0,0.0,0.0,3.0022238708948743,0.0,0.0,0.006886050342433012,0.0,0.0,0.0225,5.5178634710351036,15502.979192393783,approach,approach,handover->approach,0.0225,0.0225,1.8,1.0,0.0,1.0,feasible_with_soft_violation,,,,,,,,,,,,0.0,0,,0.0,,pass,10,0.1,,,left_bypass,,,,,,0.08,0.08,,0.0,,,,soft,,True,False,False,,,,,,,passed,1,False,False,,,0.0,
arm,arm_c0001,rolling_window,187,0,187,0.0,0.0,0.0,3.0022238708948743,0.0,0.0,0.006778237983146647,0.0,0.0,0.0225,5.51678534744224,15508.495977741226,approach,approach,handover->approach,0.0225,0.0225,1.8,1.0,0.0,1.0,feasible_with_soft_violation,,,,,,,,,,,,0.0,0,,0.0,,pass,10,0.1,,,left_bypass,,,,,,0.08,0.08,,0.0,,,,soft,,True,False,False,,,,,,,passed,1,False,False,,,0.0,
arm,arm_c0001,rolling_window,188,0,188,0.0,0.0,0.0,3.0022238708948743,0.0,0.0,0.006671276285485991,0.0,0.0,0.0225,5.515715730465634,15514.011693471692,approach,approach,handover->approach,0.0225,0.0225,1.8,1.0,0.0,1.0,feasible_with_soft_violation,,,,,,,,,,,,0.0,0,,0.0,,pass,10,0.1,,,left_bypass,,,,,,0.08,0.08,,0.0,,,,soft,,True,False,False,,,,,,,passed,1,False,False,,,0.0,
arm,arm_c0001,rolling_window,189,0,189,0.0,0.0,0.0,3.0022238708948743,0.0,0.0,0.006565165249451044,0.0,0.0,0.0225,5.514654620105285,15519.526348091797,approach,approach,handover->approach,0.0225,0.0225,1.8,1.0,0.0,1.0,feasible_with_soft_violation,,,,,,,,,,,,0.0,0,,0.0,,pass,10,0.1,,,left_bypass,,,,,,0.08,0.08,,0.0,,,,soft,,True,False,False,,,,,,,passed,1,False,False,,,0.0,
arm,arm_c0001,rolling_window,190,0,190,0.0,0.0,0.0,3.0022238708948743,0.0,0.0,0.006459904875041806,0.0,0.0,0.0225,5.513602016361192,15525.039950108157,approach,approach,handover->approach,0.0225,0.0225,1.8,1.0,0.0,1.0,feasible_with_soft_violation,,,,,,,,,,,,0.0,0,,0.0,,pass,10,0.1,,,left_bypass,,,,,,0.08,0.08,,0.0,,,,soft,,True,False,False,,,,,,,passed,1,False,False,,,0.0,
arm,arm_c0001,rolling_window,191,0,191,0.0,0.0,0.0,3.0022238708948743,0.0,0.0,0.006355495162258276,0.0,0.0,0.0225,5.512557919233356,15530.552508027391,approach,approach,handover->approach,0.0225,0.0225,1.8,1.0,0.0,1.0,feasible_with_soft_violation,,,,,,,,,,,,0.0,0,,0.0,,pass,10,0.1,,,left_bypass,,,,,,0.08,0.08,,0.0,,,,soft,,True,False,False,,,,,,,passed,1,False,False,,,0.0,
arm,arm_c0001,rolling_window,192,0,192,0.0,0.0,0.0,3.0022238708948743,0.0,0.0,0.006251936111100461,0.0,0.0,0.0225,5.511522328721778,15536.064030356112,approach,approach,handover->approach,0.0225,0.0225,1.8,1.0,0.0,1.0,feasible_with_soft_violation,,,,,,,,,,,,0.0,0,,0.0,,pass,10,0.1,,,left_bypass,,,,,,0.08,0.08,,0.0,,,,soft,,True,False,False,,,,,,,passed,1,False,False,,,0.0,
arm,arm_c0001,rolling_window,193,0,193,0.0,0.0,0.0,3.0022238708948743,0.0,0.0,0.006149227721568344,0.0,0.0,0.0225,5.5104952448264575,15541.57452560094,approach,approach,handover->approach,0.0225,0.0225,1.8,1.0,0.0,1.0,feasible_with_soft_violation,,,,,,,,,,,,0.0,0,,0.0,,pass,10,0.1,,,left_bypass,,,,,,0.08,0.08,,0.0,,,,soft,,True,False,False,,,,,,,passed,1,False,False,,,0.0,
arm,arm_c0001,rolling_window,194,0,194,0.0,0.0,0.0,3.0022238708948743,0.0,0.0,0.006047369993661942,0.0,0.0,0.0225,5.509476667547394,15547.084002268486,approach,approach,handover->approach,0.0225,0.0225,1.8,1.0,0.0,1.0,feasible_with_soft_violation,,,,,,,,,,,,0.0,0,,0.0,,pass,10,0.1,,,left_bypass,,,,,,0.08,0.08,,0.0,,,,soft,,True,False,False,,,,,,,passed,1,False,False,,,0.0,
arm,arm_c0001,rolling_window,195,0,195,0.0,0.0,0.0,3.0022238708948743,0.0,0.0,0.005946362927381253,0.0,0.0,0.0225,5.5084665968845865,15552.59246886537,approach,approach,handover->approach,0.0225,0.0225,1.8,1.0,0.0,1.0,feasible_with_soft_violation,,,,,,,,,,,,0.0,0,,0.0,,pass,10,0.1,,,left_bypass,,,,,,0.08,0.08,,0.0,,,,soft,,True,False,False,,,,,,,passed,1,False,False,,,0.0,
arm,arm_c0001,rolling_window,196,0,196,0.0,0.0,0.0,3.0022238708948743,0.0,0.0,0.005846206522726267,0.0,0.0,0.0225,5.507465032838036,15558.09993389821,approach,approach,handover->approach,0.0225,0.0225,1.8,1.0,0.0,1.0,feasible_with_soft_violation,,,,,,,,,,,,0.0,0,,0.0,,pass,10,0.1,,,left_bypass,,,,,,0.08,0.08,,0.0,,,,soft,,True,False,False,,,,,,,passed,1,False,False,,,0.0,
arm,arm_c0001,rolling_window,197,0,197,0.0,0.0,0.0,3.0022238708948743,0.0,0.0,0.005746900779696988,0.0,0.0,0.0225,5.506471975407743,15563.606405873617,approach,approach,handover->approach,0.0225,0.0225,1.8,1.0,0.0,1.0,feasible_with_soft_violation,,,,,,,,,,,,0.0,0,,0.0,,pass,10,0.1,,,left_bypass,,,,,,0.08,0.08,,0.0,,,,soft,,True,False,False,,,,,,,passed,1,False,False,,,0.0,
arm,arm_c0001,rolling_window,198,0,198,0.0,0.0,0.0,3.0022238708948743,0.0,0.0,0.005648445698293424,0.0,0.0,0.0225,5.505487424593708,15569.111893298212,approach,approach,handover->approach,0.0225,0.0225,1.8,1.0,0.0,1.0,feasible_with_soft_violation,,,,,,,,,,,,0.0,0,,0.0,,pass,10,0.1,,,left_bypass,,,,,,0.08,0.08,,0.0,,,,soft,,True,False,False,,,,,,,passed,1,False,False,,,0.0,
arm,arm_c0001,rolling_window,199,0,199,0.0,0.0,0.0,3.0022238708948743,0.0,0.0,0.0055508412785155664,0.0,0.0,0.0225,5.50451138039593,15574.616404678607,approach,approach,handover->approach,0.0225,0.0225,1.8,1.0,0.0,1.0,feasible_with_soft_violation,,,,,,,,,,,,0.0,0,,0.0,,pass,10,0.1,,,left_bypass,,,,,,0.08,0.08,,0.0,,,,soft,,True,False,False,,,,,,,passed,1,False,False,,,0.0,
arm,arm_c0001,rolling_window,200,0,200,0.0,0.0,0.0,3.0022238708948743,0.0,0.0,0.005454087520363417,0.0,0.0,0.0225,5.503543842814408,15580.119948521422,approach,approach,handover->approach,0.0225,0.0225,1.8,1.0,0.0,1.0,feasible_with_soft_violation,,,,,,,,,,,,0.0,0,,0.0,,pass,10,0.1,,,left_bypass,,,,,,0.08,0.08,,0.0,,,,soft,,True,False,False,,,,,,,passed,1,False,False,,,0.0,
arm,arm_c0001,rolling_window,201,0,201,0.0,0.0,0.0,3.0022238708948743,0.0,0.0,0.005358184423836976,0.0,0.0,0.0225,5.502584811849143,15585.622533333271,approach,approach,handover->approach,0.0225,0.0225,1.8,1.0,0.0,1.0,feasible_with_soft_violation,,,,,,,,,,,,0.0,0,,0.0,,pass,10,0.1,,,left_bypass,,,,,,0.08,0.08,,0.0,,,,soft,,True,False,False,,,,,,,passed,1,False,False,,,0.0,
arm,arm_c0001,rolling_window,202,0,202,0.0,0.0,0.0,3.0022238708948743,0.0,0.0,0.005263131988936245,0.0,0.0,0.0225,5.501634287500137,15591.124167620772,approach,approach,handover->approach,0.0225,0.0225,1.8,1.0,0.0,1.0,feasible_with_soft_violation,,,,,,,,,,,,0.0,0,,0.0,,pass,10,0.1,,,left_bypass,,,,,,0.08,0.08,,0.0,,,,soft,,True,False,False,,,,,,,passed,1,False,False,,,0.0,
arm,arm_c0001,rolling_window,203,0,203,0.0,0.0,0.0,3.0022238708948743,0.0,0.0,0.005168930215661222,0.0,0.0,0.0225,5.500692269767386,15596.624859890539,approach,approach,handover->approach,0.0225,0.0225,1.8,1.0,0.0,1.0,feasible_with_soft_violation,,,,,,,,,,,,0.0,0,,0.0,,pass,10,0.1,,,left_bypass,,,,,,0.08,0.08,,0.0,,,,soft,,True,False,False,,,,,,,passed,1,False,False,,,0.0,
arm,arm_c0001,rolling_window,204,0,204,0.0,0.0,0.0,3.0022238708948743,0.0,0.0,0.005075579104011909,0.0,0.0,0.0225,5.499758758650893,15602.12461864919,approach,approach,handover->approach,0.0225,0.0225,1.8,1.0,0.0,1.0,feasible_with_soft_violation,,,,,,,,,,,,0.0,0,,0.0,,pass,10,0.1,,,left_bypass,,,,,,0.08,0.08,,0.0,,,,soft,,True,False,False,,,,,,,passed,1,False,False,,,0.0,
arm,arm_c0001,rolling_window,205,0,205,0.0,0.0,0.0,3.0022238708948743,0.0,0.0,0.004983078653988304,0.0,0.0,0.0225,5.498833754150657,15607.62345240334,approach,approach,handover->approach,0.0225,0.0225,1.8,1.0,0.0,1.0,feasible_with_soft_violation,,,,,,,,,,,,0.0,0,,0.0,,pass,10,0.1,,,left_bypass,,,,,,0.08,0.08,,0.0,,,,soft,,True,False,False,,,,,,,passed,1,False,False,,,0.0,
arm,arm_c0001,rolling_window,206,0,206,0.0,0.0,0.0,3.0022238708948743,0.0,0.0,0.004891428865590407,0.0,0.0,0.0225,5.497917256266678,15613.121369659608,approach,approach,handover->approach,0.0225,0.0225,1.8,1.0,0.0,1.0,feasible_with_soft_violation,,,,,,,,,,,,0.0,0,,0.0,,pass,10,0.1,,,left_bypass,,,,,,0.08,0.08,,0.0,,,,soft,,True,False,False,,,,,,,passed,1,False,False,,,0.0,
arm,arm_c0001,rolling_window,207,0,207,0.0,0.0,0.0,3.0022238708948743,0.0,0.0,0.00480062973881822,0.0,0.0,0.0225,5.497009264998956,15618.618378924606,approach,approach,handover->approach,0.0225,0.0225,1.8,1.0,0.0,1.0,feasible_with_soft_violation,,,,,,,,,,,,0.0,0,,0.0,,pass,10,0.1,,,left_bypass,,,,,,0.08,0.08,,0.0,,,,soft,,True,False,False,,,,,,,passed,1,False,False,,,0.0,
arm,arm_c0001,rolling_window,208,0,208,0.0,0.0,0.0,3.0022238708948743,0.0,0.0,0.004710681273671742,0.0,0.0,0.0225,5.496109780347491,15624.114488704954,approach,approach,handover->approach,0.0225,0.0225,1.8,1.0,0.0,1.0,feasible_with_soft_violation,,,,,,,,,,,,0.0,0,,0.0,,pass,10,0.1,,,left_bypass,,,,,,0.08,0.08,,0.0,,,,soft,,True,False,False,,,,,,,passed,1,False,False,,,0.0,
arm,arm_c0001,rolling_window,209,0,209,0.0,0.0,0.0,3.0022238708948743,0.0,0.0,0.004621583470150977,0.0,0.0,0.0225,5.495218802312284,15629.609707507267,approach,approach,handover->approach,0.0225,0.0225,1.8,1.0,0.0,1.0,feasible_with_soft_violation,,,,,,,,,,,,0.0,0,,0.0,,pass,10,0.1,,,left_bypass,,,,,,0.08,0.08,,0.0,,,,soft,,True,False,False,,,,,,,passed,1,False,False,,,0.0,
arm,arm_c0001,rolling_window,210,0,210,0.0,0.0,0.0,3.0022238708948743,0.0,0.0,0.004533336328255916,0.0,0.0,0.0225,5.494336330893333,15635.10404383816,approach,approach,handover->approach,0.0225,0.0225,1.8,1.0,0.0,1.0,feasible_with_soft_violation,,,,,,,,,,,,0.0,0,,0.0,,pass,10,0.1,,,left_bypass,,,,,,0.08,0.08,,0.0,,,,soft,,True,False,False,,,,,,,passed,1,False,False,,,0.0,
arm,arm_c0001,rolling_window,211,0,211,0.0,0.0,0.0,3.0022238708948743,0.0,0.0,0.004445939847986564,0.0,0.0,0.0225,5.49346236609064,15640.59750620425,approach,approach,handover->approach,0.0225,0.0225,1.8,1.0,0.0,1.0,feasible_with_soft_violation,,,,,,,,,,,,0.0,0,,0.0,,pass,10,0.1,,,left_bypass,,,,,,0.08,0.08,,0.0,,,,soft,,True,False,False,,,,,,,passed,1,False,False,,,0.0,
arm,arm_c0001,rolling_window,212,0,212,0.0,0.0,0.0,3.0022238708948743,0.0,0.0,0.004359394029342922,0.0,0.0,0.0225,5.492596907904203,15646.090103112156,approach,approach,handover->approach,0.0225,0.0225,1.8,1.0,0.0,1.0,feasible_with_soft_violation,,,,,,,,,,,,0.0,0,,0.0,,pass,10,0.1,,,left_bypass,,,,,,0.08,0.08,,0.0,,,,soft,,True,False,False,,,,,,,passed,1,False,False,,,0.0,
arm,arm_c0001,rolling_window,213,0,213,0.0,0.0,0.0,3.0022238708948743,0.0,0.0,0.004273698872324988,0.0,0.0,0.0225,5.4917399563340235,15651.58184306849,approach,approach,handover->approach,0.0225,0.0225,1.8,1.0,0.0,1.0,feasible_with_soft_violation,,,,,,,,,,,,0.0,0,,0.0,,pass,10,0.1,,,left_bypass,,,,,,0.08,0.08,,0.0,,,,soft,,True,False,False,,,,,,,passed,1,False,False,,,0.0,
arm,arm_c0001,rolling_window,214,0,214,0.0,0.0,0.0,3.0022238708948743,0.0,0.0,0.004188854376932763,0.0,0.0,0.0225,5.490891511380101,15657.07273457987,approach,approach,handover->approach,0.0225,0.0225,1.8,1.0,0.0,1.0,feasible_with_soft_violation,,,,,,,,,,,,0.0,0,,0.0,,pass,10,0.1,,,left_bypass,,,,,,0.08,0.08,,0.0,,,,soft,,True,False,False,,,,,,,passed,1,False,False,,,0.0,
arm,arm_c0001,rolling_window,215,0,215,0.0,0.0,0.0,3.0022238708948743,0.0,0.0,0.004104860543166247,0.0,0.0,0.0225,5.490051573042436,15662.562786152912,approach,approach,handover->approach,0.0225,0.0225,1.8,1.0,0.0,1.0,feasible_with_soft_violation,,,,,,,,,,,,0.0,0,,0.0,,pass,10,0.1,,,left_bypass,,,,,,0.08,0.08,,0.0,,,,soft,,True,False,False,,,,,,,passed,1,False,False,,,0.0,
arm,arm_c0001,rolling_window,216,0,216,0.0,0.0,0.0,3.0022238708948743,0.0,0.0,0.00402171737102544,0.0,0.0,0.0225,5.489220141321028,15668.052006294232,approach,approach,handover->approach,0.0225,0.0225,1.8,1.0,0.0,1.0,feasible_with_soft_violation,,,,,,,,,,,,0.0,0,,0.0,,pass,10,0.1,,,left_bypass,,,,,,0.08,0.08,,0.0,,,,soft,,True,False,False,,,,,,,passed,1,False,False,,,0.0,
arm,arm_c0001,rolling_window,217,0,217,0.0,0.0,0.0,3.0022238708948743,0.0,0.0,0.003939424860510341,0.0,0.0,0.0225,5.488397216215877,15673.540403510448,approach,approach,handover->approach,0.0225,0.0225,1.8,1.0,0.0,1.0,feasible_with_soft_violation,,,,,,,,,,,,0.0,0,,0.0,,pass,10,0.1,,,left_bypass,,,,,,0.08,0.08,,0.0,,,,soft,,True,False,False,,,,,,,passed,1,False,False,,,0.0,
arm,arm_c0001,rolling_window,218,0,218,0.0,0.0,0.0,3.0022238708948743,0.0,0.0,0.003857983011620952,0.0,0.0,0.0225,5.487582797726984,15679.027986308174,approach,approach,handover->approach,0.0225,0.0225,1.8,1.0,0.0,1.0,feasible_with_soft_violation,,,,,,,,,,,,0.0,0,,0.0,,pass,10,0.1,,,left_bypass,,,,,,0.08,0.08,,0.0,,,,soft,,True,False,False,,,,,,,passed,1,False,False,,,0.0,
arm,arm_c0001,rolling_window,219,0,219,0.0,0.0,0.0,3.0022238708948743,0.0,0.0,0.0037773918243572714,0.0,0.0,0.0225,5.486776885854346,15684.514763194029,approach,approach,handover->approach,0.0225,0.0225,1.8,1.0,0.0,1.0,feasible_with_soft_violation,,,,,,,,,,,,0.0,0,,0.0,,pass,10,0.1,,,left_bypass,,,,,,0.08,0.08,,0.0,,,,soft,,True,False,False,,,,,,,passed,1,False,False,,,0.0,
arm,arm_c0001,rolling_window,220,0,220,0.0,0.0,0.0,3.0022238708948743,0.0,0.0,0.0036976512987193,0.0,0.0,0.0225,5.485979480597967,15690.000742674627,approach,approach,handover->approach,0.0225,0.0225,1.8,1.0,0.0,1.0,feasible_with_soft_violation,,,,,,,,,,,,0.0,0,,0.0,,pass,10,0.1,,,left_bypass,,,,,,0.08,0.08,,0.0,,,,soft,,True,False,False,,,,,,,passed,1,False,False,,,0.0,
arm,arm_c0001,rolling_window,221,0,221,0.0,0.0,0.0,3.0022238708948743,0.0,0.0,0.003618761434707037,0.0,0.0,0.0225,5.485190581957844,15695.485933256585,approach,approach,handover->approach,0.0225,0.0225,1.8,1.0,0.0,1.0,feasible_with_soft_violation,,,,,,,,,,,,0.0,0,,0.0,,pass,10,0.1,,,left_bypass,,,,,,0.08,0.08,,0.0,,,,soft,,True,False,False,,,,,,,passed,1,False,False,,,0.0,
arm,arm_c0001,rolling_window,222,0,222,0.0,0.0,0.0,3.0022238708948743,0.0,0.0,0.0035407222323204867,0.0,0.0,0.0225,5.484410189933978,15700.97034344652,approach,approach,handover->approach,0.0225,0.0225,1.8,1.0,0.0,1.0,feasible_with_soft_violation,,,,,,,,,,,,0.0,0,,0.0,,pass,10,0.1,,,left_bypass,,,,,,0.08,0.08,,0.0,,,,soft,,True,False,False,,,,,,,passed,1,False,False,,,0.0,
arm,arm_c0001,rolling_window,223,0,223,0.0,0.0,0.0,3.0022238708948743,0.0,0.0,0.003463533691559642,0.0,0.0,0.0225,5.48363830452637,15706.453981751045,approach,approach,handover->approach,0.0225,0.0225,1.8,1.0,0.0,1.0,feasible_with_soft_violation,,,,,,,,,,,,0.0,0,,0.0,,pass,10,0.1,,,left_bypass,,,,,,0.08,0.08,,0.0,,,,soft,,True,False,False,,,,,,,passed,1,False,False,,,0.0,
arm,arm_c0001,rolling_window,224,0,224,0.0,0.0,0.0,3.0022238708948743,0.0,0.0,0.0033871958124245026,0.0,0.0,0.0225,5.482874925735019,15711.93685667678,approach,approach,handover->approach,0.0225,0.0225,1.8,1.0,0.0,1.0,feasible_with_soft_violation,,,,,,,,,,,,0.0,0,,0.0,,pass,10,0.1,,,left_bypass,,,,,,0.08,0.08,,0.0,,,,soft,,True,False,False,,,,,,,passed,1,False,False,,,0.0,
arm,arm_c0001,rolling_window,225,0,225,0.0,0.0,0.0,3.0022238708948743,0.0,0.0,0.0033117085949150786,0.0,0.0,0.0225,5.482120053559925,15717.418976730341,approach,approach,handover->approach,0.0225,0.0225,1.8,1.0,0.0,1.0,feasible_with_soft_violation,,,,,,,,,,,,0.0,0,,0.0,,pass,10,0.1,,,left_bypass,,,,,,0.08,0.08,,0.0,,,,soft,,True,False,False,,,,,,,passed,1,False,False,,,0.0,
arm,arm_c0001,rolling_window,226,0,226,0.0,0.0,0.0,3.0022238708948743,0.0,0.0,0.0032370720390313603,0.0,0.0,0.0225,5.481373688001088,15722.900350418342,approach,approach,handover->approach,0.0225,0.0225,1.8,1.0,0.0,1.0,feasible_with_soft_violation,,,,,,,,,,,,0.0,0,,0.0,,pass,10,0.1,,,left_bypass,,,,,,0.08,0.08,,0.0,,,,soft,,True,False,False,,,,,,,passed,1,False,False,,,0.0,
arm,arm_c0001,rolling_window,227,0,227,0.0,0.0,0.0,3.0022238708948743,0.0,0.0,0.003163286144773351,0.0,0.0,0.0225,5.4806358290585075,15728.3809862474,approach,approach,handover->approach,0.0225,0.0225,1.8,1.0,0.0,1.0,feasible_with_soft_violation,,,,,,,,,,,,0.0,0,,0.0,,pass,10,0.1,,,left_bypass,,,,,,0.08,0.08,,0.0,,,,soft,,True,False,False,,,,,,,passed,1,False,False,,,0.0,
arm,arm_c0001,rolling_window,228,0,228,0.0,0.0,0.0,3.0022238708948743,0.0,0.0,0.00309035091214105,0.0,0.0,0.0225,5.479906476732184,15733.860892724133,approach,approach,handover->approach,0.0225,0.0225,1.8,1.0,0.0,1.0,feasible_with_soft_violation,,,,,,,,,,,,0.0,0,,0.0,,pass,10,0.1,,,left_bypass,,,,,,0.08,0.08,,0.0,,,,soft,,True,False,False,,,,,,,passed,1,False,False,,,0.0,
arm,arm_c0001,rolling_window,229,0,229,0.0,0.0,0.0,3.0022238708948743,0.0,0.0,0.0030182663411344587,0.0,0.0,0.0225,5.479185631022118,15739.340078355155,approach,approach,handover->approach,0.0225,0.0225,1.8,1.0,0.0,1.0,feasible_with_soft_violation,,,,,,,,,,,,0.0,0,,0.0,,pass,10,0.1,,,left_bypass,,,,,,0.08,0.08,,0.0,,,,soft,,True,False,False,,,,,,,passed,1,False,False,,,0.0,
arm,arm_c0001,rolling_window,230,0,230,0.0,0.0,0.0,3.0022238708948743,0.0,0.0,0.002947032431753576,0.0,0.0,0.0225,5.478473291928309,15744.818551647084,approach,approach,handover->approach,0.0225,0.0225,1.8,1.0,0.0,1.0,feasible_with_soft_violation,,,,,,,,,,,,0.0,0,,0.0,,pass,10,0.1,,,left_bypass,,,,,,0.08,0.08,,0.0,,,,soft,,True,False,False,,,,,,,passed,1,False,False,,,0.0,
arm,arm_c0001,rolling_window,231,0,231,0.0,0.0,0.0,3.0022238708948743,0.0,0.0,1.8374741538087598e-05,0.0,0.0,0.0225,2.2367404570417926,15747.055292104125,handover,handover,handover->handover,0.0225,0.0225,0.7,3.0,0.0,3.0,feasible_with_soft_violation,,,,,,,,,,,,0.0,0,,0.0,,pass,10,0.1,,,left_bypass,,,,,,0.08,0.08,,0.0,,,,soft,,True,False,False,,,,,,,passed,1,False,False,,,0.0,
arm,arm_c0001,rolling_window,232,0,232,0.0,0.0,0.0,3.0022238708948743,0.0,0.0,1.8374741538087598e-05,0.0,0.0,0.0225,2.2367404570417926,15749.292032561167,handover,handover,handover->handover,0.0225,0.0225,0.7,3.0,0.0,3.0,feasible_with_soft_violation,,,,,,,,,,,,0.0,0,,0.0,,pass,10,0.1,,,left_bypass,,,,,,0.08,0.08,,0.0,,,,soft,,True,False,False,,,,,,,passed,1,False,False,,,0.0,
arm,arm_c0001,rolling_window,233,0,233,0.0,0.0,0.0,3.0022238708948743,0.0,0.0,1.8374741538087598e-05,0.0,0.0,0.0225,2.2367404570417926,15751.528773018208,handover,handover,handover->handover,0.0225,0.0225,0.7,3.0,0.0,3.0,feasible_with_soft_violation,,,,,,,,,,,,0.0,0,,0.0,,pass,10,0.1,,,left_bypass,,,,,,0.08,0.08,,0.0,,,,soft,,True,False,False,,,,,,,passed,1,False,False,,,0.0,
arm,arm_c0001,rolling_window,234,0,234,0.0,0.0,0.0,3.0022238708948743,0.0,0.0,1.8374741538087598e-05,0.0,0.0,0.0225,2.2367404570417926,15753.76551347525,handover,handover,handover->handover,0.0225,0.0225,0.7,3.0,0.0,3.0,feasible_with_soft_violation,,,,,,,,,,,,0.0,0,,0.0,,pass,10,0.1,,,left_bypass,,,,,,0.08,0.08,,0.0,,,,soft,,True,False,False,,,,,,,passed,1,False,False,,,0.0,
arm,arm_c0001,rolling_window,235,0,235,0.0,0.0,0.0,3.0022238708948743,0.0,0.0,1.8374741538087598e-05,0.0,0.0,0.0225,2.2367404570417926,15756.00225393229,handover,handover,handover->handover,0.0225,0.0225,0.7,3.0,0.0,3.0,feasible_with_soft_violation,,,,,,,,,,,,0.0,0,,0.0,,pass,10,0.1,,,left_bypass,,,,,,0.08,0.08,,0.0,,,,soft,,True,False,False,,,,,,,passed,1,False,False,,,0.0,
arm,arm_c0001,rolling_window,236,0,236,0.0,0.0,0.0,3.0022238708948743,0.0,0.0,1.8374741538087598e-05,0.0,0.0,0.0225,2.2367404570417926,15758.238994389332,handover,handover,handover->handover,0.0225,0.0225,0.7,3.0,0.0,3.0,feasible_with_soft_violation,,,,,,,,,,,,0.0,0,,0.0,,pass,10,0.1,,,left_bypass,,,,,,0.08,0.08,,0.0,,,,soft,,True,False,False,,,,,,,passed,1,False,False,,,0.0,
arm,arm_c0001,rolling_window,237,0,237,0.0,0.0,0.0,3.0022238708948743,0.0,0.0,1.8374741538087598e-05,0.0,0.0,0.0225,2.2367404570417926,15760.475734846374,handover,handover,handover->handover,0.0225,0.0225,0.7,3.0,0.0,3.0,feasible_with_soft_violation,,,,,,,,,,,,0.0,0,,0.0,,pass,10,0.1,,,left_bypass,,,,,,0.08,0.08,,0.0,,,,soft,,True,False,False,,,,,,,passed,1,False,False,,,0.0,
arm,arm_c0001,rolling_window,238,0,238,0.0,0.0,0.0,3.0022238708948743,0.0,0.0,1.8374741538087598e-05,0.0,0.0,0.0225,2.2367404570417926,15762.712475303415,handover,handover,handover->handover,0.0225,0.0225,0.7,3.0,0.0,3.0,feasible_with_soft_violation,,,,,,,,,,,,0.0,0,,0.0,,pass,10,0.1,,,left_bypass,,,,,,0.08,0.08,,0.0,,,,soft,,True,False,False,,,,,,,passed,1,False,False,,,0.0,
arm,arm_c0001,rolling_window,239,0,239,0.0,0.0,0.0,3.0022238708948743,0.0,0.0,1.8374741538087598e-05,0.0,0.0,0.0225,2.2367404570417926,15764.949215760456,handover,handover,handover->handover,0.0225,0.0225,0.7,3.0,0.0,3.0,feasible_with_soft_violation,,,,,,,,,,,,0.0,0,,0.0,,pass,10,0.1,,,left_bypass,,,,,,0.08,0.08,,0.0,,,,soft,,True,False,False,,,,,,,passed,1,False,False,,,0.0,
arm,arm_c0001,rolling_window,240,0,240,0.0,0.0,0.0,3.0022238708948743,0.0,0.0,1.8374741538087598e-05,0.0,0.0,0.0225,2.2367404570417926,15767.185956217498,handover,handover,handover->handover,0.0225,0.0225,0.7,3.0,0.0,3.0,feasible_with_soft_violation,,,,,,,,,,,,0.0,0,,0.0,,pass,10,0.1,,,left_bypass,,,,,,0.08,0.08,,0.0,,,,soft,,True,False,False,,,,,,,passed,1,False,False,,,0.0,
arm,arm_c0001,rolling_window,241,0,241,0.0,0.0,0.0,3.0022238708948743,0.0,0.0,1.8374741538087598e-05,0.0,0.0,0.0225,2.2367404570417926,15769.42269667454,handover,handover,handover->handover,0.0225,0.0225,0.7,3.0,0.0,3.0,feasible_with_soft_violation,,,,,,,,,,,,0.0,0,,0.0,,pass,10,0.1,,,left_bypass,,,,,,0.08,0.08,,0.0,,,,soft,,True,False,False,,,,,,,passed,1,False,False,,,0.0,
arm,arm_c0001,rolling_window,242,0,242,0.0,0.0,0.0,3.0022238708948743,0.0,0.0,1.8374741538087598e-05,0.0,0.0,0.0225,2.2367404570417926,15771.65943713158,handover,handover,handover->handover,0.0225,0.0225,0.7,3.0,0.0,3.0,feasible_with_soft_violation,,,,,,,,,,,,0.0,0,,0.0,,pass,10,0.1,,,left_bypass,,,,,,0.08,0.08,,0.0,,,,soft,,True,False,False,,,,,,,passed,1,False,False,,,0.0,
arm,arm_c0001,rolling_window,243,0,243,0.00016226700832877247,0.010000000000000009,0.010000000000000009,2.951726567558146,0.0,0.0,0.0040989823997535126,0.0,0.016226700832877264,0.02102303923247661,5.561572999404252,15777.221010130985,return,return,handover->return,0.02102303923247661,0.02102303923247661,1.8,1.0,0.0,1.0,feasible_with_soft_violation,,,,,,,,,,,,0.0,0,,0.0,,pass,10,0.1,,,left_bypass,,,,,,0.08,0.08,,0.0,,,,soft,,True,False,False,,,,,,,passed,1,False,False,,,0.0,
arm,arm_c0001,rolling_window,244,0,244,2.041933528945937e-05,0.011663999999999987,0.0009742535333427882,2.883217537603819,0.0,0.0,0.005807670544972453,0.0,0.0020419335289459245,0.018923521442869844,5.307516321353756,15782.528526452339,return,return,handover->return,0.018923521442869844,0.018923521442869844,1.8,1.0,0.0,1.0,feasible_with_soft_violation,,,,,,,,,,,,0.0,0,,0.0,,pass,10,0.1,,,left_bypass,,,,,,0.08,0.08,,0.0,,,,soft,,True,False,False,,,,,,,passed,1,False,False,,,0.0,
arm,arm_c0001,rolling_window,245,0,245,0.0,0.007169600459243853,0.002339929487007569,2.8248088757667364,0.0,0.0,0.007214217503695912,0.0,0.0,0.01684352124684351,5.191670139854098,15787.720196592194,return,return,handover->return,0.01684352124684351,0.01684352124684351,1.8,1.0,0.0,1.0,feasible_with_soft_violation,,,,,,,,,,,,0.0,0,,0.0,,pass,10,0.1,,,left_bypass,,,,,,0.08,0.08,,0.0,,,,soft,,True,False,False,,,,,,,passed,1,False,False,,,0.0,
arm,arm_c0001,rolling_window,246,0,246,0.0,0.0023104967416794583,0.0020419335289459826,2.7952412767982944,0.0,0.0,0.007926057828399988,0.0,0.0,0.015618957973753391,5.142572228848395,15792.862768821042,return,return,handover->return,0.015618957973753391,0.015618957973753391,1.8,1.0,0.0,1.0,feasible_with_soft_violation,,,,,,,,,,,,0.0,0,,0.0,,pass,10,0.1,,,left_bypass,,,,,,0.08,0.08,,0.0,,,,soft,,True,False,False,,,,,,,passed,1,False,False,,,0.0,
arm,arm_c0001,rolling_window,247,0,247,0.0,0.0023104967416795155,3.851859888774472e-31,2.76419964273842,0.0,0.0,0.008645042779149091,0.0,0.0,0.01444060463549684,5.091122043665809,15797.953890864708,return,return,handover->return,0.01444060463549684,0.01444060463549684,1.8,1.0,0.0,1.0,feasible_with_soft_violation,,,,,,,,,,,,0.0,0,,0.0,,pass,10,0.1,,,left_bypass,,,,,,0.08,0.08,,0.0,,,,soft,,True,False,False,,,,,,,passed,1,False,False,,,0.0,
arm,arm_c0001,rolling_window,248,0,248,0.0,0.0023104967416794973,7.733812432929995e-32,2.731758154594684,0.0,0.0,0.009365928004750715,0.0,0.0,0.013308461232073888,5.037671930456256,15802.991562795165,return,return,handover->return,0.013308461232073888,0.013308461232073888,1.8,1.0,0.0,1.0,feasible_with_soft_violation,,,,,,,,,,,,0.0,0,,0.0,,pass,10,0.1,,,left_bypass,,,,,,0.08,0.08,,0.0,,,,soft,,True,False,False,,,,,,,passed,1,False,False,,,0.0,
arm,arm_c0001,rolling_window,249,0,249,0.0,0.0023104967416794973,1.2037062152420224e-33,2.6979997769119968,0.0,0.0,0.010083253506090172,0.0,0.0,0.012222527763484526,4.981908238703634,15807.973471033869,return,return,handover->return,0.012222527763484526,0.012222527763484526,1.8,1.0,0.0,1.0,feasible_with_soft_violation,,,,,,,,,,,,0.0,0,,0.0,,pass,10,0.1,,,left_bypass,,,,,,0.08,0.08,,0.0,,,,soft,,True,False,False,,,,,,,passed,1,False,False,,,0.0,
arm,arm_c0001,rolling_window,250,0,250,0.0,0.002310496741679476,3.863896950926892e-31,2.6630154740127443,0.0,0.0,0.010791390192790748,0.0,0.0,0.011182804229728756,4.923938413284473,15812.897409447154,return,return,handover->return,0.011182804229728756,0.011182804229728756,1.8,1.0,0.0,1.0,feasible_with_soft_violation,,,,,,,,,,,,0.0,0,,0.0,,pass,10,0.1,,,left_bypass,,,,,,0.08,0.08,,0.0,,,,soft,,True,False,False,,,,,,,passed,1,False,False,,,0.0,
arm,arm_c0001,rolling_window,251,0,251,0.0,0.0023104967416794973,3.8548691543125768e-31,2.626903341616597,0.0,0.0,0.01148460055072776,0.0,0.0,0.010189290630806574,4.863881651352934,15817.761291098506,return,return,handover->return,0.010189290630806574,0.010189290630806574,1.8,1.0,0.0,1.0,feasible_with_soft_violation,,,,,,,,,,,,0.0,0,,0.0,,pass,10,0.1,,,left_bypass,,,,,,0.08,0.08,,0.0,,,,soft,,True,False,False,,,,,,,passed,1,False,False,,,0.0,
arm,arm_c0001,rolling_window,252,0,252,0.0,0.0023104967416794973,0.0,2.589767667071567,0.0,0.0,0.012157113755466385,0.0,0.0,0.009241986966717979,4.80186796189109,15822.563159060397,return,return,handover->return,0.009241986966717979,0.009241986966717979,1.8,1.0,0.0,1.0,feasible_with_soft_violation,,,,,,,,,,,,0.0,0,,0.0,,pass,10,0.1,,,left_bypass,,,,,,0.08,0.08,,0.0,,,,soft,,True,False,False,,,,,,,passed,1,False,False,,,0.0,
arm,arm_c0001,rolling_window,253,0,253,0.0,0.0,0.0023104967416794973,2.589767667071567,0.0,0.0,0.012471170876758595,0.0,0.0,0.009241986966717979,4.805239582778179,15827.368398643175,return,return,handover->return,0.009241986966717979,0.009241986966717979,1.8,1.0,0.0,1.0,feasible_with_soft_violation,,,,,,,,,,,,0.0,0,,0.0,,pass,10,0.1,,,left_bypass,,,,,,0.08,0.08,,0.0,,,,soft,,True,False,False,,,,,,,passed,1,False,False,,,0.0,
arm,arm_c0001,rolling_window,254,0,254,0.0,0.0,0.0,2.589767667071567,0.0,0.0,0.012789232982030867,0.0,0.0,0.009241986966717979,4.807958104482567,15832.176356747657,return,return,handover->return,0.009241986966717979,0.009241986966717979,1.8,1.0,0.0,1.0,feasible_with_soft_violation,,,,,,,,,,,,0.0,0,,0.0,,pass,10,0.1,,,left_bypass,,,,,,0.08,0.08,,0.0,,,,soft,,True,False,False,,,,,,,passed,1,False,False,,,0.0,
arm,arm_c0001,rolling_window,255,0,255,0.0,0.0,0.0,2.589767667071567,0.0,0.0,0.013111300071283204,0.0,0.0,0.009241986966717979,4.81117877537509,15836.987535523032,return,return,handover->return,0.009241986966717979,0.009241986966717979,1.8,1.0,0.0,1.0,feasible_with_soft_violation,,,,,,,,,,,,0.0,0,,0.0,,pass,10,0.1,,,left_bypass,,,,,,0.08,0.08,,0.0,,,,soft,,True,False,False,,,,,,,passed,1,False,False,,,0.0,
arm,arm_c0001,rolling_window,256,0,256,0.0,0.0,0.0,2.589767667071567,0.0,0.0,0.013437372144515606,0.0,0.0,0.009241986966717979,4.814439496107414,15841.80197501914,return,return,handover->return,0.009241986966717979,0.009241986966717979,1.8,1.0,0.0,1.0,feasible_with_soft_violation,,,,,,,,,,,,0.0,0,,0.0,,pass,10,0.1,,,left_bypass,,,,,,0.08,0.08,,0.0,,,,soft,,True,False,False,,,,,,,passed,1,False,False,,,0.0,
arm,arm_c0001,rolling_window,257,0,257,0.0,0.0023104967416795155,0.0023104967416795155,2.5517179323599373,0.0,0.0,0.014116212435948326,0.0,0.0,0.008340893237462975,4.7516293381048005,15846.553604357245,return,return,handover->return,0.008340893237462975,0.008340893237462975,1.8,1.0,0.0,1.0,feasible_with_soft_violation,,,,,,,,,,,,0.0,0,,0.0,,pass,10,0.1,,,left_bypass,,,,,,0.08,0.08,,0.0,,,,soft,,True,False,False,,,,,,,passed,1,False,False,,,0.0,
arm,arm_c0001,rolling_window,258,0,258,0.0,0.0,0.0023104967416795155,2.5517179323599373,0.0,0.0,0.014454474365471802,0.0,0.0,0.008340893237462975,4.754780907725867,15851.30838526497,return,return,handover->return,0.008340893237462975,0.008340893237462975,1.8,1.0,0.0,1.0,feasible_with_soft_violation,,,,,,,,,,,,0.0,0,,0.0,,pass,10,0.1,,,left_bypass,,,,,,0.08,0.08,,0.0,,,,soft,,True,False,False,,,,,,,passed,1,False,False,,,0.0,
arm,arm_c0001,rolling_window,259,0,259,0.0,0.0,0.0,2.5517179323599373,0.0,0.0,0.014796741278975343,0.0,0.0,0.008340893237462975,4.757741477512567,15856.066126742484,return,return,handover->return,0.008340893237462975,0.008340893237462975,1.8,1.0,0.0,1.0,feasible_with_soft_violation,,,,,,,,,,,,0.0,0,,0.0,,pass,10,0.1,,,left_bypass,,,,,,0.08,0.08,,0.0,,,,soft,,True,False,False,,,,,,,passed,1,False,False,,,0.0,
arm,arm_c0001,rolling_window,260,0,260,0.0,0.0,0.0,2.5517179323599373,0.0,0.0,0.015143013176458948,0.0,0.0,0.008340893237462975,4.7612041964874035,15860.827330938971,return,return,handover->return,0.008340893237462975,0.008340893237462975,1.8,1.0,0.0,1.0,feasible_with_soft_violation,,,,,,,,,,,,0.0,0,,0.0,,pass,10,0.1,,,left_bypass,,,,,,0.08,0.08,,0.0,,,,soft,,True,False,False,,,,,,,passed,1,False,False,,,0.0,
arm,arm_c0001,rolling_window,261,0,261,0.0,0.0023104967416794583,0.0023104967416794583,2.5128677746975656,0.0,0.0,0.015810275974414485,0.0,0.0,0.0074860094430415644,4.6969299221083505,15865.52426086108,return,return,handover->return,0.0074860094430415644,0.0074860094430415644,1.8,1.0,0.0,1.0,feasible_with_soft_violation,,,,,,,,,,,,0.0,0,,0.0,,pass,10,0.1,,,left_bypass,,,,,,0.08,0.08,,0.0,,,,soft,,True,False,False,,,,,,,passed,1,False,False,,,0.0,
arm,arm_c0001,rolling_window,262,0,262,0.0,0.0,0.0023104967416794583,2.5128677746975656,0.0,0.0,0.01616814333400997,0.0,0.0,0.0074860094430415644,4.700277546030137,15870.22453840711,return,return,handover->return,0.0074860094430415644,0.0074860094430415644,1.8,1.0,0.0,1.0,feasible_with_soft_violation,,,,,,,,,,,,0.0,0,,0.0,,pass,10,0.1,,,left_bypass,,,,,,0.08,0.08,,0.0,,,,soft,,True,False,False,,,,,,,passed,1,False,False,,,0.0,
arm,arm_c0001,rolling_window,263,0,263,0.0,0.0,0.0,2.5128677746975656,0.0,0.0,0.016530015677585514,0.0,0.0,0.0074860094430415644,4.703434170117557,15874.927972577229,return,return,handover->return,0.0074860094430415644,0.0074860094430415644,1.8,1.0,0.0,1.0,feasible_with_soft_violation,,,,,,,,,,,,0.0,0,,0.0,,pass,10,0.1,,,left_bypass,,,,,,0.08,0.08,,0.0,,,,soft,,True,False,False,,,,,,,passed,1,False,False,,,0.0,
arm,arm_c0001,rolling_window,264,0,264,0.0,0.0,0.0,2.5128677746975656,0.0,0.0,0.016895893005141122,0.0,0.0,0.0074860094430415644,4.707092943393113,15879.635065520622,return,return,handover->return,0.0074860094430415644,0.0074860094430415644,1.8,1.0,0.0,1.0,feasible_with_soft_violation,,,,,,,,,,,,0.0,0,,0.0,,pass,10,0.1,,,left_bypass,,,,,,0.08,0.08,,0.0,,,,soft,,True,False,False,,,,,,,passed,1,False,False,,,0.0,
arm,arm_c0001,rolling_window,265,0,265,0.0,0.0,0.0,2.5128677746975656,0.0,0.0,0.017265775316676796,0.0,0.0,0.0074860094430415644,4.71079176650847,15884.345857287131,return,return,handover->return,0.0074860094430415644,0.0074860094430415644,1.8,1.0,0.0,1.0,feasible_with_soft_violation,,,,,,,,,,,,0.0,0,,0.0,,pass,10,0.1,,,left_bypass,,,,,,0.08,0.08,,0.0,,,,soft,,True,False,False,,,,,,,passed,1,False,False,,,0.0,
arm,arm_c0001,rolling_window,266,0,266,0.0,0.0023104967416794973,0.0023104967416794973,2.4733339199147863,0.0,0.0,0.017919345094190853,0.0,0.0,0.0066773355834537414,4.645242326977936,15888.99109961411,return,return,handover->return,0.0066773355834537414,0.0066773355834537414,1.8,1.0,0.0,1.0,feasible_with_soft_violation,,,,,,,,,,,,0.0,0,,0.0,,pass,10,0.1,,,left_bypass,,,,,,0.08,0.08,,0.0,,,,soft,,True,False,False,,,,,,,passed,1,False,False,,,0.0,
arm,arm_c0001,rolling_window,267,0,267,0.0,0.0,0.0023104967416794973,2.4733339199147863,0.0,0.0,0.018300205580779064,0.0,0.0,0.0066773355834537414,4.64881988216965,15893.63991949628,return,return,handover->return,0.0066773355834537414,0.0066773355834537414,1.8,1.0,0.0,1.0,feasible_with_soft_violation,,,,,,,,,,,,0.0,0,,0.0,,pass,10,0.1,,,left_bypass,,,,,,0.08,0.08,,0.0,,,,soft,,True,False,False,,,,,,,passed,1,False,False,,,0.0,
arm,arm_c0001,rolling_window,268,0,268,0.0,0.0,0.0,2.4733339199147863,0.0,0.0,0.018685071051347327,0.0,0.0,0.0066773355834537414,4.652206437526997,15898.292125933807,return,return,handover->return,0.0066773355834537414,0.0066773355834537414,1.8,1.0,0.0,1.0,feasible_with_soft_violation,,,,,,,,,,,,0.0,0,,0.0,,pass,10,0.1,,,left_bypass,,,,,,0.08,0.08,,0.0,,,,soft,,True,False,False,,,,,,,passed,1,False,False,,,0.0,
arm,arm_c0001,rolling_window,269,0,269,0.0,0.0,0.0,2.4733339199147863,0.0,0.0,0.019073941505895666,0.0,0.0,0.0066773355834537414,4.6560951420724805,15902.94822107588,return,return,handover->return,0.0066773355834537414,0.0066773355834537414,1.8,1.0,0.0,1.0,feasible_with_soft_violation,,,,,,,,,,,,0.0,0,,0.0,,pass,10,0.1,,,left_bypass,,,,,,0.08,0.08,,0.0,,,,soft,,True,False,False,,,,,,,passed,1,False,False,,,0.0,
arm,arm_c0001,rolling_window,270,0,270,0.0,0.0023104967416795155,0.0023104967416795155,2.433235103890532,0.0,0.0,0.019697331281233556,0.0,0.0,0.005914871658699507,4.589319392155197,15907.537540468034,return,return,handover->return,0.005914871658699507,0.005914871658699507,1.8,1.0,0.0,1.0,feasible_with_soft_violation,,,,,,,,,,,,0.0,0,,0.0,,pass,10,0.1,,,left_bypass,,,,,,0.08,0.08,,0.0,,,,soft,,True,False,False,,,,,,,passed,1,False,False,,,0.0,
arm,arm_c0001,rolling_window,271,0,271,0.0,0.0,0.0023104967416795155,2.433235103890532,0.0,0.0,0.02009654277672516,0.0,0.0,0.005914871658699507,4.593080457435945,15912.13062092547,return,return,handover->return,0.005914871658699507,0.005914871658699507,1.8,1.0,0.0,1.0,feasible_with_soft_violation,,,,,,,,,,,,0.0,0,,0.0,,pass,10,0.1,,,left_bypass,,,,,,0.08,0.08,,0.0,,,,soft,,True,False,False,,,,,,,passed,1,False,False,,,0.0,
arm,arm_c0001,rolling_window,272,0,272,0.0,0.0,0.0,2.433235103890532,0.0,0.0,0.020499759256196824,0.0,0.0,0.005914871658699507,4.596650522882325,15916.727271448353,return,return,handover->return,0.005914871658699507,0.005914871658699507,1.8,1.0,0.0,1.0,feasible_with_soft_violation,,,,,,,,,,,,0.0,0,,0.0,,pass,10,0.1,,,left_bypass,,,,,,0.08,0.08,,0.0,,,,soft,,True,False,False,,,,,,,passed,1,False,False,,,0.0,
arm,arm_c0001,rolling_window,273,0,273,0.0,0.0,0.0,2.433235103890532,0.0,0.0,0.020906980719648555,0.0,0.0,0.005914871658699507,4.6007227375168425,15921.327994185871,return,return,handover->return,0.005914871658699507,0.005914871658699507,1.8,1.0,0.0,1.0,feasible_with_soft_violation,,,,,,,,,,,,0.0,0,,0.0,,pass,10,0.1,,,left_bypass,,,,,,0.08,0.08,,0.0,,,,soft,,True,False,False,,,,,,,passed,1,False,False,,,0.0,
arm,arm_c0001,rolling_window,274,0,274,0.0,0.0,0.0,2.433235103890532,0.0,0.0,0.021318207167080352,0.0,0.0,0.005914871658699507,4.604835001991161,15925.932829187863,return,return,handover->return,0.005914871658699507,0.005914871658699507,1.8,1.0,0.0,1.0,feasible_with_soft_violation,,,,,,,,,,,,0.0,0,,0.0,,pass,10,0.1,,,left_bypass,,,,,,0.08,0.08,,0.0,,,,soft,,True,False,False,,,,,,,passed,1,False,False,,,0.0,
arm,arm_c0001,rolling_window,275,0,275,0.0,0.0023104967416795155,0.0023104967416795155,2.39269099711352,0.0,0.0,0.021908576096973654,0.0,0.0,0.0051986176687788595,4.537019940134136,15930.469849127998,return,return,handover->return,0.0051986176687788595,0.0051986176687788595,1.8,1.0,0.0,1.0,feasible_with_soft_violation,,,,,,,,,,,,0.0,0,,0.0,,pass,10,0.1,,,left_bypass,,,,,,0.08,0.08,,0.0,,,,soft,,True,False,False,,,,,,,passed,1,False,False,,,0.0,
arm,arm_c0001,rolling_window,276,0,276,0.0,0.0,0.0023104967416795155,2.39269099711352,0.0,0.0,0.02232949026532135,0.0,0.0,0.0051986176687788595,4.540998032143444,15935.010847160142,return,return,handover->return,0.0051986176687788595,0.0051986176687788595,1.8,1.0,0.0,1.0,feasible_with_soft_violation,,,,,,,,,,,,0.0,0,,0.0,,pass,10,0.1,,,left_bypass,,,,,,0.08,0.08,,0.0,,,,soft,,True,False,False,,,,,,,passed,1,False,False,,,0.0,
arm,arm_c0001,rolling_window,277,0,277,0.0,0.0,0.0,2.39269099711352,0.0,0.0,0.02275440941764911,0.0,0.0,0.0051986176687788595,4.544785124318387,15939.55563228446,return,return,handover->return,0.0051986176687788595,0.0051986176687788595,1.8,1.0,0.0,1.0,feasible_with_soft_violation,,,,,,,,,,,,0.0,0,,0.0,,pass,10,0.1,,,left_bypass,,,,,,0.08,0.08,,0.0,,,,soft,,True,False,False,,,,,,,passed,1,False,False,,,0.0,
arm,arm_c0001,rolling_window,278,0,278,0.0,0.0,0.0,2.39269099711352,0.0,0.0,0.023183333553956936,0.0,0.0,0.0051986176687788595,4.549074365681465,15944.104706650141,return,return,handover->return,0.0051986176687788595,0.0051986176687788595,1.8,1.0,0.0,1.0,feasible_with_soft_violation,,,,,,,,,,,,0.0,0,,0.0,,pass,10,0.1,,,left_bypass,,,,,,0.08,0.08,,0.0,,,,soft,,True,False,False,,,,,,,passed,1,False,False,,,0.0,
arm,arm_c0001,rolling_window,279,0,279,0.0,0.0,0.0,2.39269099711352,0.0,0.0,0.023616262674244826,0.0,0.0,0.0051986176687788595,4.553403656884344,15948.658110307026,return,return,handover->return,0.0051986176687788595,0.0051986176687788595,1.8,1.0,0.0,1.0,feasible_with_soft_violation,,,,,,,,,,,,0.0,0,,0.0,,pass,10,0.1,,,left_bypass,,,,,,0.08,0.08,,0.0,,,,soft,,True,False,False,,,,,,,passed,1,False,False,,,0.0,
arm,arm_c0001,rolling_window,280,0,280,0.0,0.002310496741679441,0.002310496741679441,2.351821146977083,0.0,0.0,0.02416428610873283,0.0,0.0,0.004528573613691814,4.484671221895966,15953.142781528923,return,return,handover->return,0.004528573613691814,0.004528573613691814,1.8,1.0,0.0,1.0,feasible_with_soft_violation,,,,,,,,,,,,0.0,0,,0.0,,pass,10,0.1,,,left_bypass,,,,,,0.08,0.08,,0.0,,,,soft,,True,False,False,,,,,,,passed,1,False,False,,,0.0,
arm,arm_c0001,rolling_window,281,0,281,0.0,0.0,0.002310496741679441,2.351821146977083,0.0,0.0,0.02460623764039713,0.0,0.0,0.004528573613691814,4.488859687538441,15957.631641216462,return,return,handover->return,0.004528573613691814,0.004528573613691814,1.8,1.0,0.0,1.0,feasible_with_soft_violation,,,,,,,,,,,,0.0,0,,0.0,,pass,10,0.1,,,left_bypass,,,,,,0.08,0.08,,0.0,,,,soft,,True,False,False,,,,,,,passed,1,False,False,,,0.0,
arm,arm_c0001,rolling_window,282,0,282,0.0,0.0,0.0,2.351821146977083,0.0,0.0,0.025052194156041496,0.0,0.0,0.004528573613691814,4.492857153346549,15962.124498369809,return,return,handover->return,0.004528573613691814,0.004528573613691814,1.8,1.0,0.0,1.0,feasible_with_soft_violation,,,,,,,,,,,,0.0,0,,0.0,,pass,10,0.1,,,left_bypass,,,,,,0.08,0.08,,0.0,,,,soft,,True,False,False,,,,,,,passed,1,False,False,,,0.0,
arm,arm_c0001,rolling_window,283,0,283,0.0,0.0,0.0,2.351821146977083,0.0,0.0,0.025502155655665944,0.0,0.0,0.004528573613691814,4.497356768342794,15966.621855138152,return,return,handover->return,0.004528573613691814,0.004528573613691814,1.8,1.0,0.0,1.0,feasible_with_soft_violation,,,,,,,,,,,,0.0,0,,0.0,,pass,10,0.1,,,left_bypass,,,,,,0.08,0.08,,0.0,,,,soft,,True,False,False,,,,,,,passed,1,False,False,,,0.0,
arm,arm_c0001,rolling_window,284,0,284,0.0,0.0023104967416795155,0.0023104967416795155,2.310743951694729,0.0,0.0,0.02599481800847468,0.0,0.0,0.003904739493438348,4.427789921144639,15971.049645059296,return,return,handover->return,0.003904739493438348,0.003904739493438348,1.8,1.0,0.0,1.0,feasible_with_soft_violation,,,,,,,,,,,,0.0,0,,0.0,,pass,10,0.1,,,left_bypass,,,,,,0.08,0.08,,0.0,,,,soft,,True,False,False,,,,,,,passed,1,False,False,,,0.0,
arm,arm_c0001,rolling_window,285,0,285,0.0,0.0,0.0023104967416795155,2.310743951694729,0.0,0.0,0.026453129232988246,0.0,0.0,0.003904739493438348,4.432141983715607,15975.481787043012,return,return,handover->return,0.003904739493438348,0.003904739493438348,1.8,1.0,0.0,1.0,feasible_with_soft_violation,,,,,,,,,,,,0.0,0,,0.0,,pass,10,0.1,,,left_bypass,,,,,,0.08,0.08,,0.0,,,,soft,,True,False,False,,,,,,,passed,1,False,False,,,0.0,
arm,arm_c0001,rolling_window,286,0,286,0.0,0.0,0.0,2.310743951694729,0.0,0.0,0.02691544544148188,0.0,0.0,0.003904739493438348,4.436303046452208,15979.918090089464,return,return,handover->return,0.003904739493438348,0.003904739493438348,1.8,1.0,0.0,1.0,feasible_with_soft_violation,,,,,,,,,,,,0.0,0,,0.0,,pass,10,0.1,,,left_bypass,,,,,,0.08,0.08,,0.0,,,,soft,,True,False,False,,,,,,,passed,1,False,False,,,0.0,
arm,arm_c0001,rolling_window,287,0,287,0.0,0.0,0.0,2.310743951694729,0.0,0.0,0.02738176663395559,0.0,0.0,0.003904739493438348,4.440966258376945,15984.359056347841,return,return,handover->return,0.003904739493438348,0.003904739493438348,1.8,1.0,0.0,1.0,feasible_with_soft_violation,,,,,,,,,,,,0.0,0,,0.0,,pass,10,0.1,,,left_bypass,,,,,,0.08,0.08,,0.0,,,,soft,,True,False,False,,,,,,,passed,1,False,False,,,0.0,
arm,arm_c0001,rolling_window,288,0,288,0.0,0.0023104967416795147,0.0023104967416795147,2.2695756787743777,0.0,0.0,0.02781254790636266,0.0,0.0,0.0033271153080184713,4.370709080496048,15988.729765428337,return,return,handover->return,0.0033271153080184713,0.0033271153080184713,1.8,1.0,0.0,1.0,feasible_with_soft_violation,,,,,,,,,,,,0.0,0,,0.0,,pass,10,0.1,,,left_bypass,,,,,,0.08,0.08,,0.0,,,,soft,,True,False,False,,,,,,,passed,1,False,False,,,0.0,
arm,arm_c0001,rolling_window,289,0,289,0.0,0.0,0.0023104967416795147,2.2695756787743777,0.0,0.0,0.028286543637307957,0.0,0.0,0.0033271153080184713,4.3752179881313324,15993.10498341647,return,return,handover->return,0.0033271153080184713,0.0033271153080184713,1.8,1.0,0.0,1.0,feasible_with_soft_violation,,,,,,,,,,,,0.0,0,,0.0,,pass,10,0.1,,,left_bypass,,,,,,0.08,0.08,,0.0,,,,soft,,True,False,False,,,,,,,passed,1,False,False,,,0.0,
arm,arm_c0001,rolling_window,290,0,290,0.0,0.0,0.0,2.2695756787743777,0.0,0.0,0.028764544352233322,0.0,0.0,0.0033271153080184713,4.379535895932251,15997.484519312402,return,return,handover->return,0.0033271153080184713,0.0033271153080184713,1.8,1.0,0.0,1.0,feasible_with_soft_violation,,,,,,,,,,,,0.0,0,,0.0,,pass,10,0.1,,,left_bypass,,,,,,0.08,0.08,,0.0,,,,soft,,True,False,False,,,,,,,passed,1,False,False,,,0.0,
arm,arm_c0001,rolling_window,291,0,291,0.0,0.0,0.0,2.2695756787743777,0.0,0.0,0.02924655005113877,0.0,0.0,0.0033271153080184713,4.384355952921306,16001.868875265323,return,return,handover->return,0.0033271153080184713,0.0033271153080184713,1.8,1.0,0.0,1.0,feasible_with_soft_violation,,,,,,,,,,,,0.0,0,,0.0,,pass,10,0.1,,,left_bypass,,,,,,0.08,0.08,,0.0,,,,soft,,True,False,False,,,,,,,passed,1,False,False,,,0.0,
arm,arm_c0001,rolling_window,292,0,292,0.0,0.0,0.0,2.2695756787743777,0.0,0.0,0.029732560734024284,0.0,0.0,0.0033271153080184713,4.389216059750161,16006.258091325073,return,return,handover->return,0.0033271153080184713,0.0033271153080184713,1.8,1.0,0.0,1.0,feasible_with_soft_violation,,,,,,,,,,,,0.0,0,,0.0,,pass,10,0.1,,,left_bypass,,,,,,0.08,0.08,,0.0,,,,soft,,True,False,False,,,,,,,passed,1,False,False,,,0.0,
arm,arm_c0001,rolling_window,293,0,293,0.0,0.0023104967416795155,0.0023104967416795155,2.228429539837458,0.0,0.0,0.030098850858853353,0.0,0.0,0.0027957010574321847,4.3184462314333265,16010.576537556506,return,return,handover->return,0.0027957010574321847,0.0027957010574321847,1.8,1.0,0.0,1.0,feasible_with_soft_violation,,,,,,,,,,,,0.0,0,,0.0,,pass,10,0.1,,,left_bypass,,,,,,0.08,0.08,,0.0,,,,soft,,True,False,False,,,,,,,passed,1,False,False,,,0.0,
arm,arm_c0001,rolling_window,294,0,294,0.0,0.0,0.0023104967416795155,2.228429539837458,0.0,0.0,0.03059186336195933,0.0,0.0,0.0027957010574321847,4.323145306790218,16014.899682863297,return,return,handover->return,0.0027957010574321847,0.0027957010574321847,1.8,1.0,0.0,1.0,feasible_with_soft_violation,,,,,,,,,,,,0.0,0,,0.0,,pass,10,0.1,,,left_bypass,,,,,,0.08,0.08,,0.0,,,,soft,,True,False,False,,,,,,,passed,1,False,False,,,0.0,
arm,arm_c0001,rolling_window,295,0,295,0.0,0.0,0.0,2.228429539837458,0.0,0.0,0.031088880849045392,0.0,0.0,0.0027957010574321847,4.327653382312743,16019.227336245609,return,return,handover->return,0.0027957010574321847,0.0027957010574321847,1.8,1.0,0.0,1.0,feasible_with_soft_violation,,,,,,,,,,,,0.0,0,,0.0,,pass,10,0.1,,,left_bypass,,,,,,0.08,0.08,,0.0,,,,soft,,True,False,False,,,,,,,passed,1,False,False,,,0.0,
arm,arm_c0001,rolling_window,296,0,296,0.0,0.0,0.0,2.228429539837458,0.0,0.0,0.03158990332011152,0.0,0.0,0.0027957010574321847,4.332663607023405,16023.559999852632,return,return,handover->return,0.0027957010574321847,0.0027957010574321847,1.8,1.0,0.0,1.0,feasible_with_soft_violation,,,,,,,,,,,,0.0,0,,0.0,,pass,10,0.1,,,left_bypass,,,,,,0.08,0.08,,0.0,,,,soft,,True,False,False,,,,,,,passed,1,False,False,,,0.0,
arm,arm_c0001,rolling_window,297,0,297,0.0,0.002310496741679441,0.002310496741679441,2.1874148322453544,0.0,0.0,0.031883413263019716,0.0,0.0,0.002310496741679497,4.261494973177697,16027.82149482581,return,return,handover->return,0.002310496741679497,0.002310496741679497,1.8,1.0,0.0,1.0,feasible_with_soft_violation,,,,,,,,,,,,0.0,0,,0.0,,pass,10,0.1,,,left_bypass,,,,,,0.08,0.08,,0.0,,,,soft,,True,False,False,,,,,,,passed,1,False,False,,,0.0,
arm,arm_c0001,rolling_window,298,0,298,0.0,0.0,0.002310496741679441,2.1874148322453544,0.0,0.0,0.03239077218239175,0.0,0.0,0.002310496741679497,4.26633751269725,16032.087832338508,return,return,handover->return,0.002310496741679497,0.002310496741679497,1.8,1.0,0.0,1.0,feasible_with_soft_violation,,,,,,,,,,,,0.0,0,,0.0,,pass,10,0.1,,,left_bypass,,,,,,0.08,0.08,,0.0,,,,soft,,True,False,False,,,,,,,passed,1,False,False,,,0.0,
arm,arm_c0001,rolling_window,299,0,299,0.0,0.0,0.0,2.1874148322453544,0.0,0.0,0.03290213608574387,0.0,0.0,0.002310496741679497,4.270989052382435,16036.35882139089,return,return,handover->return,0.002310496741679497,0.002310496741679497,1.8,1.0,0.0,1.0,feasible_with_soft_violation,,,,,,,,,,,,0.0,0,,0.0,,pass,10,0.1,,,left_bypass,,,,,,0.08,0.08,,0.0,,,,soft,,True,False,False,,,,,,,passed,1,False,False,,,0.0,
arm,arm_c0001,rolling_window,300,0,300,0.0,0.0,0.0,2.1874148322453544,0.0,0.0,0.03341750497307606,0.0,0.0,0.002310496741679497,4.276142741255757,16040.634964132145,return,return,handover->return,0.002310496741679497,0.002310496741679497,1.8,1.0,0.0,1.0,feasible_with_soft_violation,,,,,,,,,,,,0.0,0,,0.0,,pass,10,0.1,,,left_bypass,,,,,,0.08,0.08,,0.0,,,,soft,,True,False,False,,,,,,,passed,1,False,False,,,0.0,
arm,arm_c0001,rolling_window,301,0,301,0.0,0.0,0.0,2.1874148322453544,0.0,0.0,0.033936878844388285,0.0,0.0,0.002310496741679497,4.281336479968879,16044.916300612114,return,return,handover->return,0.002310496741679497,0.002310496741679497,1.8,1.0,0.0,1.0,feasible_with_soft_violation,,,,,,,,,,,,0.0,0,,0.0,,pass,10,0.1,,,left_bypass,,,,,,0.08,0.08,,0.0,,,,soft,,True,False,False,,,,,,,passed,1,False,False,,,0.0,
arm,arm_c0001,rolling_window,302,0,302,0.0,0.0023104967416795155,0.0023104967416795155,2.146636156533485,0.0,0.0,0.03415568255959682,0.0,0.0,0.0018715023607603905,4.2099380611002655,16049.126238673214,return,return,handover->return,0.0018715023607603905,0.0018715023607603905,1.8,1.0,0.0,1.0,feasible_with_soft_violation,,,,,,,,,,,,0.0,0,,0.0,,pass,10,0.1,,,left_bypass,,,,,,0.08,0.08,,0.0,,,,soft,,True,False,False,,,,,,,passed,1,False,False,,,0.0,
arm,arm_c0001,rolling_window,303,0,303,0.0,0.0,0.0023104967416795155,2.146636156533485,0.0,0.0,0.034680739468410465,0.0,0.0,0.0018715023607603905,4.214957580514235,16053.341196253728,return,return,handover->return,0.0018715023607603905,0.0018715023607603905,1.8,1.0,0.0,1.0,feasible_with_soft_violation,,,,,,,,,,,,0.0,0,,0.0,,pass,10,0.1,,,left_bypass,,,,,,0.08,0.08,,0.0,,,,soft,,True,False,False,,,,,,,passed,1,False,False,,,0.0,
arm,arm_c0001,rolling_window,304,0,304,0.0,0.0,0.0,2.146636156533485,0.0,0.0,0.03520980136120418,0.0,0.0,0.0018715023607603905,4.2197861000938355,16057.560982353822,return,return,handover->return,0.0018715023607603905,0.0018715023607603905,1.8,1.0,0.0,1.0,feasible_with_soft_violation,,,,,,,,,,,,0.0,0,,0.0,,pass,10,0.1,,,left_bypass,,,,,,0.08,0.08,,0.0,,,,soft,,True,False,False,,,,,,,passed,1,False,False,,,0.0,
arm,arm_c0001,rolling_window,305,0,305,0.0,0.0,0.0,2.146636156533485,0.0,0.0,0.035742868237977926,0.0,0.0,0.0018715023607603905,4.225116768861573,16061.786099122683,return,return,handover->return,0.0018715023607603905,0.0018715023607603905,1.8,1.0,0.0,1.0,feasible_with_soft_violation,,,,,,,,,,,,0.0,0,,0.0,,pass,10,0.1,,,left_bypass,,,,,,0.08,0.08,,0.0,,,,soft,,True,False,False,,,,,,,passed,1,False,False,,,0.0,
arm,arm_c0001,rolling_window,306,0,306,0.0,0.0,0.0,2.146636156533485,0.0,0.0,0.03627994009873174,0.0,0.0,0.0018715023607603905,4.230487487469111,16066.016586610152,return,return,handover->return,0.0018715023607603905,0.0018715023607603905,1.8,1.0,0.0,1.0,feasible_with_soft_violation,,,,,,,,,,,,0.0,0,,0.0,,pass,10,0.1,,,left_bypass,,,,,,0.08,0.08,,0.0,,,,soft,,True,False,False,,,,,,,passed,1,False,False,,,0.0,
arm,arm_c0001,rolling_window,307,0,307,0.0,0.0023104967416795155,0.0023104967416795155,2.106192717087829,0.0,0.0,0.03642016837802934,0.0,0.0,0.001478717914674875,4.158999159390239,16070.175585769543,return,return,handover->return,0.001478717914674875,0.001478717914674875,1.8,1.0,0.0,1.0,feasible_with_soft_violation,,,,,,,,,,,,0.0,0,,0.0,,pass,10,0.1,,,left_bypass,,,,,,0.08,0.08,,0.0,,,,soft,,True,False,False,,,,,,,passed,1,False,False,,,0.0,
arm,arm_c0001,rolling_window,308,0,308,0.0,0.0,0.0023104967416795155,2.106192717087829,0.0,0.0,0.03696228602608379,0.0,0.0,0.001478717914674875,4.164189286196616,16074.33977505574,return,return,handover->return,0.001478717914674875,0.001478717914674875,1.8,1.0,0.0,1.0,feasible_with_soft_violation,,,,,,,,,,,,0.0,0,,0.0,,pass,10,0.1,,,left_bypass,,,,,,0.08,0.08,,0.0,,,,soft,,True,False,False,,,,,,,passed,1,False,False,,,0.0,
arm,arm_c0001,rolling_window,309,0,309,0.0,0.0,0.0,2.106192717087829,0.0,0.0,0.037508408658118296,0.0,0.0,0.001478717914674875,4.169188413168626,16078.508963468908,return,return,handover->return,0.001478717914674875,0.001478717914674875,1.8,1.0,0.0,1.0,feasible_with_soft_violation,,,,,,,,,,,,0.0,0,,0.0,,pass,10,0.1,,,left_bypass,,,,,,0.08,0.08,,0.0,,,,soft,,True,False,False,,,,,,,passed,1,False,False,,,0.0,
arm,arm_c0001,rolling_window,310,0,310,0.0,0.0,0.0,2.106192717087829,0.0,0.0,0.03805853627413286,0.0,0.0,0.001478717914674875,4.174689689328771,16082.683653158238,return,return,handover->return,0.001478717914674875,0.001478717914674875,1.8,1.0,0.0,1.0,feasible_with_soft_violation,,,,,,,,,,,,0.0,0,,0.0,,pass,10,0.1,,,left_bypass,,,,,,0.08,0.08,,0.0,,,,soft,,True,False,False,,,,,,,passed,1,False,False,,,0.0,
arm,arm_c0001,rolling_window,311,0,311,0.0,0.00231049674167948,0.00231049674167948,2.0661777118661435,0.0,0.0,0.03811692594329211,0.0,0.0,0.0011321434034229521,4.103246576621328,16086.78689973486,return,return,handover->return,0.0011321434034229521,0.0011321434034229521,1.8,1.0,0.0,1.0,feasible_with_soft_violation,,,,,,,,,,,,0.0,0,,0.0,,pass,10,0.1,,,left_bypass,,,,,,0.08,0.08,,0.0,,,,soft,,True,False,False,,,,,,,passed,1,False,False,,,0.0,
arm,arm_c0001,rolling_window,312,0,312,0.0,0.0,0.00231049674167948,2.0661777118661435,0.0,0.0,0.03867148192187358,0.0,0.0,0.0011321434034229521,4.108561086732975,16090.895460821592,return,return,handover->return,0.0011321434034229521,0.0011321434034229521,1.8,1.0,0.0,1.0,feasible_with_soft_violation,,,,,,,,,,,,0.0,0,,0.0,,pass,10,0.1,,,left_bypass,,,,,,0.08,0.08,,0.0,,,,soft,,True,False,False,,,,,,,passed,1,False,False,,,0.0,
arm,arm_c0001,rolling_window,313,0,313,0.0,0.0,0.0,2.0661777118661435,0.0,0.0,0.039230042884435094,0.0,0.0,0.0011321434034229521,4.113684597010255,16095.009145418602,return,return,handover->return,0.0011321434034229521,0.0011321434034229521,1.8,1.0,0.0,1.0,feasible_with_soft_violation,,,,,,,,,,,,0.0,0,,0.0,,pass,10,0.1,,,left_bypass,,,,,,0.08,0.08,,0.0,,,,soft,,True,False,False,,,,,,,passed,1,False,False,,,0.0,
arm,arm_c0001,rolling_window,314,0,314,0.0,0.0,0.0,2.0661777118661435,0.0,0.0,0.039792608830976677,0.0,0.0,0.0011321434034229521,4.1193102564756705,16099.128455675078,return,return,handover->return,0.0011321434034229521,0.0011321434034229521,1.8,1.0,0.0,1.0,feasible_with_soft_violation,,,,,,,,,,,,0.0,0,,0.0,,pass,10,0.1,,,left_bypass,,,,,,0.08,0.08,,0.0,,,,soft,,True,False,False,,,,,,,passed,1,False,False,,,0.0,
arm,arm_c0001,rolling_window,315,0,315,0.0,0.0,0.0,2.0661777118661435,0.0,0.0,0.040359179761498346,0.0,0.0,0.0011321434034229521,4.124975965780887,16103.253431640858,return,return,handover->return,0.0011321434034229521,0.0011321434034229521,1.8,1.0,0.0,1.0,feasible_with_soft_violation,,,,,,,,,,,,0.0,0,,0.0,,pass,10,0.1,,,left_bypass,,,,,,0.08,0.08,,0.0,,,,soft,,True,False,False,,,,,,,passed,1,False,False,,,0.0,
arm,arm_c0001,rolling_window,316,0,316,0.0,0.002310496741679476,0.002310496741679476,2.026677815302481,0.0,0.0,0.040334882914944706,0.0,0.0,0.000831778827004619,4.053725603370426,16107.30715724423,return,return,handover->return,0.000831778827004619,0.000831778827004619,1.8,1.0,0.0,1.0,feasible_with_soft_violation,,,,,,,,,,,,0.0,0,,0.0,,pass,10,0.1,,,left_bypass,,,,,,0.08,0.08,,0.0,,,,soft,,True,False,False,,,,,,,passed,1,False,False,,,0.0,
arm,arm_c0001,rolling_window,317,0,317,0.0,0.0,0.002310496741679476,2.026677815302481,0.0,0.0,0.0409052876587109,0.0,0.0,0.000831778827004619,4.05919860113392,16111.366355845363,return,return,handover->return,0.000831778827004619,0.000831778827004619,1.8,1.0,0.0,1.0,feasible_with_soft_violation,,,,,,,,,,,,0.0,0,,0.0,,pass,10,0.1,,,left_bypass,,,,,,0.08,0.08,,0.0,,,,soft,,True,False,False,,,,,,,passed,1,False,False,,,0.0,
arm,arm_c0001,rolling_window,318,0,318,0.0,0.0,0.0,2.026677815302481,0.0,0.0,0.04147969738645716,0.0,0.0,0.000831778827004619,4.064480599063046,16115.430836444426,return,return,handover->return,0.000831778827004619,0.000831778827004619,1.8,1.0,0.0,1.0,feasible_with_soft_violation,,,,,,,,,,,,0.0,0,,0.0,,pass,10,0.1,,,left_bypass,,,,,,0.08,0.08,,0.0,,,,soft,,True,False,False,,,,,,,passed,1,False,False,,,0.0,
arm,arm_c0001,rolling_window,319,0,319,0.0,0.0,0.0,2.026677815302481,0.0,0.0,0.04205811209818351,0.0,0.0,0.000831778827004619,4.07026474618031,16119.501101190606,return,return,handover->return,0.000831778827004619,0.000831778827004619,1.8,1.0,0.0,1.0,feasible_with_soft_violation,,,,,,,,,,,,0.0,0,,0.0,,pass,10,0.1,,,left_bypass,,,,,,0.08,0.08,,0.0,,,,soft,,True,False,False,,,,,,,passed,1,False,False,,,0.0,
arm,arm_c0001,rolling_window,320,0,320,0.0,0.0,0.0,2.026677815302481,0.0,0.0,0.0426405317938899,0.0,0.0,0.000831778827004619,4.076088943137374,16123.577190133743,return,return,handover->return,0.000831778827004619,0.000831778827004619,1.8,1.0,0.0,1.0,feasible_with_soft_violation,,,,,,,,,,,,0.0,0,,0.0,,pass,10,0.1,,,left_bypass,,,,,,0.08,0.08,,0.0,,,,soft,,True,False,False,,,,,,,passed,1,False,False,,,0.0,
arm,arm_c0001,rolling_window,321,0,321,0.0,0.0023104967416795147,0.0023104967416795147,1.9877727568740928,0.0,0.0,0.04253255114391355,0.0,0.0,0.0005776241854198734,4.005164871205846,16127.582355004948,return,return,handover->return,0.0005776241854198734,0.0005776241854198734,1.8,1.0,0.0,1.0,feasible_with_soft_violation,,,,,,,,,,,,0.0,0,,0.0,,pass,10,0.1,,,left_bypass,,,,,,0.08,0.08,,0.0,,,,soft,,True,False,False,,,,,,,passed,1,False,False,,,0.0,
arm,arm_c0001,rolling_window,322,0,322,0.0,0.0,0.0023104967416795147,1.9877727568740928,0.0,0.0,0.043118235374460856,0.0,0.0,0.0005776241854198734,4.010790663837151,16131.593145668785,return,return,handover->return,0.0005776241854198734,0.0005776241854198734,1.8,1.0,0.0,1.0,feasible_with_soft_violation,,,,,,,,,,,,0.0,0,,0.0,,pass,10,0.1,,,left_bypass,,,,,,0.08,0.08,,0.0,,,,soft,,True,False,False,,,,,,,passed,1,False,False,,,0.0,
arm,arm_c0001,rolling_window,323,0,323,0.0,0.0,0.0,1.9877727568740928,0.0,0.0,0.043707924588988256,0.0,0.0,0.0005776241854198734,4.016225456634089,16135.60937112542,return,return,handover->return,0.0005776241854198734,0.0005776241854198734,1.8,1.0,0.0,1.0,feasible_with_soft_violation,,,,,,,,,,,,0.0,0,,0.0,,pass,10,0.1,,,left_bypass,,,,,,0.08,0.08,,0.0,,,,soft,,True,False,False,,,,,,,passed,1,False,False,,,0.0,
arm,arm_c0001,rolling_window,324,0,324,0.0,0.0,0.0,1.9877727568740928,0.0,0.0,0.044301618787495715,0.0,0.0,0.0005776241854198734,4.022162398619163,16139.63153352404,return,return,handover->return,0.0005776241854198734,0.0005776241854198734,1.8,1.0,0.0,1.0,feasible_with_soft_violation,,,,,,,,,,,,0.0,0,,0.0,,pass,10,0.1,,,left_bypass,,,,,,0.08,0.08,,0.0,,,,soft,,True,False,False,,,,,,,passed,1,False,False,,,0.0,
arm,arm_c0001,rolling_window,325,0,325,0.0,0.0,0.0,1.9877727568740928,0.0,0.0,0.04489931796998322,0.0,0.0,0.0005776241854198734,4.028139390444038,16143.659672914484,return,return,handover->return,0.0005776241854198734,0.0005776241854198734,1.8,1.0,0.0,1.0,feasible_with_soft_violation,,,,,,,,,,,,0.0,0,,0.0,,pass,10,0.1,,,left_bypass,,,,,,0.08,0.08,,0.0,,,,soft,,True,False,False,,,,,,,passed,1,False,False,,,0.0,
arm,arm_c0001,rolling_window,326,0,326,0.0,0.00231049674167948,0.00231049674167948,1.9495349961876554,0.0,0.0,0.0447074508294815,0.0,0.0,0.00036967947866871955,3.9576700094124355,16147.617342923897,return,return,handover->return,0.00036967947866871955,0.00036967947866871955,1.8,1.0,0.0,1.0,feasible_with_soft_violation,,,,,,,,,,,,0.0,0,,0.0,,pass,10,0.1,,,left_bypass,,,,,,0.08,0.08,,0.0,,,,soft,,True,False,False,,,,,,,passed,1,False,False,,,0.0,
arm,arm_c0001,rolling_window,327,0,327,0.0,0.0,0.00231049674167948,1.9495349961876554,0.0,0.0,0.045307872278994715,0.0,0.0,0.00036967947866871955,3.9634431742334,16151.580786098131,return,return,handover->return,0.00036967947866871955,0.00036967947866871955,1.8,1.0,0.0,1.0,feasible_with_soft_violation,,,,,,,,,,,,0.0,0,,0.0,,pass,10,0.1,,,left_bypass,,,,,,0.08,0.08,,0.0,,,,soft,,True,False,False,,,,,,,passed,1,False,False,,,0.0,
