t,mode,variant,target,phase,x,y,z,phi_prox,phi_close,phi_dir,phi_body,phi_env,phi_total,vx,vy,vz,speed_raw,speed_filtered,dt_used,velocity_valid,gate_state,gate_scale,gate_stop,gate_reason,adp_value,adp_delta,adp_enabled,selected_corridor_label,selected_corridor_type,corridor_id,execution_corridor_id,path_adp_mean,path_adp_max,path_adp_delta,adp_path_enabled,protected_saddle_count,protected_saddle_max_dist,protected_saddle_ok,mandatory_topology_node_count,mandatory_saddle_reached,mandatory_saddle_max_dist,corridor_violation_count,topology_tracking_error,mpc_segment_count,arm_adp_grad_norm,arm_adp_soft_cost,arm_v_adp_alignment,phi_ee_point,phi_wrist,phi_elbow,phi_object,phi_arm_max_point,phi_arm_mean_point,arm_interest_gate_risk,arm_interest_gate_scale,yaw,phi_center,phi_max_point,phi_mean_point,forbidden_hit,footprint_gate_risk,footprint_gate_scale,footprint_gate_stop
75.34,stsm,stsm,arm,0,7.4826998155604941e-05,-4.5133290441454639e-06,0.93899999600112705,0.41118240659452365,0.0,0.19736755516537136,7.522861213836969e-07,0.0004194307060108708,0.6089701447520273,3.48963308450743e-14,-3.3435511075830546e-18,0.0,3.4896331005253516e-14,9.901976582821563e-15,0.0379999999999967,1.0,NORMAL,1.0,0,,37.34836545199698,0.0,1,,,,,,,,,,,,,,,,,,,,,0.6089701447520274,0.6121637275419725,0.6989988181831137,0.6094232696325558,0.6989988181831137,0.6323889900274173,0.6989988181831129,1.0,,,,,,,,
75.398,stsm,stsm,arm,0,7.4826998154705663e-05,-4.5133290441453817e-06,0.93899999600112705,0.41118240659452276,0.0,0.1973675551653709,7.522861213836807e-07,0.0004194307060108693,0.6089701447520259,-2.1933608279041554e-14,2.003955997162074e-18,0.0,2.1933608370586903e-14,1.2404781516949804e-15,0.04100000000001103,1.0,NORMAL,1.0,0,,37.348365451997864,8.810729923425242e-13,1,,,,,,,,,,,,,,,,,,,,,0.608970144752026,0.612163727541971,0.6989988181831129,0.6094232696325544,0.6989988181831129,0.6323889900274161,0.6989988181831137,1.0,,,,,,,,
75.481,stsm,stsm,arm,0,0.00021349167089845797,-4.526344214673419e-06,0.93899996810195696,0.4113123551837494,0.0,0.1974299304881997,7.548158975675258e-07,0.00041966345310835647,0.6091627039409551,0.0015580300308287013,-1.4623787110154453e-07,-3.134738211828935e-07,0.0015580300692269824,0.0005453105242286374,0.08899999999999864,1.0,NORMAL,1.0,0,,37.34836545199789,2.842170943040401e-14,1,,,,,,,,,,,,,,,,,,13.856406460551018,0.0038555916057519822,-0.577344165166527,0.6091632847286762,0.6127189519057566,0.6992280807833169,0.6096166642844534,0.6992280807833169,0.6326817454255508,0.6989988181831129,1.0,,,,,,,,
75.54,stsm,stsm,arm,0,0.0017984270990971463,-4.6294736249354889e-06,0.93899771351555061,0.4127989389140807,0.0,0.19814349067875872,7.843421222203757e-07,0.0004223359943684845,0.6113655499293301,0.022323034199982168,-1.4525269050996186e-06,-3.1754738117567624e-05,0.022323056832942948,0.008167521479260401,0.07099999999999795,1.0,NORMAL,1.0,0,,37.38236227740056,0.03399682540266724,1,,,,,,,,,,,,,,,,,,13.856406460551018,0.003849423104673108,-0.57597622391179,0.6114484776245944,0.6139763307088565,0.6997403034239944,0.61190478088325,0.6997403034239944,0.6342674731601738,0.6992280807833169,1.0,,,,,,,,
75.62,stsm,stsm,arm,0,0.0031552729277762766,-3.1915693500693907e-06,0.93899287133213605,0.4140734401185465,0.0,0.19875525125690233,8.105357283015091e-07,0.00042464246374243126,0.6132541443749195,0.016347540104568146,1.7324147889953324e-05,-5.8339559211642255e-05,0.0163476533820831,0.011030559240164606,0.08299999999999841,1.0,NORMAL,1.0,0,,37.636953697905,0.2545914205044397,1,,,,,,,,,,,,,,,,,,13.856406460551018,0.003638880954681527,-0.5743042982119233,0.6134310940423804,0.6153920568624197,0.7002626582984568,0.6138899195535468,0.7002626582984568,0.6357439321892009,0.6997403034239944,1.0,,,,,,,,
75.699,stsm,stsm,arm,0,0.004260124785699578,4.153333449412299e-07,0.93898683333899591,0.41511249696617475,0.0,0.19925399854376388,8.325117785305148e-07,0.00042653402073847393,0.6147938620424557,0.014164767409272559,4.624234224372415e-05,-7.741016846333007e-05,0.014165054410315117,0.01212760869871172,0.07800000000000296,1.0,NORMAL,1.0,0,,37.85806760186318,0.22111390395818376,1,,,,,,,,,,,,,,,,,,13.856406460551018,0.003467306913359565,-0.5716368376281156,0.615008910831978,0.6164972423976017,0.7006308007314319,0.6154698041256548,0.7006308007314319,0.6369016895216666,0.7002626582984568,1.0,,,,,,,,
75.819,stsm,stsm,arm,0,0.0057562574128945873,1.2324935768494054e-05,0.93897521242422077,0.41652132233750483,0.0,0.1999302347220023,8.632343797855962e-07,0.00042911775306328037,0.6168815380469502,0.014961326271950943,0.000119096024235535,-0.00011620914775135154,0.014962251576710616,0.013119645090375715,0.09999999999999432,1.0,NORMAL,1.0,0,,38.03454557512045,0.17647797325726344,1,,,,,,,,,,,,,,,,,,13.856406460551018,0.003332111073792261,-0.5684501033297212,0.617139470568453,0.6182194475233324,0.7010380665471098,0.6176031869092359,0.7010380665471098,0.6385000428870328,0.7006308007314319,1.0,,,,,,,,
75.9,stsm,stsm,arm,0,0.0073006248556916299,3.4887109144657633e-05,0.93895844271983742,0.4179777145514516,0.0,0.20062930298469675,8.961618484175815e-07,0.0004318159500223503,0.6190397296480191,0.015443674427969109,0.00022562173376161656,-0.00016769704383355578,0.015446232786746518,0.01393371984537174,0.10000000000000853,1.0,NORMAL,1.0,0,,38.262489053311626,0.22794347819117888,1,,,,,,,,,,,,,,,,,,13.856406460551018,0.00315512752139346,-0.5620474947368191,0.6193350751434231,0.6192462281564932,0.7011474751848974,0.6198017374436651,0.7011474751848974,0.6398826289821197,0.7010380665471098,1.0,,,,,,,,
76.021,stsm,stsm,arm,0,0.0086071242558416299,6.6103288306549709e-05,0.93893911304746291,0.41921148093001936,0.0,0.2012215108464093,9.250412610543242e-07,0.0004341324096317615,0.6208680492273215,0.013064994001500742,0.0003121617916189385,-0.0001932967237450288,0.013070152136329847,0.013631016636290303,0.09999999999999432,1.0,NORMAL,1.0,0,,38.47873725212352,0.21624819881189694,1,,,,,,,,,,,,,,,,,,13.856406460551018,0.0029760900093969,-0.5550930334781154,0.6211530995042756,0.6204108675168386,0.7010168916966041,0.6216222882115299,0.7010168916966041,0.6410507867323121,0.7011474751848974,1.0,,,,,,,,
76.122,stsm,stsm,arm,0,0.0097016701324839638,0.00010131995757204352,0.93891865488718518,0.42024627941634285,0.0,0.20171821411984456,9.499949530813421e-07,0.0004361013995095573,0.62240154493065,0.010626658996528088,0.0003419094103446186,-0.00019862291531784086,0.010634013096468468,0.012581507515289355,0.10299999999999443,1.0,NORMAL,1.0,0,,38.63809266272597,0.15935541060244418,1,,,,,,,,,,,,,,,,,,13.856406460551018,0.0028321700469007265,-0.5421066231930017,0.6226500321479064,0.6210733167280412,0.7007566155108108,0.6231213658696538,0.7007566155108108,0.6419003325641031,0.7010168916966041,1.0,,,,,,,,
76.2,stsm,stsm,arm,0,0.010761549506427428,0.00015143382537213376,0.93888942886300009,0.4212493255189866,0.0,0.20219967624911356,9.74947109115294e-07,0.00043807049286819335,0.6238880472080774,0.010815095652482875,0.0005113659979600356,-0.000298224736582528,0.01083128464909557,0.011967604693680077,0.09800000000001319,1.0,NORMAL,1.0,0,,38.76228179463796,0.1241891319119901,1,,,,,,,,,,,,,,,,,,13.856406460551018,0.0027120375839505264,-0.5307394905652926,0.6241367085978934,0.6214015307778427,0.700133703787445,0.6246101808879295,0.700133703787445,0.6425705310127776,0.7007566155108108,1.0,,,,,,,,
76.322,stsm,stsm,arm,0,0.011864141384135343,0.00021721784127460975,0.93884747703647287,0.42229385223796734,0.0,0.20270104907422432,1.0017921906507806e-06,0.00044019632838898035,0.6254360994327712,0.01113729169402052,0.0006644850091159894,-0.0004237558235073182,0.011165141091943026,0.011684884613953226,0.09899999999998954,1.0,NORMAL,1.0,0,,38.85061907765588,0.08833728301792121,1,,,,,,,,,,,,,,,,,,13.856406460551018,0.0025965016278149474,-0.5151131610764546,0.6256620828404013,0.621643335993408,0.6987938597423833,0.6261378559177909,0.6987938597423833,0.6430592836234958,0.700133703787445,1.0,,,,,,,,
76.4,stsm,stsm,arm,0,0.012763994529866936,0.00028577007625732291,0.93879605892376827,0.42314710709702213,0.0,0.2031106114065706,1.0245640846129754e-06,0.0004420465999680213,0.6267007896676453,0.008998531457315159,0.0006855223498270731,-0.000514181127045888,0.009039241755358304,0.010756145929960612,0.10000000000000853,1.0,NORMAL,1.0,0,,38.87906499448897,0.02844591683309261,1,,,,,,,,,,,,,,,,,,13.856406460551018,0.002473450157062747,-0.4871673752770393,0.6268889094140044,0.6215412204387811,0.697653454769174,0.627366672866992,0.697653454769174,0.6433625643722378,0.6987938597423833,1.0,,,,,,,,
76.521,stsm,stsm,arm,0,0.01369932992609941,0.0003773257391550582,0.93870554704580167,0.4240347452983453,0.0,0.20353667774320572,1.0495122970990708e-06,0.00044421919400096333,0.6280166917478491,0.009260746497351317,0.0009064917118587735,-0.0008961572075901432,0.009348061331238102,0.010256448048549293,0.10099999999999909,1.0,NORMAL,1.0,0,,38.90169806889941,0.022633074410435938,1,,,,,,,,,,,,,,,,,,13.856406460551018,0.0023703293791070296,-0.4578574763727123,0.6281725090363974,0.620860254070156,0.6946975136463048,0.6286525840569274,0.6946975136463048,0.6430957152024465,0.697653454769174,1.0,,,,,,,,
76.6,stsm,stsm,arm,0,0.014631505258418102,0.00048787254731113671,0.9385643623104768,0.42492012037133614,0.0,0.20396165777824135,1.0760180098322952e-06,0.0004467306688671362,0.6293295848364544,0.00941591244766455,0.001116634425819093,-0.00142610843762513,0.009588538206571122,0.010009350304647743,0.09899999999998954,1.0,NORMAL,1.0,0,,38.76451605069701,-0.13718201820239528,1,,,,,,,,,,,,,,,,,,13.856406460551018,0.002239598663793096,-0.3857686082978165,0.629496625827603,0.6197212885068234,0.6920881673930572,0.6299793412678447,0.6920881673930572,0.6428213557488321,0.6946975136463048,1.0,,,,,,,,
76.7,stsm,stsm,arm,0,0.01541993138062909,0.00060784851686694012,0.93834873179186296,0.4256695104691038,0.0,0.20432136502516982,1.1009892538514657e-06,0.00044950986409241227,0.6304414863476199,0.007884261222109206,0.0011997596955579317,-0.0021563051861382236,0.008261395184913188,0.00936121878441054,0.10000000000000853,1.0,NORMAL,1.0,0,,38.66228287814921,-0.10223317254779829,1,,,,,,,,,,,,,,,,,,13.856406460551018,0.0021169231436553777,-0.3169176360312765,0.6305821873012915,0.6178728453180892,0.688005492202961,0.6310677719245386,0.688005492202961,0.64188207418672,0.6920881673930572,1.0,,,,,,,,
76.8,stsm,stsm,arm,0,0.016170653267560647,0.00075144803321352291,0.93800008993105344,0.42638349954698807,0.0,0.20466407978255427,1.1284151480079439e-06,0.00045314145970625934,0.6315018492043967,0.007507218869315997,0.0014359951634659095,-0.0034864186080953746,0.008400924471282035,0.008936805777299602,0.09999999999999432,1.0,NORMAL,1.0,0,,38.40776465542466,-0.25451822272455615,1,,,,,,,,,,,,,,,,,,13.856406460551018,0.0019578892784216716,-0.16258061237497703,0.6316229922954348,0.6151836141470245,0.6826682162682297,0.6321122644665016,0.6826682162682297,0.6403967717942977,0.688005492202961,1.0,,,,,,,,
76.922,stsm,stsm,arm,0,0.016918717894992573,0.00093370077075809361,0.9374172633078981,0.42709533690425894,0.0,0.20500576171404428,1.1616844811597019e-06,0.0004584003503673864,0.6325606606531518,0.0074065804696230916,0.0018044825499462609,-0.005770560625300462,0.0095610125748443,0.00896415876313395,0.10099999999999909,1.0,NORMAL,1.0,0,,38.034868500191905,-0.3728961552327519,1,,,,,,,,,,,,,,,,,,13.856406460551018,0.0017758901943598039,0.03616315101545063,0.6326604027544435,0.6105266921020556,0.674096409311709,0.6331549378250424,0.674096409311709,0.6376096104983127,0.6826682162682297,1.0,,,,,,,,
77.0,stsm,stsm,arm,0,0.017612839194477713,0.0011452808575185352,0.93660313590901256,0.4277561206259428,0.0,0.20532293790045256,1.1997276435092438e-06,0.00046523059832243876,0.6335454888523613,0.007011326257425396,0.0021371725935397327,-0.008223509079651543,0.011016002186172238,0.009427783694041661,0.09900000000000375,1.0,NORMAL,1.0,0,,37.37289087953006,-0.661977620661844,1,,,,,,,,,,,,,,,,,,13.856406460551018,0.0015602830812581948,0.26070026356500214,0.633637103905081,0.6070241002521102,0.6678742789379867,0.634138407045043,0.6678742789379867,0.6356684725350552,0.674096409311709,1.0,,,,,,,,
77.1,stsm,stsm,arm,0,0.018205463751551947,0.0014016739653110698,0.9353812440707221,0.4283203272003417,0.0,0.205593757056164,1.245762501557475e-06,0.0004748660557143023,0.6343901960747216,0.0059262455707426755,0.0025639310779254918,-0.01221891838290537,0.013820133703593541,0.010583262628342667,0.09999999999999432,1.0,NORMAL,1.0,0,,36.89886567494213,-0.4740252045879316,1,,,,,,,,,,,,,,,,,,13.856406460551018,0.001430142412757649,0.3722237577279112,0.6344770613054822,0.6014698932790792,0.6585240247102658,0.6349878113512619,0.6585240247102658,0.6323646976615223,0.6678742789379867,1.0,,,,,,,,
77.199,stsm,stsm,arm,0,0.018754718061040582,0.0017061025346830848,0.9337976617179774,0.42884316181688537,0.0,0.20584471767210497,1.3011887104686157e-06,0.00048723540253535057,0.6351764160802361,0.0054381614800847805,0.003014144251207673,-0.01567903319548996,0.016866853523874636,0.012510387717850914,0.1010000000000133,1.0,NORMAL,1.0,0,,36.12481475313524,-0.7740509218068894,1,,,,,,,,,,,,,,,,,,13.856406460551018,0.0013399211168844069,0.4654302544713548,0.635242638297866,0.5955355104999009,0.6487383982272872,0.6357654414478527,0.6487383982272872,0.6288204971182267,0.6585240247102658,1.0,,,,,,,,
77.319,stsm,stsm,arm,0,0.019227103725024466,0.0020619943818361236,0.93180865438068561,0.42929248639711715,0.0,0.20606039347061622,1.3670822612606567e-06,0.0005027932352048123,0.6358570401851995,0.00477157236347408,0.003594867142960368,-0.020090983204969725,0.02096040502322847,0.015267431274639802,0.09899999999998954,1.0,NORMAL,1.0,0,,35.29324189091575,-0.8315728622194882,1,,,,,,,,,,,,,,,,,,13.856406460551018,0.0013093325118865248,0.5118830035704015,0.6359109447532736,0.5879019714857456,0.6364999060132288,0.6364488138263599,0.6364999060132288,0.624190409019652,0.6487383982272872,1.0,,,,,,,,
77.421,stsm,stsm,arm,0,0.01961134319836531,0.0024142392536511629,0.92978724535328738,0.4296576043592556,0.0,0.20623565009244268,1.4340170433653391e-06,0.0005188946978239931,0.6364135831665656,0.003694610320585064,0.0033869699212984803,-0.019436625263444612,0.020072471504533954,0.01685465025318256,0.1039999999999992,1.0,NORMAL,1.0,0,,34.224077665884934,-1.0691642250308178,1,,,,,,,,,,,,,,,,,,13.856406460551018,0.0013751289446532356,0.5570198315525771,0.6364582945826152,0.5824776067902063,0.6279093290213013,0.6370116801246897,0.6370116801246897,0.6209642276297032,0.6364999060132288,1.0,,,,,,,,
77.521,stsm,stsm,arm,0,0.019988187600262636,0.0028400737883416431,0.92731616840372477,0.43001509909893554,0.0,0.20640724756748904,1.5166948061213428e-06,0.0005390462242126598,0.6369629095854433,0.003925462519763659,0.004435776403025667,-0.02574038489127623,0.026413117624444683,0.02013467179385051,0.09600000000000364,1.0,NORMAL,1.0,0,,34.42959361897999,0.205515953095059,1,,,,,,,,,,,,,,,,,,13.856406460551018,0.0013993189715420884,0.5758315335146528,0.6369967754352674,0.576495675529151,0.6185796687170738,0.6375694824767884,0.6375694824767884,0.6174104005395702,0.6370116801246897,1.0,,,,,,,,
77.621,stsm,stsm,arm,0,0.020335550949982364,0.003319184369718591,0.92451871110123651,0.43034380845681375,0.0,0.2065650280592706,1.6126452405351823e-06,0.000562573704647989,0.6374730228659728,0.0034055230364677994,0.004697162562518919,-0.027426051985177977,0.0280330028856048,0.02286199620490742,0.10200000000000387,1.0,NORMAL,1.0,0,,34.63638510112581,0.20679148214581744,1,,,,,,,,,,,,,,,,,,13.856406460551018,0.0014139560834277257,0.5918443243626608,0.6375011184786796,0.5708256900762866,0.6098078369588475,0.6380962606557876,0.6380962606557876,0.6140577265424003,0.6375694824767884,1.0,,,,,,,,
77.72,stsm,stsm,arm,0,0.020588932508046262,0.0037292526406563407,0.92215063346355208,0.43058287858303496,0.0,0.20667978171985676,1.6966268850599663e-06,0.0005831457628666079,0.6378475026926433,0.0025855261026928597,0.004184370111609734,-0.024164057527392386,0.024659593967577154,0.02347264662353157,0.09799999999999898,1.0,NORMAL,1.0,0,,34.810002338539405,0.1736172374135947,1,,,,,,,,,,,,,,,,,,13.856406460551018,0.0013821906561492403,0.6031669017478005,0.6378701674631342,0.5660933866305099,0.6025564924962143,0.6384848276223779,0.6384848276223779,0.6112512185530591,0.6380962606557876,1.0,,,,,,,,
77.8,stsm,stsm,arm,0,0.020851054545213112,0.0042232174335196607,0.91931102425181122,0.4308292741162939,0.0,0.20679805157582107,1.8009082538913804e-06,0.0006086424702443718,0.6382377690706132,0.0026212203716686443,0.004939647928633482,-0.02839609211741029,0.028941474831738527,0.025373312452503714,0.09999999999999432,1.0,NORMAL,1.0,0,,34.94177517596077,0.1317728374213658,1,,,,,,,,,,,,,,,,,,13.856406460551018,0.0013557329983377847,0.611997601921895,0.6382544580294768,0.5620994438953193,0.596465578607078,0.6388931866212602,0.6388931866212602,0.6089281667882835,0.6384848276223779,1.0,,,,,,,,
77.9,stsm,stsm,arm,0,0.021066893901632952,0.0046900024014656441,0.91665039328828668,0.4310312408663011,0.0,0.20689499561582453,1.9026356541003007e-06,0.0006333989788828683,0.6385615380966626,0.002158393564198221,0.004667849679459436,-0.026606309635243082,0.027098767422420355,0.025969431705548923,0.10000000000000853,1.0,NORMAL,1.0,0,,35.03186519077613,0.09009001481535961,1,,,,,,,,,,,,,,,,,,13.856406460551018,0.001285147612385442,0.6188845519820456,0.6385758473748109,0.5577503527484701,0.5898635560489948,0.6392378242422827,0.6392378242422827,0.6063568951036397,0.6388931866212602,1.0,,,,,,,,
77.94,stsm,stsm,arm,0,0.021137646006614288,0.004859366751320043,0.91569081440961331,0.43109718946175546,0.0,0.20692665094164261,1.9402835063176936e-06,0.0006425379295164617,0.6386683186164208,0.0018618974995090153,0.004456956575116147,-0.025252075754564632,0.025709890200571062,0.02587399758650242,0.0379999999999967,1.0,NORMAL,1.0,0,,35.12728794875051,0.09542275797437583,1,,,,,,,,,,,,,,,,,,13.856406460551018,0.001285147612385442,0.6188845519820456,0.6386787165083788,0.5562559542725203,0.5876025871694099,0.6393492461432467,0.6393492461432467,0.605471626023389,0.6392378242422827,1.0,,,,,,,,
78.02,stsm,stsm,arm,0,0.021260258543387603,0.0051813286968541844,0.91386378555710568,0.4312110388405389,0.0,0.20698129864345866,2.013295533229208e-06,0.000660248251975656,0.6388545990315064,0.0015326567096664628,0.004024524319176853,-0.02283786065634584,0.023240346639927745,0.024949362008353133,0.0799999999999983,1.0,NORMAL,1.0,0,,35.15684494970931,0.029557000958803314,1,,,,,,,,,,,,,,,,,,13.856406460551018,0.004171445324699577,0.4936798167260964,0.6388615735851032,0.5535060803181311,0.5834496087533638,0.6395486329235494,0.6395486329235494,0.6038414738950368,0.6393492461432467,1.0,,,,,,,,
78.12,stsm,stsm,arm,0,0.022232153312865932,0.0058109169832037252,0.9103992712560115,0.43213338175219956,0.0,0.20742402324105577,2.196744418206056e-06,0.0006969591536413937,0.6402565608913149,0.01185237523754152,0.007677905931092557,-0.04225017440359083,0.04454779764917717,0.03167777819006891,0.08199999999999363,1.0,NORMAL,1.0,0,,35.20667539072333,0.04983044101402356,1,,,,,,,,,,,,,,,,,,13.856406460551018,0.004126223482908551,0.49647648994723736,0.6403051853146358,0.5484091378784287,0.5746711117406366,0.6410265925735831,0.6410265925735831,0.601103006876821,0.6395486329235494,1.0,,,,,,,,
78.22,stsm,stsm,arm,0,0.023398866237057968,0.0066690425479988356,0.90564940572381936,0.43323912405996967,0.0,0.20795477954878544,2.464422194498924e-06,0.000749926834195489,0.6419462948651451,0.011327309943611048,0.008331316163058626,-0.046115199341667426,0.04821130977155874,0.037447566620394265,0.10300000000000864,1.0,NORMAL,1.0,0,,35.53534891615574,0.32867352543240713,1,,,,,,,,,,,,,,,,,,13.856406460551018,0.0038945187987295612,0.5087575142655206,0.6420559497146637,0.544360323859539,0.5664296430153882,0.6428265069544435,0.6428265069544435,0.5989181058860086,0.6410265925735831,1.0,,,,,,,,
78.321,stsm,stsm,arm,0,0.024360094842299763,0.0073983448938649797,0.90165546270765384,0.4341494425145953,0.0,0.20839173240700573,2.711712309341957e-06,0.0007972748577805781,0.643341161491691,0.009909573249916011,0.00751858088521843,-0.04117467026975002,0.04301258155872138,0.03939150043034265,0.0969999999999942,1.0,NORMAL,1.0,0,,35.850051218877155,0.31470230272141464,1,,,,,,,,,,,,,,,,,,13.856406460551018,0.0034530342783737743,0.5183240361532135,0.6434643467814483,0.5396795436729662,0.5596081689199105,0.6442784984472871,0.6442784984472871,0.596757639455403,0.6428265069544435,1.0,,,,,,,,
78.42,stsm,stsm,arm,0,0.025331118019410258,0.0081932218414576281,0.89729251137413946,0.43506765385413015,0.0,0.20883247384998246,3.002855866438241e-06,0.0008519155026876758,0.6447550460626668,0.00933676131837021,0.007643047573006293,-0.041951455129946344,0.04365221501412446,0.040882738882436,0.1039999999999992,1.0,NORMAL,1.0,0,,36.121313226101435,0.27126200722427996,1,,,,,,,,,,,,,,,,,,13.856406460551018,0.0030973704559664073,0.5264457892141997,0.6448726070935928,0.5360108613639631,0.5532106792097118,0.6457366688450314,0.6457366688450314,0.5949577041280748,0.6442784984472871,1.0,,,,,,,,
78.5,stsm,stsm,arm,0,0.026104930883319895,0.0088395842539979643,0.89377829112367535,0.43579871874372833,0.0,0.2091833849969896,3.25778052108932e-06,0.0008984022621345809,0.6458837637833736,0.00806055066572508,0.006732941797294914,-0.03660646094233305,0.0380833029686638,0.03990289300503994,0.09600000000000364,1.0,NORMAL,1.0,0,,36.36046098569598,0.2391477595945446,1,,,,,,,,,,,,,,,,,,13.856406460551018,0.002703601958145173,0.533001480496462,0.6459939790132965,0.5336656295967077,0.5490684561559133,0.6469002054493591,0.6469002054493591,0.5939070675538192,0.6457366688450314,1.0,,,,,,,,
78.6,stsm,stsm,arm,0,0.026889792978869169,0.0095271970624361442,0.89004673410407231,0.43653915504850566,0.0,0.20953879442328271,3.547521363527368e-06,0.0009502035071628873,0.6470317005003148,0.007848620955493187,0.00687612808438219,-0.0373155701960325,0.03874704849909042,0.039497836092225326,0.09999999999999432,1.0,NORMAL,1.0,0,,36.52966697495184,0.1692059892558575,1,,,,,,,,,,,,,,,,,,13.856406460551018,0.0024058652819492184,0.5382437343641858,0.6471495512444652,0.5307660882975176,0.5439155634007572,0.6481024452097707,0.6481024452097707,0.5924834120381276,0.6469002054493591,1.0,,,,,,,,
78.7,stsm,stsm,arm,0,0.027537948041042461,0.010121215376268675,0.88682851345254654,0.4371496662038905,0.0,0.20983183977786743,3.8140139885148835e-06,0.0009969828736953329,0.6479823028694418,0.006481550621732365,0.005940183138324805,-0.032182206515254975,0.033361515109021016,0.03734916664132035,0.10000000000000853,1.0,NORMAL,1.0,0,,36.7150756019236,0.18540862697176408,1,,,,,,,,,,,,,,,,,,13.856406460551018,0.002112860998993702,0.5431905168672942,0.6480728297246005,0.5284027821863145,0.5396882299510839,0.6490675934789046,0.6490675934789046,0.591307858835226,0.6481024452097707,1.0,,,,,,,,
78.82,stsm,stsm,arm,0,0.028092871966950442,0.010647506025798704,0.88398253415133232,0.43767162124913916,0.0,0.21008237819958678,4.063401621253407e-06,0.0010400497769044376,0.6487981126272516,0.005494296296118674,0.005210798510198356,-0.02817801288330935,0.02917773334163188,0.03448816145722768,0.10099999999999909,1.0,NORMAL,1.0,0,,36.859345821296856,0.14427021937325435,1,,,,,,,,,,,,,,,,,,13.856406460551018,0.0018910108388708559,0.5477583426831772,0.6488717150547162,0.5260419441181218,0.5354305774951036,0.6499048080451537,0.6499048080451537,0.5900622611782738,0.6490675934789046,1.0,,,,,,,,
78.86,stsm,stsm,arm,0,0.028409241553832926,0.010952686501672733,0.88233564298976896,0.43796891612356814,0.0,0.2102250797393127,4.214107095970429e-06,0.0010657326732342743,0.6492639426432111,0.005550343629517052,0.0053540434363862546,-0.02889282739584728,0.02990430688798278,0.03288305886513534,0.05700000000000216,1.0,NORMAL,1.0,0,,36.99255531495109,0.13320949365423473,1,,,,,,,,,,,,,,,,,,13.856406460551018,0.0018910108388708559,0.5477583426831772,0.6493265622542211,0.5253033811286527,0.5340903190732599,0.6503824184567734,0.6503824184567734,0.5897756702282267,0.6499048080451537,1.0,,,,,,,,
78.94,stsm,stsm,arm,0,0.028697993055994783,0.011240345866348644,0.88077853711872578,0.4382399334733852,0.0,0.21035516806722487,4.360313220737258e-06,0.0010905132422365145,0.6496899750960673,0.003564833360022797,0.0035513501811839624,-0.019223529272137357,0.019871190268095383,0.02832821795317831,0.08100000000000307,1.0,NORMAL,1.0,0,,37.04547850683301,0.05292319188191641,1,,,,,,,,,,,,,,,,,,13.856406460551018,0.005534065261455226,0.4725940465423401,0.6497350692618595,0.5242743399633877,0.5322231451445312,0.6508128201746958,0.6508128201746958,0.5892613436361186,0.6503824184567734,1.0,,,,,,,,
79.02,stsm,stsm,arm,0,0.029579053019047133,0.011762509917917843,0.87795134922085161,0.43907517638882726,0.0,0.2107560846666371,4.676792901382297e-06,0.0011383046472163815,0.6509742424955821,0.01444360595167956,0.0085600664191682,-0.04634734258810663,0.049294712241449254,0.03561759681466207,0.06099999999999284,1.0,NORMAL,1.0,0,,37.104003009257795,0.05852450242478824,1,,,,,,,,,,,,,,,,,,13.856406460551018,0.005317844675789754,0.47208437654948576,0.6510909274535159,0.522441053840818,0.5281346590743318,0.652210928371022,0.652210928371022,0.588469392184922,0.6508128201746958,1.0,,,,,,,,
79.121,stsm,stsm,arm,0,0.030912420784807104,0.012596482187870503,0.87340665206819146,0.4403380621162404,0.0,0.21136226981579537,5.221194777991535e-06,0.0012188445864595875,0.6529243977132733,0.013072232997646281,0.008176198725025766,-0.04455585443784291,0.047148251991161995,0.03964648521034478,0.10200000000000387,1.0,NORMAL,1.0,0,,37.33424646562422,0.23024345636642352,1,,,,,,,,,,,,,,,,,,13.856406460551018,0.004918762236192033,0.4761504591061456,0.6531131280256075,0.520377866304207,0.523494176258016,0.6543038160404282,0.6543038160404282,0.5878222466570646,0.652210928371022,1.0,,,,,,,,
79.199,stsm,stsm,arm,0,0.032133705621030531,0.013353329293097675,0.8693107655581408,0.44149486261689486,0.0,0.21191753405610952,5.765007159841782e-06,0.0012959918287512124,0.6547141535089154,0.012462090165545302,0.007722929645175307,-0.04179476030663984,0.04429163942199459,0.0412689470957584,0.09799999999999898,1.0,NORMAL,1.0,0,,37.640250794693,0.3060043290687844,1,,,,,,,,,,,,,,,,,,13.856406460551018,0.0042721935936758946,0.48017064446315644,0.6549213099911786,0.5189805256939353,0.5201885311944904,0.656179196531514,0.656179196531514,0.5875673908527796,0.6543038160404282,1.0,,,,,,,,
79.322,stsm,stsm,arm,0,0.03340540244263239,0.014164116155499206,0.864920716403068,0.44269860392740984,0.0,0.2124953298851567,6.401199065308525e-06,0.0013834815782518166,0.6565838165898836,0.01271696821601931,0.008107868624015774,-0.04390049155073045,0.04641887517623946,0.04307103875632955,0.09999999999999432,1.0,NORMAL,1.0,0,,37.90150104690893,0.26125025221593035,1,,,,,,,,,,,,,,,,,,13.856406460551018,0.0037222100687676687,0.4838150488489515,0.6567843373719765,0.5169189749088424,0.5151857583323772,0.6581178266457949,0.6581178266457949,0.5867517243147478,0.656179196531514,1.0,,,,,,,,
79.4,stsm,stsm,arm,0,0.034581852482776995,0.014940147561120371,0.86070218496814832,0.4438111570023973,0.0,0.2130293553611507,7.066648625639354e-06,0.0014724179180915604,0.6583199969302652,0.011764500401445051,0.007760314056210989,-0.04218531434919322,0.04447726037748811,0.04356311822174472,0.10000000000000853,1.0,NORMAL,1.0,0,,38.195333520543514,0.29383247363458054,1,,,,,,,,,,,,,,,,,,13.856406460551018,0.0032052711488728784,0.4885490957821936,0.6585553188162117,0.5157003295611626,0.5121475227869117,0.6599650327921014,0.6599650327921014,0.5865920509890968,0.6581178266457949,1.0,,,,,,,,
79.52,stsm,stsm,arm,0,0.035590865859947238,0.015608361313233645,0.85708369338988788,0.44476504276412204,0.0,0.21348722052677857,7.688507253782235e-06,0.001552865375148947,0.6598128171733033,0.010090133771703,0.006682137521133115,-0.036184915782606464,0.038155076878136664,0.04167026543497843,0.09999999999999432,1.0,NORMAL,1.0,0,,38.43533911472707,0.2400055941835575,1,,,,,,,,,,,,,,,,,,13.856406460551018,0.0027473293227604665,0.4918529309565382,0.6600018621714693,0.514298395026345,0.5084846347366797,0.661480034826311,0.661480034826311,0.5860662316902012,0.6599650327921014,1.0,,,,,,,,
79.62,stsm,stsm,arm,0,0.036402475715480886,0.016155540757274007,0.85412288135813985,0.44553180162007094,0.0,0.21385526477763406,8.232385627078925e-06,0.0016216000337166655,0.6610168988170487,0.008116098555336949,0.00547179444040393,-0.029608120317481963,0.031184168722165194,0.037999976678474996,0.09999999999999432,1.0,NORMAL,1.0,0,,38.82163892289384,0.16761926023627893,1,,,,,,,,,,,,,,,,,,13.856406460551018,0.002400023676044863,0.49526792799427005,0.6611916597460231,0.5133762885704939,0.5059929662950317,0.6627279623247487,0.6627279623247487,0.5858222192340743,0.6627279623247487,1.0,,,,,,,,
79.681,stsm,stsm,arm,0,0.036892201695251509,0.016487666115457818,0.85232867093062437,0.4459943069834886,0.0,0.2140772673520745,8.578837769087411e-06,0.0016645901746089318,0.6617447433479411,0.008443551375354545,0.005726299279030549,-0.030934662543366746,0.03257356919241818,0.0361006116295462,0.058000000000006935,1.0,NORMAL,1.0,0,,38.82163892289384,0.16761926023627893,1,,,,,,,,,,,,,,,,,,13.856406460551018,0.002400023676044863,0.49526792799427005,0.6618750377191456,0.5128430296245791,0.5045175975301595,0.6634475378640815,0.6634475378640815,0.5856708006844914,0.6627279623247487,1.0,,,,,,,,
79.781,stsm,stsm,arm,0,0.037484708208251616,0.01689952948968838,0.850093516028952,0.4465534198268584,0.0,0.21434564151689203,9.025828773761803e-06,0.00171950738502653,0.6626275945575507,0.005642919171429379,0.0039225083260052,-0.021287189539736,0.022369019800686642,0.0312941985348244,0.10500000000000398,1.0,NORMAL,1.0,0,,38.91910721529594,0.0974682924020982,1,,,,,,,,,,,,,,,,,,13.856406460551018,0.00644723951624532,0.4501916162938827,0.6627357675664975,0.512195171018126,0.5025100926418017,0.6643543219436266,0.6643543219436266,0.585448838292513,0.6634475378640815,1.0,,,,,,,,
79.879,stsm,stsm,arm,0,0.039245316061289975,0.017854471332862783,0.84488124738807013,0.44822453106819965,0.0,0.21514777491273582,1.0243422679921852e-05,0.0018564700383960422,0.6652390194420115,0.018339665135818264,0.009947310866401124,-0.0542944650091921,0.05816512048815127,0.04068219093623685,0.09599999999998943,1.0,NORMAL,1.0,0,,39.04017211937223,0.12106490407629167,1,,,,,,,,,,,,,,,,,,13.856406460551018,0.006069149568830218,0.4501788861733383,0.6654586928265861,0.5112643418314722,0.49870911951087227,0.6671916406843376,0.6671916406843376,0.585655948713317,0.6643543219436266,1.0,,,,,,,,
79.94,stsm,stsm,arm,0,0.040053674908922796,0.018296650605639422,0.84247169652590204,0.448991719401427,0.0,0.21551602531268496,1.085559424394584e-05,0.0019230713641030777,0.666441671672459,0.013700997417502707,0.007494563945365275,-0.040839845121485065,0.04372389242179237,0.041743334354300575,0.05900000000001171,1.0,NORMAL,1.0,0,,39.43215819534487,0.391986075972639,1,,,,,,,,,,,,,,,,,,13.856406460551018,0.005156790882521735,0.4532766366524427,0.6666195180345525,0.5108774398764804,0.49694955101872107,0.6684077018170657,0.6684077018170657,0.5857135526867049,0.6671916406843376,1.0,,,,,,,,
80.019,stsm,stsm,arm,0,0.041255396731740793,0.018957820926242989,0.83887349923790866,0.4501321323781906,0.0,0.2160634235415315,1.1832494126478247e-05,0.0020265751919284676,0.668233963605777,0.014655144180708419,0.00806305269028803,-0.04388045473162995,0.046960412871889644,0.04356807307729018,0.08199999999999363,1.0,NORMAL,1.0,0,,39.604180003427146,0.17202180808227752,1,,,,,,,,,,,,,,,,,,13.856406460551018,0.00477364026314336,0.4551022967068531,0.6685393081297604,0.5103675367758693,0.4944147772181703,0.6704128524531183,0.6704128524531183,0.5859336186442295,0.6684077018170657,1.0,,,,,,,,
80.12,stsm,stsm,arm,0,0.042767075088753978,0.019803570009995067,0.83425833390928594,0.4515661364054007,0.0,0.21675174547459233,1.3197355004384148e-05,0.002166584804005465,0.6704976640390029,0.014535368817434585,0.008132202728385428,-0.04437658969829569,0.04739927616668099,0.044908909626835865,0.1039999999999992,1.0,NORMAL,1.0,0,,39.87345379282985,0.2692737894027033,1,,,,,,,,,,,,,,,,,,13.856406460551018,0.004227656037718762,0.45757393084052345,0.6708195341436554,0.509830957640944,0.49146864068978957,0.6728076389544847,0.6728076389544847,0.5862316928572183,0.6704128524531183,1.0,,,,,,,,
80.22,stsm,stsm,arm,0,0.044021762920858867,0.020509147554903032,0.83041671964218666,0.4527561777563906,0.0,0.21732296532306747,1.4443230993823132e-05,0.002289789812400634,0.6723833761228526,0.013069664917758768,0.007349766092791022,-0.04001681528228265,0.042733835634278905,0.04414762010999866,0.09600000000000364,1.0,NORMAL,1.0,0,,40.19376771342388,0.32031392059403174,1,,,,,,,,,,,,,,,,,,13.856406460551018,0.0035889276337962846,0.4604728914345036,0.6726785461996304,0.5094472859964252,0.4889535365173703,0.6747666679019658,0.6747666679019658,0.5864615091538479,0.6728076389544847,1.0,,,,,,,,
80.3,stsm,stsm,arm,0,0.045297540268645825,0.021237978548323249,0.82644262025185855,0.4539656467513752,0.0,0.2179035104406601,1.583919050777767e-05,0.0024237785698369785,0.6743087749523801,0.012757773477870302,0.007288309934202588,-0.03974099390328338,0.0423701173261351,0.04352542057822345,0.09999999999999432,1.0,NORMAL,1.0,0,,40.457130344761325,0.26336263133744353,1,,,,,,,,,,,,,,,,,,13.856406460551018,0.0031135521247950488,0.4632229401306244,0.6745922042641582,0.5091851584341436,0.4869879888723687,0.67678827867354,0.67678827867354,0.5868884075610526,0.6747666679019658,1.0,,,,,,,,
80.419,stsm,stsm,arm,0,0.046397815167036241,0.021874403261906289,0.82297080082331397,0.4550082763311116,0.0,0.21840397263893357,1.7155248715185343e-05,0.0025465345076343205,0.6759759387263947,0.01100274898390322,0.006364247135829856,-0.034718194285442795,0.03697184254605733,0.04123149589647469,0.10000000000000853,1.0,NORMAL,1.0,0,,40.71525858470922,0.2581282399478937,1,,,,,,,,,,,,,,,,,,13.856406460551018,0.0026743675935997375,0.46586246776221085,0.6762549433642127,0.5089141321508448,0.4845496487885597,0.678549213179036,0.678549213179036,0.5870669843706633,0.67678827867354,1.0,,,,,,,,
80.459,stsm,stsm,arm,0,0.046755493904713952,0.022082788640282031,0.82183477231962221,0.45534711970128383,0.0,0.21856661745661624,1.760662297232574e-05,0.002587897964978901,0.6765192417458513,0.006275065573294498,0.0036558838311541476,-0.019930324626175548,0.021212255284169566,0.03422465236413448,0.05699999999998795,1.0,NORMAL,1.0,0,,40.947780738691634,0.2325221539824156,1,,,,,,,,,,,,,,,,,,13.856406460551018,0.0026743675935997375,0.46586246776221085,0.6767046459432279,0.5088486403062364,0.48387677621319725,0.6790318573385085,0.6790318573385085,0.5871154799502925,0.678549213179036,1.0,,,,,,,,
80.522,stsm,stsm,arm,0,0.047285724155667258,0.022395856190129446,0.82012229771711076,0.45584919811840713,0.0,0.2188076150968354,1.8304268180816407e-05,0.002651332757462355,0.6773264502408858,0.011046463561526797,0.006522240621820885,-0.03567655421898717,0.03791280127985006,0.03551513070099614,0.04800000000000182,1.0,NORMAL,1.0,0,,41.01395085965969,0.06617012096805297,1,,,,,,,,,,,,,,,,,,13.856406460551018,0.0069481151971682205,0.43663388471329634,0.6774903220229123,0.5087947122388131,0.4826409673820087,0.6798679046664383,0.6798679046664383,0.5871984765775431,0.6790318573385085,1.0,,,,,,,,
80.621,stsm,stsm,arm,0,0.049179955311897935,0.023361655667154875,0.81481695031568169,0.4576504507713419,0.0,0.21967221637024412,2.0751497406079973e-05,0.002859277311762215,0.6802026959507543,0.01932888934929283,0.00985509670434122,-0.05413619797376661,0.05832200978690614,0.04349042521973159,0.09799999999999898,1.0,NORMAL,1.0,0,,41.1231723135009,0.10922145384121507,1,,,,,,,,,,,,,,,,,,13.856406460551018,0.006626153833325956,0.4368652766547916,0.6804753090497833,0.5088900471425042,0.47983810122437126,0.6830172482222335,0.6830172482222335,0.588055176409723,0.6798679046664383,1.0,,,,,,,,
80.721,stsm,stsm,arm,0,0.050774489742397594,0.024179285332656265,0.81033815986952906,0.45916664941126484,0.0,0.22039999171740712,2.3049768680903623e-05,0.0030462210713802385,0.6826359119687331,0.016438499283500208,0.008429171809291954,-0.04617309738301275,0.04973158069099934,0.04567302581356392,0.09700000000000841,1.0,NORMAL,1.0,0,,41.53708612980677,0.41391381630586466,1,,,,,,,,,,,,,,,,,,13.856406460551018,0.005618685362638192,0.4393044936510223,0.6830048589531662,0.5090902816696135,0.477423132379266,0.6856931888690817,0.6856931888690817,0.5888028654677818,0.6830172482222335,1.0,,,,,,,,
80.82,stsm,stsm,arm,0,0.052536728215554274,0.025105964099851046,0.80522790779099185,0.4608411553621615,0.0,0.22120375457383754,2.5928002076486477e-05,0.0032724597201966715,0.6853432976582723,0.01744790567481877,0.009175037298958301,-0.05059655523304218,0.05430121659157313,0.04869287029430735,0.10099999999999909,1.0,NORMAL,1.0,0,,41.88646590717855,0.34937977737178016,1,,,,,,,,,,,,,,,,,,13.856406460551018,0.004848526285402054,0.44165288330472996,0.6857507051974071,0.5093494340145035,0.4749964817815142,0.6886144945625735,0.6886144945625735,0.5896777788889995,0.6856931888690817,1.0,,,,,,,,
80.902,stsm,stsm,arm,0,0.053728231430507381,0.025727221712246888,0.80182129328943397,0.46197364177415645,0.0,0.2217473480515951,2.80396931596019e-05,0.003431823592747408,0.6871808531116586,0.011797061534189288,0.006151065469265822,-0.03372885645106843,0.0362579925636462,0.04434053890164682,0.10099999999999909,1.0,NORMAL,1.0,0,,42.25957442670648,0.373108519527932,1,,,,,,,,,,,,,,,,,,13.856406460551018,0.004058720639884717,0.4437175509810316,0.6874939445384353,0.5096192436705689,0.47337094624249815,0.6904803531217107,0.6904803531217107,0.5902411218933032,0.6886144945625735,1.0,,,,,,,,
81.02,stsm,stsm,arm,0,0.054989711114677375,0.026388969333463391,0.79819599123008278,0.46317240031668816,0.0,0.2223227521520103,3.0457673747986763e-05,0.003609051163394413,0.6891346613058409,0.012872241675204158,0.00675252674710724,-0.036992878156645155,0.03974624834531752,0.04273251517465585,0.09799999999999898,1.0,NORMAL,1.0,0,,42.50382841783056,0.24425399112408286,1,,,,,,,,,,,,,,,,,,13.856406460551018,0.003583561531266694,0.445546400532449,0.6894280022374406,0.5099743751685365,0.47161525932983467,0.6925498419106743,0.6925498419106743,0.5908918696616214,0.6904803531217107,1.0,,,,,,,,
81.121,stsm,stsm,arm,0,0.05635508468487524,0.027119667289367506,0.79417246397902441,0.46446897279263116,0.0,0.22294510694046296,3.334158403396039e-05,0.0038150191390338597,0.6912624404561619,0.013653735701979417,0.007306979559041567,-0.040235272510585965,0.043112568966565575,0.042865349313514184,0.09999999999999432,1.0,NORMAL,1.0,0,,42.768993657093816,0.2651652392632542,1,,,,,,,,,,,,,,,,,,13.856406460551018,0.0031251460258774275,0.44764390432231765,0.691554867566934,0.510363078710758,0.4698816889100481,0.6948328736021558,0.6948328736021558,0.5916581271974739,0.6925498419106743,1.0,,,,,,,,
81.22,stsm,stsm,arm,0,0.05727356124168273,0.027608912431399141,0.79148974242244696,0.46534124949495803,0.0,0.22336379975757983,3.540966044882541e-05,0.0039583045403789345,0.6926987634533657,0.009184765568074122,0.00489245142031594,-0.026827215565772212,0.02877491085047949,0.03793368900235091,0.10000000000000853,1.0,NORMAL,1.0,0,,43.05326847892485,0.28427482183103336,1,,,,,,,,,,,,,,,,,,13.856406460551018,0.002674895767673641,0.44961563798701926,0.6929289265496417,0.5106843737051515,0.46870807962046085,0.6963148819179874,0.6963148819179874,0.5921590654483103,0.6948328736021558,1.0,,,,,,,,
81.28,stsm,stsm,arm,0,0.057822474339667571,0.027903291761674269,0.78987541336768796,0.46586240353095365,0.0,0.22361395369485773,3.670774244901664e-05,0.004046809397589827,0.6935598743658502,0.0094640189307743,0.005075505694399388,-0.027833259564813848,0.02983318203575067,0.03509847736763122,0.057999999999992724,1.0,NORMAL,1.0,0,,43.24059784649441,0.18732936756956065,1,,,,,,,,,,,,,,,,,,13.856406460551018,0.002674895767673641,0.44961563798701926,0.6937530805812783,0.5108896806608031,0.4680024595641775,0.6972054277031188,0.6972054277031188,0.5924626621273444,0.6963148819179874,1.0,,,,,,,,
81.36,stsm,stsm,arm,0,0.058660772621215065,0.028360135583475859,0.78735830847667942,0.4666578003946283,0.0,0.22399574418942156,3.8804769102806896e-05,0.004188159095803804,0.6948805084489564,0.008060560399495204,0.004392729055784557,-0.02420293164431304,0.025885335668882754,0.03187365364087939,0.1039999999999992,1.0,NORMAL,1.0,0,,43.35240755283169,0.11180970633728293,1,,,,,,,,,,,,,,,,,,13.856406460551018,0.006980525771624312,0.4289811475575887,0.6950597514246589,0.511140585800325,0.46714767228011966,0.6986176656056058,0.6986176656056058,0.5929914187776774,0.6972054277031188,1.0,,,,,,,,
81.42,stsm,stsm,arm,0,0.059769071357431189,0.028899880832919306,0.78438807543405975,0.4677134656968631,0.0,0.2245024635344943,4.15332020303261e-05,0.004362267778860822,0.6966197302122485,0.019443837477475114,0.009469214902516242,-0.05210935162490459,0.05641908696078348,0.04046022892986356,0.05700000000000216,1.0,NORMAL,1.0,0,,43.52320054237529,0.17079298954359956,1,,,,,,,,,,,,,,,,,,13.856406460551018,0.0064801379524595,0.4289766858646631,0.6968547614939308,0.5116977922402606,0.46594378051071594,0.7005422633330189,0.7005422633330189,0.5937596493944816,0.6986176656056058,1.0,,,,,,,,
81.5,stsm,stsm,arm,0,0.06123319909618069,0.029619427360301827,0.7804329175974084,0.46910769331549584,0.0,0.225171692791438,4.543174965318465e-05,0.004604086025916473,0.6989289038825035,0.018075651095672173,0.00888329046151227,-0.048829109094459214,0.05281973028059372,0.04478521937584216,0.08100000000000307,1.0,NORMAL,1.0,0,,43.76716044526306,0.2439599028877666,1,,,,,,,,,,,,,,,,,,13.856406460551018,0.005900269596383,0.4302270118720901,0.6992553372014129,0.512490739560577,0.46438509735083794,0.7031215755073058,0.7031215755073058,0.5948131874050334,0.7005422633330189,1.0,,,,,,,,
81.62,stsm,stsm,arm,0,0.063047640171675759,0.030520964348992534,0.77546571957855681,0.4708348695769049,0.0,0.22600073739691434,5.078156059504869e-05,0.0049245140069986496,0.701810902541413,0.018144410754951715,0.009015369886907583,-0.049671980188518754,0.053645150309145066,0.0478861414967073,0.09999999999999432,1.0,NORMAL,1.0,0,,44.09017468917388,0.32301424391081923,1,,,,,,,,,,,,,,,,,,13.856406460551018,0.005180720701947861,0.43190357818340136,0.7021990376934661,0.5137695256137407,0.4621327134125417,0.7062999773680093,0.7062999773680093,0.5961003135219394,0.7031215755073058,1.0,,,,,,,,
81.7,stsm,stsm,arm,0,0.064724251660399912,0.031364926188121776,0.77080177719002108,0.472430028110564,0.0,0.22676641349307072,5.6296806163404374e-05,0.005243094442699117,0.7044958328524973,0.0167661148872401,0.008439618391291705,-0.04663942388535338,0.05027490057036846,0.04872214741584857,0.10000000000000853,1.0,NORMAL,1.0,0,,44.48693679951097,0.3967621103370931,1,,,,,,,,,,,,,,,,,,13.856406460551018,0.0043633457082706195,0.4340099909910494,0.7049644368016584,0.514613436303769,0.4607796929817907,0.7092964325183579,0.7092964325183579,0.597413499651394,0.7062999773680093,1.0,,,,,,,,
81.823,stsm,stsm,arm,0,0.066219121574061124,0.032116649704919009,0.76665966853772105,0.47385222960993156,0.0,0.22744907021276714,6.166231382602743e-05,0.005541537883681738,0.7069045000202064,0.01494869913661297,0.007517235167972755,-0.0414210865230026,0.04467302137972814,0.04730494971640091,0.09999999999999432,1.0,NORMAL,1.0,0,,44.8505681216901,0.3636313221791312,1,,,,,,,,,,,,,,,,,,13.856406460551018,0.0036804673358564995,0.4357377763095023,0.7073328424502121,0.5158440380420058,0.4590424637552927,0.7118794060250608,0.7118794060250608,0.5985246875681429,0.7092964325183579,1.0,,,,,,,,
81.9,stsm,stsm,arm,0,0.067596554323121741,0.032817419234509863,0.76278925913125317,0.4751619876234242,0.0,0.2280777540592436,6.707036688418717e-05,0.005833773000535822,0.7091405850500878,0.013774327490604995,0.007007695295907944,-0.03870409406467548,0.041675493860852744,0.045334520091720315,0.10000000000000853,1.0,NORMAL,1.0,0,,45.16927089884922,0.31870277715911755,1,,,,,,,,,,,,,,,,,,13.856406460551018,0.00314418563699761,0.437721928141471,0.7094926049535384,0.5166211150966759,0.4579944800117574,0.7142475274636904,0.7142475274636904,0.5995889318814155,0.7118794060250608,1.0,,,,,,,,
82.019,stsm,stsm,arm,0,0.068811444007425587,0.033436653903092139,0.75937625431548883,0.4763169742116334,0.0,0.22863214762158401,7.2199272210485e-05,0.006102869193229794,0.7111241902986577,0.012148896843039155,0.006192346685823113,-0.034130048157645365,0.036753245288320094,0.04233102538915983,0.09999999999999432,1.0,NORMAL,1.0,0,,45.4574242913161,0.28815339246688154,1,,,,,,,,,,,,,,,,,,13.856406460551018,0.0027025198349731657,0.43937387487820256,0.7114314149961889,0.517739766079608,0.4566439944520958,0.7163767877961476,0.7163767877961476,0.6005479908310101,0.7142475274636904,1.0,,,,,,,,
82.082,stsm,stsm,arm,0,0.069512504112664186,0.033800320264696621,0.75736086607161335,0.4769829126844548,0.0,0.2289517980885383,7.536800551627511e-05,0.00626665040765019,0.7122767291861596,0.012087243193767503,0.006270109682835131,-0.03474807317026278,0.03732082947237371,0.04057706578061739,0.058000000000006935,1.0,NORMAL,1.0,0,,45.71500726741324,0.2575829760971402,1,,,,,,,,,,,,,,,,,,13.856406460551018,0.0027025198349731657,0.43937387487820256,0.7126365090724908,0.5182358864972225,0.4560625608598516,0.7176971063215188,0.7176971063215188,0.6011580156877709,0.7163767877961476,1.0,,,,,,,,
82.161,stsm,stsm,arm,0,0.069662948630937083,0.033879064065881793,0.75692316423511641,0.47712575766603765,0.0,0.22902036367969805,7.606984411544304e-05,0.006302703689821386,0.7125248948796725,0.001769935509093029,0.0009263976610021027,-0.005149433370552612,0.005523363863663104,0.028308179602715224,0.08499999999999375,1.0,NORMAL,1.0,0,,45.86860977500953,0.15360250759628968,1,,,,,,,,,,,,,,,,,,13.856406460551018,0.00678296994832292,0.42430076345594214,0.7126939579473995,0.5185275250983888,0.45575420319969634,0.7177798502765279,0.7177798502765279,0.6011888841305032,0.7176971063215188,1.0,,,,,,,,
82.22,stsm,stsm,arm,0,0.071300998290502279,0.034665369661481565,0.75258752119414485,0.47868655920346403,0.0,0.22976954841766273,8.362732450009618e-05,0.006672811234133429,0.7152125461797603,0.021553284994280775,0.010346126257892633,-0.057047934749630734,0.061855099076689464,0.0400475255120334,0.0759999999999934,1.0,NORMAL,1.0,0,,45.885077482773,0.016467707763467843,1,,,,,,,,,,,,,,,,,,13.856406460551018,0.006700501046020251,0.4244929792293119,0.7155244324533733,0.5196306087142507,0.45474605182912115,0.7208692129819777,0.7208692129819777,0.6026925764946808,0.7177798502765279,1.0,,,,,,,,
82.3,stsm,stsm,arm,0,0.072915984303782183,0.03544986150886064,0.74824370469842838,0.48022453187667496,0.0,0.23050777530080396,9.183547666712766e-05,0.007062454159636163,0.7178865968137822,0.01993809892938077,0.009685084535543767,-0.05362736414464572,0.05802777642199326,0.0463405104191018,0.08100000000000307,1.0,NORMAL,1.0,0,,46.2567029125391,0.37162542976609814,1,,,,,,,,,,,,,,,,,,13.856406460551018,0.005836716787460814,0.425880991070946,0.7183935711164351,0.521150681433941,0.4534674750100847,0.7240083990733772,0.7240083990733772,0.6042550316584595,0.7208692129819777,1.0,,,,,,,,
82.419,stsm,stsm,arm,0,0.074530415983741369,0.036232831551432171,0.74392127342820358,0.48176191989565265,0.0,0.23124572154991327,0.00010074989798427069,0.007470367837325524,0.7205787591808757,0.015984472078803963,0.0077521786393221544,-0.042796349210146946,0.046337103135725595,0.0463392407367063,0.10099999999999909,1.0,NORMAL,1.0,0,,46.62620434324596,0.3695014307068618,1,,,,,,,,,,,,,,,,,,13.856406460551018,0.00504843934660285,0.4271776549397905,0.7210545908340634,0.5230496186405201,0.451985279384734,0.7269496377745845,0.7269496377745845,0.6057597816584755,0.7240083990733772,1.0,,,,,,,,
82.523,stsm,stsm,arm,0,0.076210967449605135,0.03705990878338767,0.73933485800242671,0.4833610281871908,0.0,0.23201329352985156,0.00011099445719311277,0.00792531801417432,0.7234106341884098,0.016975267331956596,0.008354315474297653,-0.046327428543198934,0.050041831735665766,0.04763507278739495,0.09900000000000375,1.0,NORMAL,1.0,0,,46.97852371506637,0.35231937182041406,1,,,,,,,,,,,,,,,,,,13.856406460551018,0.004337676201685011,0.42884281367041055,0.7238358681844967,0.5246774475201128,0.4507736829882488,0.7300404317677065,0.7300404317677065,0.6073318576151412,0.7269496377745845,1.0,,,,,,,,
82.6,stsm,stsm,arm,0,0.077703516704647591,0.037795898329063445,0.73525672874906822,0.4847808704808799,0.0,0.23269481783082235,0.00012089263048585713,0.008350349924029714,0.7259469308662179,0.0149254925504254,0.007359895456758166,-0.040781292533587185,0.04404602376738708,0.04637886847694281,0.09999999999999432,1.0,NORMAL,1.0,0,,47.344613388381035,0.36608967331466147,1,,,,,,,,,,,,,,,,,,13.856406460551018,0.0036643527955036526,0.43030201431676396,0.7263512966568987,0.5258873416070433,0.44992609537471795,0.7328424002145952,0.7328424002145952,0.6087517834633138,0.7300404317677065,1.0,,,,,,,,
82.722,stsm,stsm,arm,0,0.079002612919694251,0.038435146191827585,0.7317263384451097,0.4860165892303458,0.0,0.23328796283056596,0.0001301273242184794,0.008734698280677463,0.7281693776658077,0.012990962150465498,0.0063924786276408595,-0.03530390303958218,0.0381574953374549,0.043501387202380386,0.10000000000000853,1.0,NORMAL,1.0,0,,47.67460004150321,0.3299866531221767,1,,,,,,,,,,,,,,,,,,13.856406460551018,0.003134046637414365,0.43171891632903775,0.7285225682293829,0.5275994067963838,0.44885517077193265,0.7352707434991448,0.7352707434991448,0.6100619723242111,0.7328424002145952,1.0,,,,,,,,
82.822,stsm,stsm,arm,0,0.08027846325192349,0.03907398296110344,0.7281781227498767,0.4872289733270664,0.0,0.23386990719699186,0.0001399642484535458,0.009135989464854768,0.7303748342373666,0.012386896429410758,0.00620229873083388,-0.0344486960702252,0.03712972358688119,0.04127106354338206,0.10299999999999443,1.0,NORMAL,1.0,0,,47.9577887476229,0.28318870611968805,1,,,,,,,,,,,,,,,,,,13.856406460551018,0.0027277412001999604,0.4333561753431123,0.7306949079487117,0.5289437949156305,0.4480308758720545,0.7377093340133085,0.7377093340133085,0.6113447281874262,0.7352707434991448,1.0,,,,,,,,
82.86,stsm,stsm,arm,0,0.080869373230254407,0.039367131883189882,0.72655837943267187,0.48779065430666585,0.0,0.2341395140671996,0.00014470331174512541,0.009324764836304938,0.7313996365219155,0.01074381778783352,0.005329980401571011,-0.029449878494629527,0.03179832786622186,0.03795560446903871,0.05500000000000682,1.0,NORMAL,1.0,0,,48.23855530554509,0.28076655792219185,1,,,,,,,,,,,,,,,,,,13.856406460551018,0.0027277412001999604,0.4333561753431123,0.731725058164862,0.5293707474078623,0.4477734763040889,0.7388640865632374,0.7388640865632374,0.6119333421100127,0.7377093340133085,1.0,,,,,,,,
82.941,stsm,stsm,arm,0,0.0816172778718042,0.039732094362224177,0.72453921426300927,0.48850205663252594,0.0,0.23448098718361243,0.00015085344611083946,0.009565216284756406,0.7326991135470056,0.012260731828686573,0.005982991459579306,-0.033101068355128584,0.03580226889501923,0.03720185206258699,0.06099999999999284,1.0,NORMAL,1.0,0,,48.37263427208835,0.13407896654325668,1,,,,,,,,,,,,,,,,,,13.856406460551018,0.006876047384809856,0.4218004270018814,0.7329532117217589,0.5307354679452355,0.4470733485507854,0.7402503894293434,0.7402503894293434,0.6127531044117808,0.7388640865632374,1.0,,,,,,,,
83.0,stsm,stsm,arm,0,0.083200364531286763,0.040485777084662278,0.72036545385328932,0.4900094263552931,0.0,0.23520452465054068,0.00016446303983032754,0.010080709869104934,0.735459123914769,0.01954427974669757,0.009304724968371264,-0.05152790629283695,0.05588990878931178,0.04374205158780836,0.08100000000000307,1.0,NORMAL,1.0,0,,48.531786225984405,0.15915195389605685,1,,,,,,,,,,,,,,,,,,13.856406460551018,0.006463431253993708,0.422283949707598,0.7358313251210551,0.5321894331311887,0.44638254511565606,0.7434654885277197,0.7434654885277197,0.6144671979739049,0.7402503894293434,1.0,,,,,,,,
83.122,stsm,stsm,arm,0,0.085134929083410804,0.041409117417236227,0.71525823228801511,0.491850828447316,0.0,0.23608839765471165,0.0001826279393734488,0.010744705095279031,0.7388665591366801,0.019154104476475822,0.009141983490831262,-0.05056655015123027,0.05484005447334337,0.04762618092838815,0.10099999999999909,1.0,NORMAL,1.0,0,,48.90432411803461,0.3725378920502038,1,,,,,,,,,,,,,,,,,,13.856406460551018,0.005645147055521909,0.42339221132724636,0.7393813967260882,0.5352426395153107,0.4451017811702351,0.7474452715065396,0.7474452715065396,0.6167927722295434,0.7434654885277197,1.0,,,,,,,,
83.22,stsm,stsm,arm,0,0.086907039205641023,0.042272602050546795,0.71044662891386001,0.49353536974205325,0.0,0.23689697747618554,0.00020117697706219912,0.011403746211953975,0.742037270407255,0.01772110122230068,0.008634846333104948,-0.04811603374154683,0.051997602855757066,0.04915598156788467,0.10000000000000853,1.0,NORMAL,1.0,0,,49.35299376156641,0.44866964353180094,1,,,,,,,,,,,,,,,,,,13.856406460551018,0.0047399023226622474,0.4250102227817833,0.7425022200410208,0.537416224742615,0.44417766895011396,0.7509877132658225,0.7509877132658225,0.618770956749893,0.7474452715065396,1.0,,,,,,,,
83.32,stsm,stsm,arm,0,0.088370804012504842,0.042976306755340699,0.70655490679947941,0.49492736306658347,0.0,0.23756513427196005,0.00021755679427789147,0.011963508533238023,0.7446735626660594,0.014637648068639014,0.007037047047939432,-0.03891722114380824,0.042170260536215795,0.046710929660823186,0.09999999999999432,1.0,NORMAL,1.0,0,,49.75546881471551,0.4024750531491037,1,,,,,,,,,,,,,,,,,,13.856406460551018,0.003986007992441841,0.4260444455207827,0.7450931665143046,0.5394197590304535,0.44342352972690247,0.7539335421828975,0.7539335421828975,0.6204674993636394,0.7509877132658225,1.0,,,,,,,,
83.4,stsm,stsm,arm,0,0.089848324224991519,0.043695949663585795,0.70255847518475845,0.49633108674364695,0.0,0.23823892163695054,0.00023550009535930547,0.012562497228572368,0.7473680057045291,0.01492444659077395,0.007269120285303732,-0.04036799610829103,0.04364807356072062,0.04563887052104411,0.09900000000000375,1.0,NORMAL,1.0,0,,50.090462452877205,0.33499363816169136,1,,,,,,,,,,,,,,,,,,13.856406460551018,0.0034400144367975486,0.4274561514531966,0.7478282869726735,0.5410415873811669,0.44283600214857255,0.7570449342411515,0.7570449342411515,0.6221877026858911,0.7539335421828975,1.0,,,,,,,,
83.521,stsm,stsm,arm,0,0.091018037991476466,0.044264296478799744,0.69941115458077752,0.49744221402872285,0.0,0.23877226273378696,0.0002505963180911541,0.013052790058443828,0.7495178631390448,0.011697137664850142,0.005683468152139815,-0.03147320603981109,0.034054185325907364,0.041584228873141664,0.09999999999999432,1.0,NORMAL,1.0,0,,50.440255381392674,0.3497929285154697,1,,,,,,,,,,,,,,,,,,13.856406460551018,0.0029442778183697955,0.4286717506220987,0.7498813433760991,0.5430173498054962,0.44217414853418224,0.7594035748287176,0.7594035748287176,0.6236191041361238,0.7570449342411515,1.0,,,,,,,,
83.582,stsm,stsm,arm,0,0.091673446894590976,0.044585471319249392,0.69762838808183636,0.49806438096101135,0.0,0.23907090286128543,0.00025949123749150616,0.013337643896834318,0.7507324189566227,0.011300153501972958,0.005537497249131197,-0.030737353430016278,0.03321358518489115,0.03865444155460474,0.058000000000006935,1.0,NORMAL,1.0,0,,50.70318520744068,0.2629298260480084,1,,,,,,,,,,,,,,,,,,13.856406460551018,0.0029442778183697955,0.4286717506220987,0.7509961901112256,0.543900989124041,0.44186405903776543,0.7606949303597672,0.7606949303597672,0.6243640421581997,0.7594035748287176,1.0,,,,,,,,
83.639,stsm,stsm,arm,0,0.092287529762437565,0.044889860204959831,0.69593116803191546,0.4986468559183029,0.0,0.23935049084078538,0.000268167001737138,0.013613533611252893,0.7518790473720782,0.007676035848082516,0.0038048610713805587,-0.0212152506240117,0.022879802297073808,0.03313313277441905,0.0799999999999983,1.0,NORMAL,1.0,0,,50.84947135906805,0.1462861516273648,1,,,,,,,,,,,,,,,,,,13.856406460551018,0.007339707877889433,0.4203551983347616,0.7520757387755037,0.5444124722911007,0.4416732967812741,0.7619446885025942,0.7619446885025942,0.6250265490876182,0.7606949303597672,1.0,,,,,,,,
83.741,stsm,stsm,arm,0,0.094010912189528062,0.045705986392719028,0.69140773855985116,0.500285245646956,0.0,0.24013691791053887,0.00029312772189631244,0.014376481985554605,0.7550917732649458,0.020763643699885908,0.00983284563565317,-0.05449915026583598,0.05914364828693412,0.042236208049386145,0.08299999999999841,1.0,NORMAL,1.0,0,,50.99153940707295,0.14206804800490147,1,,,,,,,,,,,,,,,,,,13.856406460551018,0.0069754092093577275,0.4204251967903653,0.7555238862439503,0.547996800829388,0.44077292803533447,0.7658608689651252,0.7658608689651252,0.6275386210184495,0.7619446885025942,1.0,,,,,,,,
83.8,stsm,stsm,arm,0,0.095335900141423457,0.04633742095626505,0.68790003114576348,0.5015440453112241,0.0,0.24074114174938754,0.000313833142150154,0.014993132074996926,0.7575921522777587,0.016771999391082332,0.007992842576532586,-0.04440135967199959,0.048131759127939315,0.044299613463417764,0.07899999999999352,1.0,NORMAL,1.0,0,,51.41052586798956,0.4189864609166136,1,,,,,,,,,,,,,,,,,,13.856406460551018,0.006045362375543175,0.4214791846591785,0.7579848032635145,0.549240416082746,0.4404227397622702,0.7686965381917189,0.7686965381917189,0.6290861243250625,0.7658608689651252,1.0,,,,,,,,
83.922,stsm,stsm,arm,0,0.097230910957438021,0.047237078055422113,0.6829173151227369,0.5033441208763781,0.0,0.2416051780206615,0.0003456099713677663,0.015909176749241454,0.7612040856176489,0.01876248332687704,0.008907496031258127,-0.04933382201016459,0.053527565424450405,0.04752931164260526,0.10099999999999909,1.0,NORMAL,1.0,0,,51.73274319688177,0.3222173288922079,1,,,,,,,,,,,,,,,,,,13.856406460551018,0.005381024284591881,0.42222322318597777,0.7617211673471408,0.5530684750229575,0.43957861867588854,0.7729842872953555,0.7729842872953555,0.6318381370853356,0.7686965381917189,1.0,,,,,,,,
83.999,stsm,stsm,arm,0,0.098979375475183068,0.048077175468717523,0.67824534004319048,0.5050030959332548,0.0,0.24240148604796227,0.0003777817681505256,0.01681077357483249,0.7645931373242001,0.0176612577549998,0.00848583245752907,-0.04719166747016407,0.05109777741350729,0.0487782266968952,0.09900000000000375,1.0,NORMAL,1.0,0,,52.192110828925834,0.4593676320440636,1,,,,,,,,,,,,,,,,,,13.856406460551018,0.004521201462211451,0.423628654281974,0.7651077317543097,0.555268488426644,0.43907832190963786,0.7769072370016702,0.7769072370016702,0.6340904447730654,0.7729842872953555,1.0,,,,,,,,
84.123,stsm,stsm,arm,0,0.10054564882173422,0.048827737720210818,0.67408308539536221,0.506488777451259,0.0,0.2431146131766043,0.0004087565879447671,0.017651395666634786,0.7676635428824428,0.01566273346551245,0.007505622514933374,-0.04162254647828504,0.0451009086858054,0.04749116520630742,0.09999999999999432,1.0,NORMAL,1.0,0,,52.62442187762734,0.43231104870150716,1,,,,,,,,,,,,,,,,,,13.856406460551018,0.003807653536148828,0.4246934113255486,0.7681369547417638,0.5584756370161993,0.43845408689168963,0.7804314940320537,0.7804314940320537,0.6363745431704266,0.7769072370016702,1.0,,,,,,,,
84.199,stsm,stsm,arm,0,0.10197031786894814,0.049519903090643663,0.67022561683491877,0.5078384255908469,0.0,0.2437624442836065,0.0004392288027156324,0.01846155411247926,0.7705016527896482,0.014105634130829001,0.006853122479532223,-0.03819275802418749,0.041287055688755715,0.04531954462333659,0.1010000000000133,1.0,NORMAL,1.0,0,,53.00007871232438,0.3756568346970397,1,,,,,,,,,,,,,,,,,,13.856406460551018,0.0032455349577573947,0.42599296766171707,0.7708893111543674,0.5602928418320479,0.438081245185105,0.783656164000416,0.783656164000416,0.6382298905429841,0.7804314940320537,1.0,,,,,,,,
84.3,stsm,stsm,arm,0,0.10320010606577029,0.05011258795585221,0.66694140604749153,0.509003563195785,0.0,0.2443217103339768,0.00046692203947091914,0.019177224366438317,0.772969419935671,0.012422102998204862,0.005986715810187973,-0.033173846337652434,0.03592566617230835,0.04203168588216853,0.09899999999998954,1.0,NORMAL,1.0,0,,53.35253121362177,0.3524525012973925,1,,,,,,,,,,,,,,,,,,13.856406460551018,0.0027890791741228267,0.42686468094953833,0.7733410306337908,0.562479111767827,0.43771025616540643,0.78652174068062,0.78652174068062,0.6400130348119111,0.783656164000416,1.0,,,,,,,,
84.361,stsm,stsm,arm,0,0.10369419206148181,0.050354066418571201,0.66559570518973976,0.5094711336776659,0.0,0.24454614416527964,0.0004786145457318295,0.019476867319069068,0.7739727597077465,0.01235214989278603,0.006036961567973842,-0.033642521443788834,0.036343359242684746,0.040040609179450265,0.04000000000000625,1.0,NORMAL,1.0,0,,53.6581428306922,0.3056116170704257,1,,,,,,,,,,,,,,,,,,13.856406460551018,0.0027890791741228267,0.42686468094953833,0.7743039836822612,0.5639301344446657,0.4374841394480851,0.7876569056776512,0.7876569056776512,0.6408437908131658,0.78652174068062,1.0,,,,,,,,
84.419,stsm,stsm,arm,0,0.10409771748851618,0.050552857343021354,0.66448418458875935,0.5098527500536352,0.0,0.24472932002574488,0.0004884217448907625,0.019727193542960715,0.7747976853672316,0.005107916797903811,0.002516340815824923,-0.014069881025069623,0.01517841682044964,0.03133870864424662,0.07899999999999352,1.0,NORMAL,1.0,0,,53.77219765973949,0.1140548290472907,1,,,,,,,,,,,,,,,,,,13.856406460551018,0.007109954370776588,0.4197637626486807,0.7749856754371258,0.5639359423060812,0.43743523488120983,0.7884819883416848,0.7884819883416848,0.6412097102415255,0.7876569056776512,1.0,,,,,,,,
84.5,stsm,stsm,arm,0,0.10578030789759379,0.051341816123966974,0.66011948003737497,0.5114484623951522,0.0,0.24549526194967303,0.0005297779296698621,0.02074189042820543,0.7782153927027005,0.020772721099722877,0.009740231863525803,-0.05388524137511375,0.05856617877833918,0.04086746171309407,0.08100000000000307,1.0,NORMAL,1.0,0,,53.87015979427254,0.09796213453304858,1,,,,,,,,,,,,,,,,,,13.856406460551018,0.006874327320720963,0.4198188156242797,0.778551928145663,0.5672013867324643,0.43701341171839375,0.792626722286656,0.792626722286656,0.6438483622207942,0.7884819883416848,1.0,,,,,,,,
84.62,stsm,stsm,arm,0,0.10778161820903753,0.052289341336131133,0.65485818182264199,0.5133442203831113,0.0,0.24640522578389343,0.0005834421600001039,0.022023042163443918,0.7823559304904488,0.02001310311443852,0.009475252121642127,-0.05261298214733278,0.05708266452674919,0.046542757806332664,0.09999999999999432,1.0,NORMAL,1.0,0,,54.307779884493,0.437620090220463,1,,,,,,,,,,,,,,,,,,13.856406460551018,0.005977883408126579,0.42086519503583775,0.7827855575358384,0.5719394639932236,0.4364503937105563,0.797581891485359,0.797581891485359,0.6471893266812443,0.792626722286656,1.0,,,,,,,,
84.72,stsm,stsm,arm,0,0.1096088886365755,0.053167985664883059,0.64994876688807701,0.5150722503236845,0.0,0.24723468015536856,0.0006372975158203944,0.02327703419986192,0.7862212621947354,0.018272704275378134,0.008786443287518514,-0.049094149345645634,0.05311618215904414,0.048843253630175526,0.10000000000000853,1.0,NORMAL,1.0,0,,54.8178592466426,0.5100793621495967,1,,,,,,,,,,,,,,,,,,13.856406460551018,0.005003695121020365,0.4220363251808289,0.7867720272169761,0.5754961883350288,0.43606217195893304,0.8022652875863293,0.8022652875863293,0.6501489187743168,0.797581891485359,1.0,,,,,,,,
84.821,stsm,stsm,arm,0,0.11114482016345567,0.053896844860624057,0.64590747020730499,0.5165251785425659,0.0,0.2479320857004316,0.0006853441465528528,0.02435638321119203,0.7894989916007423,0.01535931526880256,0.007288591957410396,-0.040412966807722515,0.04384335781449889,0.04709323818267196,0.09999999999999432,1.0,NORMAL,1.0,0,,55.30122218148324,0.48336293484064186,1,,,,,,,,,,,,,,,,,,13.856406460551018,0.0041996314583468185,0.4227347202035045,0.7899463263724853,0.577719663415563,0.4357670120366494,0.8060332176995326,0.8060332176995326,0.6523665548810577,0.8022652875863293,1.0,,,,,,,,
84.92,stsm,stsm,arm,0,0.11268489190123721,0.054632704042292021,0.64181939204293903,0.5179805303761827,0.0,0.2486306545805677,0.000736982264278221,0.025490635778579896,0.7928388029996085,0.01540071737781403,0.007358591816679011,-0.04088078164365612,0.04430089476604383,0.04611591496066892,0.10000000000000853,1.0,NORMAL,1.0,0,,55.70721909939195,0.40599691790870907,1,,,,,,,,,,,,,,,,,,13.856406460551018,0.0036072695035783238,0.4238370085957325,0.7932629555771332,0.5815397503719595,0.43550074432774255,0.8099671299097765,0.8099671299097765,0.6550676450466529,0.8060332176995326,1.0,,,,,,,,
85.0,stsm,stsm,arm,0,0.11409293252275862,0.055307483602088495,0.63807028825274748,0.5193100857629404,0.0,0.24926884116621137,0.0007872650705291916,0.026569829367118963,0.7959360213667999,0.01408040621521497,0.0067477955979651175,-0.03749103790191768,0.04061241814495179,0.04418968013618685,0.09999999999999432,1.0,NORMAL,1.0,0,,56.104872964675096,0.3976538652831465,1,,,,,,,,,,,,,,,,,,13.856406460551018,0.003077050734279314,0.4249103332760835,0.7963296295729216,0.583729033830446,0.43532053239493995,0.8136152381595618,0.8136152381595618,0.6572486084894673,0.8099671299097765,1.0,,,,,,,,
85.04,stsm,stsm,arm,0,0.11462101623592702,0.055561261990823813,0.63665976084236908,0.5198084438161242,0.0,0.24950805303173962,0.000806925871264728,0.026985691068536124,0.7971091137876647,0.013896939820222205,0.006678378650929998,-0.03711914237838197,0.04019398473252767,0.04279116709276963,0.0379999999999967,1.0,NORMAL,1.0,0,,56.48861440521934,0.38374144054424164,1,,,,,,,,,,,,,,,,,,13.856406460551018,0.003077050734279314,0.4249103332760835,0.7974634046910034,0.5848147182490546,0.43523994523388315,0.8149715696533792,0.8149715696533792,0.6581224094568301,0.8136152381595618,1.0,,,,,,,,
85.1,stsm,stsm,arm,0,0.11554220951453331,0.056001767481426455,0.63420931134352532,0.5206778332398302,0.0,0.24992535995511847,0.0008421809300821781,0.027721518244069755,0.7991668923691007,0.014622115533432645,0.006992150644486126,-0.0388960237911694,0.042137834544165365,0.04256250056655419,0.06300000000000239,1.0,NORMAL,1.0,0,,56.628217022649366,0.13960261743002889,1,,,,,,,,,,,,,,,,,,13.856406460551018,0.0075454481293592,0.41948810118955304,0.7996175633588574,0.586963978448112,0.43510973631408195,0.8175176236693031,0.8175176236693031,0.6598022254475886,0.8149715696533792,1.0,,,,,,,,
85.22,stsm,stsm,arm,0,0.1175926308661458,0.05696946283454607,0.62882875612543876,0.5226136011199928,0.0,0.25085452853759654,0.0009249281035507419,0.0293987806859681,0.8037918384471081,0.02071132678396372,0.009774700536561392,-0.054349042606932865,0.05897730292258023,0.04830756535818546,0.09900000000000375,1.0,NORMAL,1.0,0,,56.8834299033922,0.25521288074283177,1,,,,,,,,,,,,,,,,,,13.856406460551018,0.007005157337486518,0.41979046269843695,0.8043261143705344,0.5924676911242706,0.4348364525861761,0.8231108757783694,0.8231108757783694,0.6636852834648377,0.8175176236693031,1.0,,,,,,,,
85.321,stsm,stsm,arm,0,0.11931955460205246,0.057788545034401805,0.62426749469569598,0.5242421121876298,0.0,0.2516362138500623,0.001000372839722979,0.030886322788886596,0.8077650216663017,0.017269237359067584,0.008190821998557814,-0.045612614297430396,0.04945530009030403,0.04870927113975917,0.09999999999999432,1.0,NORMAL,1.0,0,,57.439471160726896,0.556041257334698,1,,,,,,,,,,,,,,,,,,13.856406460551018,0.005897728626376884,0.4206971883310676,0.8082344191802677,0.5961405988291923,0.43467820308472394,0.8277935105519014,0.8277935105519014,0.6667116829115214,0.8231108757783694,1.0,,,,,,,,
85.42,stsm,stsm,arm,0,0.12096862201576314,0.058577049546785769,0.61986338273113284,0.525795128282761,0.0,0.2523816615757253,0.0010778961403213458,0.03238107184027139,0.8116357578390789,0.01570540394010113,0.007509566784608897,-0.04194392347202831,0.04541306004269711,0.04755553704807552,0.10500000000000398,1.0,NORMAL,1.0,0,,57.91647277054257,0.4770016098156731,1,,,,,,,,,,,,,,,,,,13.856406460551018,0.005053296269563547,0.4214976782433214,0.8120980570420588,0.5997838121377089,0.4345541053035582,0.8324257433370423,0.8324257433370423,0.6697154294550921,0.8277935105519014,1.0,,,,,,,,
85.522,stsm,stsm,arm,0,0.12242226408341081,0.059265212672260259,0.61604363873166923,0.527164170873147,0.0,0.25303880201911055,0.0011498946580245587,0.03372788622088055,0.8150807537711626,0.015301495448923027,0.007243822373415776,-0.040207831573301635,0.04362657957458965,0.04618035335040652,0.09499999999999886,1.0,NORMAL,1.0,0,,58.38148295100184,0.46501018045927367,1,,,,,,,,,,,,,,,,,,13.856406460551018,0.004319697811358493,0.4220547472770646,0.8155628057308274,0.6031896258744215,0.4344788777493564,0.8365759171960607,0.8365759171960607,0.6724518066376665,0.8324257433370423,1.0,,,,,,,,
85.62,stsm,stsm,arm,0,0.12382188609307446,0.0599359209567654,0.61230182026313662,0.5284802376862051,0.0,0.25367051408937846,0.0012238741240095244,0.03509070369698671,0.8184653295965798,0.013457903939073642,0.006449118120241787,-0.03597902373589075,0.03895120603973585,0.04365009169931896,0.1039999999999992,1.0,NORMAL,1.0,0,,58.79665495641552,0.41517200541368027,1,,,,,,,,,,,,,,,,,,13.856406460551018,0.003745186650501852,0.42297576406565646,0.8188498977636456,0.6062451168316304,0.434421912868892,0.8405490949580046,0.8405490949580046,0.6750165056055432,0.8365759171960607,1.0,,,,,,,,
85.7,stsm,stsm,arm,0,0.1251297306948507,0.060557352205839646,0.6088540405345555,0.529710015381436,0.0,0.25426080738308926,0.001296167220944477,0.03638822062312704,0.8216552106085968,0.013482934038929164,0.006406507722414352,-0.03554412091320438,0.03855149002292858,0.04186555988414673,0.09700000000000841,1.0,NORMAL,1.0,0,,59.19512722698295,0.3984722705674244,1,,,,,,,,,,,,,,,,,,13.856406460551018,0.003242812074095324,0.4236100467980282,0.8220070296183426,0.608634013519109,0.4344000869086383,0.8443534859840159,0.8443534859840159,0.6773486540075264,0.8405490949580046,1.0,,,,,,,,
85.821,stsm,stsm,arm,0,0.12644072402954099,0.061183269650761693,0.60537765357209505,0.5309414994877261,0.0,0.2548519197541085,0.0013725999644206754,0.03773619610331544,0.8249022153095706,0.013242356916064893,0.006322398433556701,-0.03511501982283646,0.03805781596207656,0.0405328481460818,0.09899999999998954,1.0,NORMAL,1.0,0,,59.58273820218756,0.3876109752046091,1,,,,,,,,,,,,,,,,,,13.856406460551018,0.002828560946499957,0.4245337813529799,0.8252716285333205,0.6126463828664546,0.4343880476376939,0.8482840420071018,0.8482840420071018,0.6801475252611426,0.8443534859840159,1.0,,,,,,,,
85.86,stsm,stsm,arm,0,0.12718598987436297,0.06154276801338375,0.60337197780349749,0.5316406218351618,0.0,0.2551874984808777,0.00141814633157865,0.03853178673827708,0.8267780533858953,0.012849411117618897,0.006198247631414037,-0.03458061669995378,0.03740781590949998,0.03943897218241556,0.058000000000006935,1.0,NORMAL,1.0,0,,59.959137740585675,0.37639953839811824,1,,,,,,,,,,,,,,,,,,13.856406460551018,0.002828560946499957,0.4245337813529799,0.8270639092123006,0.6135831277469417,0.43438652565543207,0.850466197861097,0.850466197861097,0.6813749401189428,0.8482840420071018,1.0,,,,,,,,
85.899,stsm,stsm,arm,0,0.12783623234929506,0.061851636597197911,0.60165318836460724,0.532251141280865,0.0,0.2554805478148152,0.0014585632910012725,0.03922551257531193,0.8284157649619934,0.015481963688858675,0.0073540139003368775,-0.040923558068814064,0.04436789746112704,0.04116406793897472,0.04200000000000159,1.0,NORMAL,1.0,0,,60.18527105240804,0.22613331182236607,1,,,,,,,,,,,,,,,,,,13.856406460551018,0.007009623774227874,0.4196932867386633,0.8287510945098222,0.6153456190455924,0.43439550913011593,0.8524918613953458,0.8524918613953458,0.682746021020219,0.850466197861097,1.0,,,,,,,,
86.022,stsm,stsm,arm,0,0.129747336617095,0.062752422601791258,0.596640280590917,0.5340454474617613,0.0,0.2563418147816454,0.0015827096556457194,0.04130935996702448,0.8332793318660769,0.019111042678000543,0.009007860045933984,-0.05012907773690519,0.05439942949701013,0.04579635436996399,0.09999999999999432,1.0,NORMAL,1.0,0,,60.38133481186803,0.19606375945998877,1,,,,,,,,,,,,,,,,,,13.856406460551018,0.006643182324483492,0.4199118027311939,0.8337651247327778,0.6215794987767148,0.4344711606185565,0.8585135286036931,0.8585135286036931,0.6870823281829355,0.8524918613953458,1.0,,,,,,,,
86.099,stsm,stsm,arm,0,0.13142511479857821,0.063550401430475717,0.59218155363068925,0.53561805163636,0.0,0.2570966647854528,0.001700026124072458,0.04323713622354797,0.8376518787694331,0.016777781814833036,0.007979788286845044,-0.04458726960228008,0.04830316339863695,0.04667371617737244,0.09999999999999432,1.0,NORMAL,1.0,0,,60.950744311974276,0.5694095001062465,1,,,,,,,,,,,,,,,,,,13.856406460551018,0.005640634812453276,0.42072934405669427,0.8380889420177984,0.6247627735926257,0.4345398004902171,0.863756802467759,0.863756802467759,0.6902870796421,0.8585135286036931,1.0,,,,,,,,
86.2,stsm,stsm,arm,0,0.13315108419208654,0.064366529944299311,0.58764191055540405,0.537235119870888,0.0,0.25787285753802625,0.0018278214454832322,0.04527695821167368,0.8422127570660711,0.017259693935081838,0.008161285138235245,-0.045396430752848174,0.049247736343292166,0.04757459766924826,0.10000000000000853,1.0,NORMAL,1.0,0,,61.47516652331174,0.5244222113374661,1,,,,,,,,,,,,,,,,,,13.856406460551018,0.004837678537423413,0.42122307842169293,0.8426697217690872,0.6293726116199537,0.4346686870774388,0.8692987487749992,0.8692987487749992,0.6940024423103697,0.863756802467759,1.0,,,,,,,,
86.3,stsm,stsm,arm,0,0.13478241364958291,0.065143638642743806,0.5833062204990852,0.5387611310866858,0.0,0.25860534292160914,0.0019569370064054727,0.047296760985682015,0.8466201720003824,0.016313294574964537,0.007771086984445394,-0.04335690056319088,0.046971631856428046,0.04736353733531371,0.09999999999999432,1.0,NORMAL,1.0,0,,62.0108309190238,0.535664395712061,1,,,,,,,,,,,,,,,,,,13.856406460551018,0.004102193214047663,0.42208854952723396,0.8471288253641844,0.6339222149657754,0.43481798018393386,0.8746973139225065,0.8746973139225065,0.6976415836091,0.8692987487749992,1.0,,,,,,,,
86.42,stsm,stsm,arm,0,0.13626882637198393,0.065850581012313614,0.57937034625283435,0.540150520681903,0.0,0.2592722499273134,0.0020811659715835747,0.04919409047032612,0.8506980270511261,0.014864127224008936,0.007069423695697471,-0.03935874246250523,0.042661805373783994,0.04571793094566541,0.10000000000000853,1.0,NORMAL,1.0,0,,62.52605310731474,0.5152221882909345,1,,,,,,,,,,,,,,,,,,13.856406460551018,0.0034806104034039343,0.4227462426426214,0.8511139666035556,0.6386774435958809,0.4350203204355075,0.8795548299121739,0.8795548299121739,0.7010916401367795,0.8746973139225065,1.0,,,,,,,,
86.499,stsm,stsm,arm,0,0.13764058429623147,0.066506270251992738,0.57571384808477299,0.541431087144346,0.0,0.2598869218292861,0.002202265480903448,0.05101109419368777,0.8545313686482232,0.013581761626213398,0.006491972670090403,-0.036202952159023596,0.03920795458894834,0.04343941568631308,0.10099999999999909,1.0,NORMAL,1.0,0,,62.98267407544293,0.45662096812819186,1,,,,,,,,,,,,,,,,,,13.856406460551018,0.0029827589008764757,0.42354264848839707,0.8549145065731917,0.6414660031523942,0.4351618895297661,0.8841815760180646,0.8841815760180646,0.7039309938183541,0.8795548299121739,1.0,,,,,,,,
86.52,stsm,stsm,arm,0,0.13789742563642576,0.066628542435183458,0.57503409189498289,0.5416708218381221,0.0,0.2600019944822986,0.002225520897753234,0.05135499347209861,0.8552533306902725,0.015108314129079934,0.007192481364161684,-0.03998565822295692,0.043345655001624926,0.04340659578539228,0.016999999999995907,1.0,NORMAL,1.0,0,,63.436535188880114,0.4538611134371848,1,,,,,,,,,,,,,,,,,,13.856406460551018,0.0029827589008764757,0.42354264848839707,0.8602470920502814,0.6548795183785301,0.43524242885781594,0.8896696282962725,0.8896696282962725,0.710009666895725,0.8841815760180646,1.0,,,,,,,,
86.62,stsm,stsm,arm,0,0.13902005264399181,0.067163739145138054,0.572049323262937,0.5427181026625019,0.0,0.2605046892780009,0.0023299487462800066,0.05288691273707198,0.8584396534238548,0.013525626597181538,0.006448153131983218,-0.03596106785597523,0.03895792159499714,0.04184955526045862,0.08299999999999841,1.0,NORMAL,1.0,0,,63.72832542756538,0.291790238685266,1,,,,,,,,,,,,,,,,,,13.856406460551018,0.0075635256849744485,0.41971425057788925,0.8611562299428609,0.6536812328904128,0.43545863323770423,0.8912675243545592,0.8912675243545592,0.7103909051063844,0.8896696282962725,1.0,,,,,,,,
86.72,stsm,stsm,arm,0,0.14099107690994517,0.068096852874522495,0.566827024512226,0.5445562387503542,0.0,0.26138699460017,0.0025233024669281748,0.05565684991821718,0.8641233857356696,0.019710242659531904,0.009331137293843614,-0.05222298750710562,0.0565933230431073,0.047009869247996355,0.10000000000000853,1.0,NORMAL,1.0,0,,63.96679752830009,0.23847210073471103,1,,,,,,,,,,,,,,,,,,13.856406460551018,0.006904254167141543,0.4200275008784306,0.865845515986922,0.6561294210637433,0.4357820119043274,0.8971878430946164,0.8971878430946164,0.7137361980124023,0.8912675243545592,1.0,,,,,,,,
86.82,stsm,stsm,arm,0,0.14278667025145952,0.068941995766907266,0.56212052759802744,0.5462296877184324,0.0,0.26219025010484753,0.0027104006026247656,0.05825431941157906,0.8693846578374838,0.017955933415144586,0.008451428923848184,-0.047064969141988225,0.05107791612820816,0.04843360423783723,0.09999999999999432,1.0,NORMAL,1.0,0,,64.58097499617202,0.6141774678719258,1,,,,,,,,,,,,,,,,,,13.856406460551018,0.005835777874440505,0.4205174511758509,0.8706164579604853,0.6600679652775983,0.436148166886662,0.9030975269343855,0.9030975269343855,0.7174825292647826,0.8971878430946164,1.0,,,,,,,,
86.921,stsm,stsm,arm,0,0.14463292501935088,0.069816552590471273,0.55723752632816148,0.5479473311706428,0.0,0.26301471896190853,0.0029162530270835122,0.06104947968556811,0.8749277828452029,0.018649038059507912,0.008833907308727011,-0.04932324515015935,0.05346594290786307,0.050194920872654814,0.09900000000000375,1.0,NORMAL,1.0,0,,65.16162187382258,0.5806468776505653,1,,,,,,,,,,,,,,,,,,13.856406460551018,0.00496664712643537,0.421242679279368,0.8760005116249254,0.6649992301570147,0.4365547224752813,0.9096897083717151,0.9096897083717151,0.7218110431572341,0.9030975269343855,1.0,,,,,,,,
87.02,stsm,stsm,arm,0,0.14623253056263236,0.070575736425638053,0.5529996210651541,0.5494335336242983,0.0,0.26372809613966314,0.0031056835707901857,0.06356109559991886,0.8798284089346704,0.015996055432815702,0.007591838351668228,-0.04237905263007621,0.04592922708679455,0.048701923666288206,0.09999999999999432,1.0,NORMAL,1.0,0,,65.7875535209053,0.625931647082723,1,,,,,,,,,,,,,,,,,,13.856406460551018,0.004163578121541382,0.4218108135615222,0.8805861697862442,0.6686626083933491,0.43692511472832035,0.9153467668586152,0.9153467668586152,0.7253801649416323,0.9096897083717151,1.0,,,,,,,,
87.142,stsm,stsm,arm,0,0.14781772764104603,0.071334311602941652,0.54875024206023049,0.5509035667112723,0.0,0.2644337120214107,0.003305151261730329,0.066159425560863,0.8848018555552764,0.012681576627309399,0.006068601418428798,-0.03399503203938892,0.03678739610639974,0.0445317491860725,0.125,1.0,NORMAL,1.0,0,,66.333278754985,0.545725234079697,1,,,,,,,,,,,,,,,,,,13.856406460551018,0.003546997627843942,0.42239994595763153,0.8853714755047376,0.6728222709299796,0.43732403428357886,0.921226372966319,0.921226372966319,0.7291860384211537,0.9153467668586152,1.0,,,,,,,,
87.2,stsm,stsm,arm,0,0.14869170730317105,0.071747429600693552,0.5464567989626844,0.551714322882446,0.0,0.2648228749835741,0.003418622501774804,0.06759841264932802,0.8875542330171229,0.01165306216166647,0.005508239970025118,-0.030579241300613354,0.03318470376291135,0.0405602209134879,0.07500000000000284,1.0,NORMAL,1.0,0,,66.8875715438134,0.5542927888283913,1,,,,,,,,,,,,,,,,,,13.856406460551018,0.003005419608324755,0.422744222976653,0.8879752582087941,0.6743251633575923,0.437510167429804,0.9244313006058031,0.9244313006058031,0.7310604724004984,0.921226372966319,1.0,,,,,,,,
87.322,stsm,stsm,arm,0,0.14997427305266817,0.072355419424986911,0.54308090361715278,0.5529028733060284,0.0,0.2653933791868936,0.0035916118841948334,0.06976103501360152,0.8916488993907183,0.012825657494971894,0.006079898242933935,-0.03375895345531813,0.036621436225537304,0.03918163209704611,0.09999999999999432,1.0,NORMAL,1.0,0,,67.20281880129366,0.31524725748026583,1,,,,,,,,,,,,,,,,,,13.856406460551018,0.0027421819064100497,0.4232249389126386,0.8920555049126292,0.6793496671831197,0.43797164545019046,0.9294075992548086,0.9294075992548086,0.7346961042001869,0.9244313006058031,1.0,,,,,,,,
87.36,stsm,stsm,arm,0,0.15071152372769192,0.072708994051031484,0.54110496356966509,0.553584793842486,0.0,0.26572070104439327,0.003695443060369693,0.07105039846111097,0.89405133640836,0.012287511250395435,0.005892910434075988,-0.03293233412479358,0.03564053811349767,0.03794215538488483,0.060000000000002274,1.0,NORMAL,1.0,0,,67.64833389904612,0.44551509775246245,1,,,,,,,,,,,,,,,,,,13.856406460551018,0.0027421819064100497,0.4232249389126386,0.8944031520227526,0.680520444554502,0.43811905144733976,0.9322848886539274,0.9322848886539274,0.7363318841696305,0.9294075992548086,1.0,,,,,,,,
87.419,stsm,stsm,arm,0,0.15111125302152506,0.072902531782549379,0.54001729825818334,0.5539540099673518,0.0,0.26589792478432883,0.003753277387296679,0.07176740431620313,0.8953726164551804,0.006891884376432621,0.0033368574399633157,-0.018752850197958873,0.020255914651771238,0.03175179174020192,0.058000000000006935,1.0,NORMAL,1.0,0,,67.92847606279355,0.28014216374742773,1,,,,,,,,,,,,,,,,,,13.856406460551018,0.006871738611586681,0.4202624750098263,0.8955848679976086,0.6814633808938444,0.438239855264252,0.9337596003091806,0.9337596003091806,0.7372619261162214,0.9322848886539274,1.0,,,,,,,,
87.521,stsm,stsm,arm,0,0.15273264004243198,0.073662365234811344,0.53578570909324419,0.5554554466693126,0.0,0.26661861440127005,0.003991102867031253,0.07461888345598063,0.9006840473935944,0.019773012450085888,0.009266261612951517,-0.05160474591389612,0.05603468056898949,0.04025053545592762,0.08199999999999363,1.0,NORMAL,1.0,0,,68.0683714178683,0.13989535507475637,1,,,,,,,,,,,,,,,,,,13.856406460551018,0.0066418332623586745,0.42023566416501673,0.9010318291531171,0.68874277045417,0.43893472163279773,0.9403660055413261,0.9403660055413261,0.7422688316953527,0.9337596003091806,1.0,,,,,,,,
87.6,stsm,stsm,arm,0,0.15469746295532674,0.074595701930280534,0.53054559005761059,0.5572700254065964,0.0,0.26748961219516626,0.004300566852685806,0.07826669443633137,0.9073268988907799,0.019648229128948765,0.009333366954692422,-0.052401190356338924,0.056736667133132544,0.046020614424768264,0.09999999999999432,1.0,NORMAL,1.0,0,,68.64568081616517,0.5773093982968618,1,,,,,,,,,,,,,,,,,,13.856406460551018,0.005784609847672377,0.4209418778422726,0.9078370569863776,0.694109048315964,0.4395019443227852,0.9486330625845862,0.9486330625845862,0.7475202780524282,0.9403660055413261,1.0,,,,,,,,
87.72,stsm,stsm,arm,0,0.15643371879549764,0.075419391066035832,0.5259292629806841,0.5588714621197135,0.0,0.26825830181746246,0.004591211111177527,0.08159449680373954,0.913315471852093,0.01736255840170749,0.00823689135755228,-0.04616327076926103,0.05000352369188528,0.04741462780670455,0.10000000000000853,1.0,NORMAL,1.0,0,,69.41143657036058,0.7657557541954105,1,,,,,,,,,,,,,,,,,,13.856406460551018,0.004831238851413761,0.4212087312383889,0.9138273581026995,0.7011757093090307,0.44029203834951725,0.955939183586643,0.955939183586643,0.7528085723369726,0.9486330625845862,1.0,,,,,,,,
87.8,stsm,stsm,arm,0,0.15789694124426995,0.076111468618530187,0.52206527337192254,0.5602198107904176,0.0,0.2689055091794004,0.004848827163704425,0.08446445060331126,0.9184385977368337,0.014632224487723942,0.006920775524943945,-0.03863989608761773,0.041893205857128045,0.04548211609513967,0.09999999999999432,1.0,NORMAL,1.0,0,,70.0551223101693,0.643685739808717,1,,,,,,,,,,,,,,,,,,13.856406460551018,0.004084944136008715,0.4215860464751512,0.9188556666488774,0.7046550523451217,0.44076964674023406,0.9620897524294684,0.9620897524294684,0.7565925295409254,0.955939183586643,1.0,,,,,,,,
87.92,stsm,stsm,arm,0,0.1593896220875779,0.076817334573811583,0.51813124497427676,0.5615937282898492,0.0,0.2695649895791276,0.005124737641369958,0.08746597904438759,0.9237494345547343,0.014926808433078202,0.007058659552813354,-0.03934028397645448,0.042664882843252004,0.044496068004958554,0.10000000000000853,1.0,NORMAL,1.0,0,,70.63281508107602,0.5776927709067223,1,,,,,,,,,,,,,,,,,,13.856406460551018,0.0035271639401222563,0.4219975615916298,0.9242002563034637,0.7111808030395366,0.4415565506004973,0.9685959866233516,0.9685959866233516,0.7613833991417123,0.9620897524294684,1.0,,,,,,,,
88.0,stsm,stsm,arm,0,0.16075365787871382,0.077469207559093797,0.51447676044251733,0.5628463526805463,0.0,0.2701662492866622,0.005391418823260221,0.09032386892984359,0.9287278897203123,0.013640357911359978,0.0065187298528225175,-0.03654484531759635,0.03954843766991465,0.04276431565531348,0.09999999999999432,1.0,NORMAL,1.0,0,,71.19885977689039,0.5660446958143694,1,,,,,,,,,,,,,,,,,,13.856406460551018,0.003022724458824779,0.42256786163560806,0.9290955464251668,0.7144557336659411,0.4420370422346155,0.9745850103288409,0.9745850103288409,0.765043333163641,0.9685959866233516,1.0,,,,,,,,
88.04,stsm,stsm,arm,0,0.16098209413191292,0.077577043895436987,0.51387807879441916,0.5630562728266575,0.0,0.27026701095679556,0.005436807071248884,0.09079941003945088,0.9295595008941528,0.006173952789163817,0.002914495576842475,-0.016180585083731804,0.017561984829800478,0.033943449849160645,0.03700000000000614,1.0,NORMAL,1.0,0,,71.75582595649756,0.5569661796071728,1,,,,,,,,,,,,,,,,,,13.856406460551018,0.003022724458824779,0.42256786163560806,0.9298620215214142,0.7165662654501106,0.4422697672256579,0.9755327465714693,0.9755327465714693,0.766057700192163,0.9745850103288409,1.0,,,,,,,,
88.12,stsm,stsm,arm,0,0.16229984823202107,0.078196706129706348,0.51042325276691636,0.5642669577565717,0.0,0.27084813972315436,0.005705628796941484,0.09358087343745769,0.9344015997141252,0.020916731747752312,0.00983590848046789,-0.0548385083730706,0.0595106441170561,0.042891904059455505,0.06299999999998818,1.0,NORMAL,1.0,0,,71.82282033838642,0.0669943818888612,1,,,,,,,,,,,,,,,,,,13.856406460551018,0.007661963018137857,0.4204337234123952,0.9348276975084475,0.7225528577451017,0.4430348084960493,0.9815530711062295,0.9815530711062295,0.7704921087139571,0.9755327465714693,1.0,,,,,,,,
88.2,stsm,stsm,arm,0,0.16445449337149909,0.0792160033352865,0.504694192696727,0.5662423732860327,0.0,0.2717963391772957,0.0061750169641151655,0.09833083227914777,0.9425445617065913,0.02154645139477839,0.010192972055800656,-0.05729060070188874,0.062051262483700804,0.049597624779579734,0.10000000000000853,1.0,NORMAL,1.0,0,,72.34214947769972,0.5193291393132995,1,,,,,,,,,,,,,,,,,,13.856406460551018,0.006889533778141627,0.4209118992430975,0.9430822754639601,0.7285510695587097,0.443906457585922,0.9915858290514217,0.9915858290514217,0.7767814079150034,0.9815530711062295,1.0,,,,,,,,
88.3,stsm,stsm,arm,0,0.16642569287758968,0.080146337750091293,0.49947997616744955,0.5680468922493986,0.0,0.27266250827971134,0.006634428961974594,0.10281100876510126,0.9501548382561859,0.01971199506090705,0.009303344148048455,-0.05214216529277745,0.056514780040601564,0.05201862881532908,0.09999999999999432,1.0,NORMAL,1.0,0,,73.25846651577622,0.9163170380764996,1,,,,,,,,,,,,,,,,,,13.856406460551018,0.005722452779534832,0.4211530612750247,0.9506769608605856,0.735638984575708,0.44497464096140005,1.0008355555317487,1.0008355555317487,0.7830315354823605,0.9915858290514217,1.0,,,,,,,,
88.419,stsm,stsm,arm,0,0.1681370605427524,0.080961271138574153,0.49489024886482003,0.5696094265828959,0.0,0.27341252475979005,0.007061994306557362,0.10687591979013869,0.956959865439382,0.017113676651625758,0.008149333884827912,-0.04589727302629129,0.04965731811679655,0.05119205598346976,0.10000000000000853,1.0,NORMAL,1.0,0,,74.07937410481865,0.8209075890424344,1,,,,,,,,,,,,,,,,,,13.856406460551018,0.004777502748761573,0.4215373094065881,0.95753504235513,0.7436217176001445,0.4461493329198163,1.0091757938647339,1.0091757938647339,0.7891204716849562,1.0008355555317487,1.0,,,,,,,,
88.52,stsm,stsm,arm,0,0.1696508219349806,0.081675376675264921,0.49090521252597807,0.5709910385393858,0.0,0.2740756984989052,0.007458132783514396,0.11050495735146998,0.9630298271732753,0.015137613922282828,0.007141055366908084,-0.03985036338842178,0.043222603915111416,0.04840269438925246,0.09999999999999432,1.0,NORMAL,1.0,0,,74.788275991271,0.7089018864523382,1,,,,,,,,,,,,,,,,,,13.856406460551018,0.004042477100725757,0.4215837281582071,0.9634926099960803,0.7488362874918872,0.4470668408151396,1.0164451330646016,1.0164451330646016,0.7939602178419272,1.0091757938647339,1.0,,,,,,,,
88.62,stsm,stsm,arm,0,0.17114554632066303,0.082389539891291691,0.48688653759353184,0.5723513612274166,0.0,0.27472865338915997,0.00787432620370318,0.11425119906627308,0.9692055398865529,0.014947243856825183,0.007141632160268103,-0.040186749324464595,0.04346720407497277,0.04667515884681249,0.09999999999999432,1.0,NORMAL,1.0,0,,75.43462038452877,0.6463443932577775,1,,,,,,,,,,,,,,,,,,13.856406460551018,0.003471892433947485,0.42203268153813567,0.9696918758190067,0.7543037731206003,0.4479768558026601,1.023983581793959,1.023983581793959,0.7989890216340565,1.0164451330646016,1.0,,,,,,,,
88.721,stsm,stsm,arm,0,0.17240282971670634,0.082982905177945876,0.48358588758576082,0.5734957988972914,0.0,0.27527798347069987,0.008237312070423218,0.11740138159589782,0.9744124760343122,0.012572833960432,0.005933652866541344,-0.033006500077707404,0.0358149890062374,0.04287400064138003,0.10000000000000853,1.0,NORMAL,1.0,0,,76.09516538038075,0.6605449958519785,1,,,,,,,,,,,,,,,,,,13.856406460551018,0.002967593040609606,0.42195904364599746,0.9696918758190067,0.7543037731206003,0.4479768558026601,1.023983581793959,1.023983581793959,0.7989890216340565,1.023983581793959,1.0,,,,,,,,
88.78,stsm,stsm,arm,0,0.1731819665967318,0.083353205005072109,0.48151794709047052,0.5742037331382658,0.0,0.27561779190636754,0.008471551672809694,0.11940575255596218,0.9776988292734052,0.012985614667090424,0.0061716637854369845,-0.03446567492150368,0.03734432179003116,0.04093861199592325,0.060000000000002274,1.0,NORMAL,1.0,0,,76.64558456508173,0.5504191847009849,1,,,,,,,,,,,,,,,,,,13.856406460551018,0.002967593040609606,0.42195904364599746,0.9780092596113962,0.7614375085658217,0.44930956051507354,1.0341271162308516,1.0341271162308516,0.8057208612307858,1.0302249492346007,1.0,,,,,,,,
88.84,stsm,stsm,arm,0,0.17386978112848372,0.083683972232109341,0.47965458998013316,0.5748273538535632,0.0,0.27591712984971034,0.008685837831457351,0.12123090590595034,0.9806612274406812,0.008706513060151716,0.004186926924522267,-0.023586798865031813,0.0254886407530364,0.03553096363695201,0.07899999999999352,1.0,NORMAL,1.0,0,,76.99103346528668,0.3454489002049428,1,,,,,,,,,,,,,,,,,,13.856406460551018,0.007294469186338468,0.42113486249016946,0.9809356080730435,0.7627395530418303,0.4495881278022244,1.0376933218368092,1.0376933218368092,0.8077391526884768,1.0341271162308516,1.0,,,,,,,,
88.92,stsm,stsm,arm,0,0.17513164565727429,0.084274288662635838,0.47635433466843413,0.5759742193712267,0.0,0.2764676252981888,0.009085939490203386,0.12451945223515522,0.9860472363947741,0.020686303750662664,0.009677318533220142,-0.05410254609342047,0.05872528544544311,0.04364875994109876,0.06100000000000705,1.0,NORMAL,1.0,0,,77.31995475202034,0.32892128673366017,1,,,,,,,,,,,,,,,,,,13.856406460551018,0.006886913045799041,0.4210978278119231,0.9863789330220492,0.7699935195126923,0.45081532729075297,1.0442868973694668,1.0442868973694668,0.8128686692987402,1.0376933218368092,1.0,,,,,,,,
89.018,stsm,stsm,arm,0,0.17715236168782905,0.085226432533280688,0.47100316323895869,0.5778062976018611,0.0,0.2773470228488933,0.009768849180422817,0.12998325859935952,0.9949054282305367,0.020207160305548737,0.009521438706449045,-0.05351171429475747,0.05798698724212667,0.04866713394219244,0.09999999999999432,1.0,NORMAL,1.0,0,,77.8589138358045,0.5389590837841638,1,,,,,,,,,,,,,,,,,,13.856406460551018,0.006194088954842922,0.4214823276807255,0.9954178398372456,0.7786995838452359,0.452344647219517,1.0552170823724905,1.0552170823724905,0.8204197883186222,1.0442868973694668,1.0,,,,,,,,
89.122,stsm,stsm,arm,0,0.17902511836350915,0.086112538282016649,0.46601328861165819,0.5795001053630624,0.0,0.27816005057426996,0.010449058958801806,0.13522839662727829,1.0033376115234125,0.01872756675680205,0.008861057487360106,-0.049898746273007784,0.05402892721536109,0.050543724847861383,0.09999999999999432,1.0,NORMAL,1.0,0,,78.79319488849718,0.9342810526926826,1,,,,,,,,,,,,,,,,,,13.856406460551018,0.005171822291063263,0.42174448915671164,1.0038236873841158,0.7860235461887973,0.45377697253407706,1.0654177759810275,1.0654177759810275,0.8272604955220044,1.0552170823724905,1.0,,,,,,,,
89.221,stsm,stsm,arm,0,0.18073330622313333,0.086926507461768124,0.46141064298788353,0.5810408865933965,0.0,0.2788996255648303,0.011114322216630217,0.1401944625505037,1.0112492969253606,0.016424883265614972,0.00782662672837856,-0.044256207920904476,0.04785023318410033,0.04960085278671319,0.10400000000001342,1.0,NORMAL,1.0,0,,79.67291378661041,0.8797188981132251,1,,,,,,,,,,,,,,,,,,13.856406460551018,0.004328020264165093,0.421835838178296,1.0117849211666199,0.7928690297604062,0.4551157681663689,1.0750594727916207,1.0750594727916207,0.8337072979712539,1.0654177759810275,1.0,,,,,,,,
89.321,stsm,stsm,arm,0,0.18210516615587363,0.087572267414717742,0.45780875570508284,0.5822782796996206,0.0,0.2794935742558179,0.011671999969331166,0.1441743319036505,1.0176181858284203,0.01429020763271308,0.006726666176559259,-0.03751965919584473,0.040708511373044015,0.04648840229454704,0.09599999999998943,1.0,NORMAL,1.0,0,,80.49806465989887,0.8251508732884645,1,,,,,,,,,,,,,,,,,,13.856406460551018,0.0036444758993806866,0.42159656565910747,1.0180450522032143,0.7982512427464813,0.45627982371878684,1.082658802365687,1.082658802365687,0.8388087302585423,1.0750594727916207,1.0,,,,,,,,
89.42,stsm,stsm,arm,0,0.18353030830933903,0.088250195069381449,0.45400022507785531,0.5835601169396224,0.0,0.2801088561310187,0.012286632189519503,0.14846308379934733,1.024418689059508,0.013703289937167388,0.006518535140997232,-0.03662048680026494,0.03964002407888859,0.044091445101948144,0.1039999999999992,1.0,NORMAL,1.0,0,,81.15191611150505,0.6538514516061724,1,,,,,,,,,,,,,,,,,,13.856406460551018,0.0031670739669476056,0.4218538192122687,1.0248122354829723,0.8037668263038577,0.45745782139136903,1.090855390000367,1.090855390000367,0.8442230682946416,1.082658802365687,1.0,,,,,,,,
89.44,stsm,stsm,arm,0,0.18397251171329065,0.088458547291204531,0.45284219262566905,0.5839579590180861,0.0,0.28029982032868134,0.01248196799843936,0.14978580136058878,1.0265255487057956,0.008343460451917868,0.00393117399666214,-0.021849668909175918,0.023716565787342797,0.03696014971841707,0.05299999999999727,1.0,NORMAL,1.0,0,,81.85452459677278,0.7026084852677315,1,,,,,,,,,,,,,,,,,,13.856406460551018,0.0031670739669476056,0.4218538192122687,1.0268512604859907,0.8040181074494557,0.4576040207600607,1.0933340690395643,1.0933340690395643,0.8454518644337679,1.090855390000367,1.0,,,,,,,,
89.5,stsm,stsm,arm,0,0.18505661295152559,0.088967368793022444,0.44999088680341648,0.5849330152598041,0.0,0.28076784732470594,0.012975488975040077,0.15307625468197375,1.0317526062415239,0.025211656703134307,0.011833058181810182,-0.06630943772679414,0.07192072323951137,0.04919631191373935,0.043000000000006366,1.0,NORMAL,1.0,0,,82.08972355722571,0.23519896045293365,1,,,,,,,,,,,,,,,,,,13.856406460551018,0.007757920808070367,0.421598691299144,1.0321504286498766,0.8090463203918046,0.4586279662646118,1.0997220572531434,1.0997220572531434,0.8498866931398591,1.0933340690395643,1.0,,,,,,,,
89.602,stsm,stsm,arm,0,0.18709802499658104,0.089936323638549531,0.44448895734533961,0.5867632923271531,0.0,0.2816463803170335,0.013971819610527894,0.15955600583884247,1.041937498093557,0.020212000446093763,0.009593612331951442,-0.0544745490898705,0.05889005737943694,0.05258882115463064,0.10099999999999909,1.0,NORMAL,1.0,0,,82.62513679030631,0.5354132330806038,1,,,,,,,,,,,,,,,,,,13.856406460551018,0.007109667084677907,0.4218903581928266,1.0424280346935313,0.8202664166043455,0.46097156321157695,1.112118962591511,1.112118962591511,0.8589462442752412,1.0997220572531434,1.0,,,,,,,,
89.72,stsm,stsm,arm,0,0.18876843333960441,0.090732814641043824,0.4399494829653724,0.5882569465622098,0.0,0.2823633343498607,0.014848762492337495,0.16503753108071126,1.0505065744851194,0.01653869646557809,0.007886049529646534,-0.044945290890764884,0.04853655767789921,0.05117025836522817,0.10099999999999909,1.0,NORMAL,1.0,0,,83.63007894766712,1.0049421573608015,1,,,,,,,,,,,,,,,,,,13.856406460551018,0.005964366640554936,0.4217727878755599,1.0510505176626432,0.8277501926197217,0.46263407690902664,1.12251302591958,1.12251302591958,0.8659869532777429,1.112118962591511,1.0,,,,,,,,
89.819,stsm,stsm,arm,0,0.19029932027326554,0.091452779737237269,0.4359104547608057,0.5896259775326438,0.0,0.283020469215669,0.01568907232386814,0.1700266112953475,1.0583621303675284,0.015621295241440262,0.007346582614218904,-0.04121457351598713,0.04468375780115741,0.048899841887643694,0.09799999999999898,1.0,NORMAL,1.0,0,,84.4957929128452,0.8657139651780881,1,,,,,,,,,,,,,,,,,,13.856406460551018,0.005117426121881906,0.4213564879676359,1.0588546263924785,0.8343096680007742,0.4642016505985349,1.131920571770414,1.131920571770414,0.8723216291905505,1.12251302591958,1.0,,,,,,,,
89.9,stsm,stsm,arm,0,0.19188637595751423,0.092203120886624079,0.43168986140362586,0.5910417245649507,0.0,0.28370002779117637,0.016615363729282566,0.17534318132824941,1.066700297413659,0.01587055684248554,0.007503411493867461,-0.04220593357179476,0.045711230427583315,0.04778382318502849,0.10000000000000853,1.0,NORMAL,1.0,0,,85.28549605661134,0.7897031437661326,1,,,,,,,,,,,,,,,,,,13.856406460551018,0.004429478197415207,0.42150191073100807,1.0671287541171337,0.8394762513163311,0.46550519310957783,1.141885484217939,1.141885484217939,0.8784989206902454,1.131920571770414,1.0,,,,,,,,
90.019,stsm,stsm,arm,0,0.1934329333264147,0.092932122331033193,0.4276158673343583,0.5924194533920842,0.0,0.28436133762820043,0.017567134605413356,0.1805793734901966,1.0749272991158947,0.015465573689005576,0.007290014444091551,-0.04073994069267793,0.04418224810676841,0.04652319597138888,0.09999999999999432,1.0,NORMAL,1.0,0,,86.1445524124366,0.8590563558252597,1,,,,,,,,,,,,,,,,,,13.856406460551018,0.0037870325558235158,0.4212755182756239,1.075344196882367,0.8480959971447899,0.46757651069502004,1.1517519399584144,1.1517519399584144,0.8856921611701478,1.141885484217939,1.0,,,,,,,,
90.118,stsm,stsm,arm,0,0.19450967487730791,0.093448091679117717,0.42468947562467385,0.5933749445676386,0.0,0.2848199733924665,0.01827367907340314,0.18439664421547639,1.0808652412489845,0.010660807434586354,0.0051086074067775164,-0.028974175343410662,0.03129302672520861,0.04119239687016244,0.10099999999999909,1.0,NORMAL,1.0,0,,86.93715244031252,0.7926000278759204,1,,,,,,,,,,,,,,,,,,13.856406460551018,0.00323454590803622,0.4213764946935131,1.0812271794342774,0.8523561109118845,0.4686829740832721,1.1588222481799018,1.1588222481799018,0.8902721281523339,1.1517519399584144,1.0,,,,,,,,
90.222,stsm,stsm,arm,0,0.19576518223136813,0.094038152775480222,0.42141754649549723,0.594490633589976,0.0,0.2853555041231885,0.019115791534461878,0.18873396220079075,1.0876958914484172,0.012681892465254212,0.005960213094570523,-0.03304978918360098,0.03589767543607009,0.03933895124246122,0.09900000000000375,1.0,NORMAL,1.0,0,,87.52872151923141,0.5915690789188943,1,,,,,,,,,,,,,,,,,,13.856406460551018,0.0028853109597870175,0.42081574455761317,1.0879978232122698,0.8579826231598952,0.47015159607295387,1.1669395339534085,1.1669395339534085,0.8957678940996319,1.1588222481799018,1.0,,,,,,,,
90.28,stsm,stsm,arm,0,0.19653164256576536,0.094401155829078931,0.41939270459396183,0.595170173763121,0.0,0.28568168340629807,0.01965282364056695,0.1914485071625367,1.0919531879725226,0.013214833351678015,0.006258673337909569,-0.03491106726785612,0.03784951030388711,0.038817640412748704,0.057999999999992724,1.0,NORMAL,1.0,0,,88.2005196033979,0.6717980841664826,1,,,,,,,,,,,,,,,,,,13.856406460551018,0.0028853109597870175,0.42081574455761317,1.092245660769151,0.8614753630256772,0.4710597830258875,1.1720221751414859,1.1720221751414859,0.8992007454905504,1.1669395339534085,1.0,,,,,,,,
90.38,stsm,stsm,arm,0,0.19749253649430534,0.094857627568466663,0.41682415895767311,0.5960208362894499,0.0,0.2860900014189359,0.020352085935176407,0.19492530267113523,1.0973882263146975,0.00923936469749993,0.004389151340266683,-0.02469755419508405,0.026731997544521182,0.03458762926713332,0.1039999999999992,1.0,NORMAL,1.0,0,,88.61868179448385,0.41816219108595476,1,,,,,,,,,,,,,,,,,,13.856406460551018,0.007126630392144609,0.4222358850576611,1.0976266331584212,0.8666946654282367,0.4724335357467029,1.1784631847692468,1.1784631847692468,0.903804504775652,1.1720221751414859,1.0,,,,,,,,
90.463,stsm,stsm,arm,0,0.19919652321899395,0.095663794205667174,0.4122397832734751,0.5975278076689327,0.0,0.2868133476810877,0.0216595734379275,0.2012264056333577,1.1072271344213056,0.02212969772322508,0.010469696587017947,-0.059537346548016463,0.06437416952415104,0.04501278477563764,0.07700000000001239,1.0,NORMAL,1.0,0,,89.13309014581655,0.5144083513327047,1,,,,,,,,,,,,,,,,,,13.856406460551018,0.006572698998390407,0.4222800597545006,1.1076113565826193,0.8751075443816244,0.4745830428043002,1.1903458119958685,1.1903458119958685,0.9119119389411031,1.1784631847692468,1.0,,,,,,,,
90.56,stsm,stsm,arm,0,0.20093983857645836,0.09648789746842254,0.40755783277658175,0.5990664844541981,0.0,0.28755191253801504,0.023083437569222428,0.20779030781712438,1.11749214237856,0.016925391820043774,0.0080010025510234,-0.04545583006692819,0.04916012019062749,0.04646433309453126,0.10299999999999443,1.0,NORMAL,1.0,0,,90.09487797216092,0.9617878263443629,1,,,,,,,,,,,,,,,,,,13.856406460551018,0.005658154661600112,0.4219970974925899,1.1179226625090346,0.8833728339274106,0.4767999964077858,1.202603563462213,1.202603563462213,0.920174764076611,1.1903458119958685,1.0,,,,,,,,
90.62,stsm,stsm,arm,0,0.20207629432648352,0.09702421405619796,0.40452679482379134,0.600067997381959,0.0,0.28803263874334034,0.024057970832132746,0.21210954296064208,1.1242681499180742,0.013859216463722557,0.0065404461923836855,-0.036963877473056725,0.040014791705404826,0.04420698646130688,0.08199999999999363,1.0,NORMAL,1.0,0,,91.08888005589797,0.9940020837370582,1,,,,,,,,,,,,,,,,,,13.856406460551018,0.004814646897966672,0.4216444679539859,1.1247128596126625,0.8871663493543517,0.47788517183592105,1.2106577720635954,1.2106577720635954,0.9251055382166328,1.202603563462213,1.0,,,,,,,,
90.7,stsm,stsm,arm,0,0.20329970118957535,0.097599457761408798,0.40129955614089308,0.60114513618404,0.0,0.2885496653683392,0.025146302062516692,0.21676931299587482,1.1316104166107706,0.016097458724890892,0.007568996121194468,-0.04246366688023599,0.04603890620548966,0.0448480521146975,0.07600000000000762,1.0,NORMAL,1.0,0,,91.76643781189986,0.6775577560018888,1,,,,,,,,,,,,,,,,,,13.856406460551018,0.004316949574354038,0.42140831485701935,1.1320034160294736,0.8929944461484289,0.47953338171072585,1.2192976581153914,1.2192976581153914,0.930957225501005,1.2106577720635954,1.0,,,,,,,,
90.82,stsm,stsm,arm,0,0.20467161665607903,0.098245537125055057,0.39768320758820819,0.6023507615771121,0.0,0.28912836555701377,0.026423755387042707,0.2220625191890714,1.1399654017102399,0.013719154665037484,0.006460793636462964,-0.03616348552685095,0.03921421610318047,0.04287616068234437,0.09999999999999432,1.0,NORMAL,1.0,0,,92.46402328520661,0.697585473306745,1,,,,,,,,,,,,,,,,,,13.856406460551018,0.003828093083419473,0.42123039061114215,1.1403288886750955,0.9011948885125498,0.48185877622313966,1.2291333699552998,1.2291333699552998,0.9381289808415212,1.2192976581153914,1.0,,,,,,,,
90.92,stsm,stsm,arm,0,0.20597185602250859,0.098865003312210209,0.39417694425862815,0.6034893857626367,0.0,0.2896749051660656,0.027707974634160137,0.2272612418430927,1.148133507405955,0.012266409117259005,0.0058440206335386834,-0.0330779559394316,0.03575987330693691,0.04038533729234539,0.10600000000000875,1.0,NORMAL,1.0,0,,93.22849737418936,0.7644740889827517,1,,,,,,,,,,,,,,,,,,13.856406460551018,0.0033306379831723847,0.4211361549777869,1.1484684547105926,0.9073871119745507,0.4836728296348778,1.2387243146043199,1.2387243146043199,0.9445631777310852,1.2291333699552998,1.0,,,,,,,,
91.02,stsm,stsm,arm,0,0.20713334751071935,0.099412875264250383,0.3911189254079841,0.6045064491169154,0.0,0.2901630955761194,0.028890957943873793,0.2318566326665379,1.1554171353034466,0.012098869668863458,0.005706999500419111,-0.031854363027545705,0.0345492826908548,0.038342640670054856,0.09599999999998943,1.0,NORMAL,1.0,0,,93.99606195507751,0.7675645808881484,1,,,,,,,,,,,,,,,,,,13.856406460551018,0.0029053563644610746,0.42043086733158735,1.155745166309524,0.9131316135670571,0.48537663225826416,1.2472686598157074,1.2472686598157074,0.9503805179876382,1.2387243146043199,1.0,,,,,,,,
91.061,stsm,stsm,arm,0,0.20753764726804716,0.099604402443266585,0.39004684248633048,0.6048598734807045,0.0,0.29033273927073816,0.0293155280374317,0.23347966880129578,1.1579878095901701,0.007350904678686514,0.003482312345748687,-0.019492416757336064,0.02112147272114719,0.032315230200752526,0.05500000000000682,1.0,NORMAL,1.0,0,,94.6764382203257,0.6803762652481851,1,,,,,,,,,,,,,,,,,,13.856406460551018,0.0029053563644610746,0.42043086733158735,1.158216270730258,0.9142956993499178,0.48578318589774505,1.2501816932820173,1.2501816932820173,0.9521192123149844,1.2472686598157074,1.0,,,,,,,,
91.14,stsm,stsm,arm,0,0.20821289524450812,0.099923164132172185,0.38827558583809074,0.6054500553131348,0.0,0.29061602655030466,0.03003380027768149,0.23617640065384424,1.162276282794965,0.010718221848586222,0.0050597093477077444,-0.028115184892693195,0.030511384102153014,0.031683822440898506,0.06300000000000239,1.0,NORMAL,1.0,0,,94.92094890213774,0.24451068181204505,1,,,,,,,,,,,,,,,,,,13.856406460551018,0.007410424174662849,0.4227088308386219,1.1624901307275357,0.9189275409835751,0.4871611688541905,1.2551855519614157,1.2551855519614157,0.9559410981316792,1.2501816932820173,1.0,,,,,,,,
91.219,stsm,stsm,arm,0,0.21021607940051856,0.10086988118374146,0.38286427582366739,0.6071974400925975,0.0,0.2914547712444468,0.0323011414781959,0.2445131804776383,1.1754665332928784,0.020031841560105595,0.009467170515693301,-0.05411310014423661,0.05847332384158238,0.04105985322335609,0.09999999999999432,1.0,NORMAL,1.0,0,,95.29665795096155,0.37570904882380773,1,,,,,,,,,,,,,,,,,,13.856406460551018,0.007012855895504844,0.4228501309657946,1.1758130679747851,0.9277024768438376,0.4897827408407042,1.270701380069903,1.270701380069903,0.9659999164323074,1.2551855519614157,1.0,,,,,,,,
91.321,stsm,stsm,arm,0,0.21151051002889304,0.10147850485561169,0.37941858587864558,0.6083249974002533,0.0,0.29199599875212157,0.03383811186565281,0.24990791111953606,1.1840670191375637,0.0161803828546813,0.007607795898378021,-0.04307112431277357,0.04663480564258671,0.04301107808715159,0.0799999999999983,1.0,NORMAL,1.0,0,,96.54129504584422,1.2446370948826768,1,,,,,,,,,,,,,,,,,,13.856406460551018,0.005900305698710901,0.4222262651940295,1.184399534234788,0.9364413490746724,0.4924674868815958,1.2806689200722892,1.2806689200722892,0.9734943225658363,1.270701380069903,1.0,,,,,,,,
91.399,stsm,stsm,arm,0,0.2132248463322598,0.10228783689910188,0.37482923723456996,0.6098142895320919,0.0,0.2927108589754041,0.035983357795373726,0.2571904280170008,1.1956989343198705,0.01714336303366613,0.008093320434901245,-0.04589348644075228,0.049654897336049074,0.045336408390581215,0.10000000000000853,1.0,NORMAL,1.0,0,,97.28651023329584,0.7452151874516204,1,,,,,,,,,,,,,,,,,,13.856406460551018,0.005249204478690015,0.42214371430376724,1.1960881447118015,0.9436679605579024,0.4947489153923517,1.2941619084706655,1.2941619084706655,0.9821667322831802,1.2806689200722892,1.0,,,,,,,,
91.5,stsm,stsm,arm,0,0.21491860988092526,0.10308518569977473,0.3703437280080919,0.6112829265393196,0.0,0.2934158047388734,0.038209548285075,0.2644177611983984,1.2073260407616664,0.01676993612540076,0.007894542580919385,-0.0444109824403772,0.04812369397221563,0.04631191028044121,0.10099999999999909,1.0,NORMAL,1.0,0,,98.36538970630629,1.0788794730104456,1,,,,,,,,,,,,,,,,,,13.856406460551018,0.004466068728951481,0.42154288896319675,1.2077474624308824,0.9528514394928123,0.49768696422233843,1.3075475818715434,1.3075475818715434,0.9914583620043941,1.2941619084706655,1.0,,,,,,,,
91.603,stsm,stsm,arm,0,0.21635160629716144,0.10376318351042724,0.36652007497943995,0.6125216934527736,0.0,0.2940104128573313,0.04019500995665025,0.2706586112270319,1.2173857274937872,0.014329964162362579,0.006779978106525416,-0.03823653028652169,0.04139261074602145,0.044590153062055854,0.09999999999999432,1.0,NORMAL,1.0,0,,99.39712927217904,1.0317395658727548,1,,,,,,,,,,,,,,,,,,13.856406460551018,0.003782322758472525,0.4211018541447354,1.2178270941083877,0.9623681048468191,0.5007810986925455,1.3190553594935253,1.3190553594935253,1.0000079142853193,1.3075475818715434,1.0,,,,,,,,
91.7,stsm,stsm,arm,0,0.21753959143638402,0.10432764154534516,0.36332790168543999,0.6135460003051894,0.0,0.2945020801464909,0.04191457187219366,0.2759238686741938,1.2258865209980676,0.011533836303130882,0.005480175096290021,-0.030991973728152312,0.03351960820952268,0.040715432119500905,0.10300000000000864,1.0,NORMAL,1.0,0,,100.2495724686347,0.8524431964556527,1,,,,,,,,,,,,,,,,,,13.856406460551018,0.003266663033772488,0.4205269369835278,1.2262232504641197,0.9667533063343581,0.502268220164773,1.3286085282447901,1.3286085282447901,1.0059633263020102,1.3190553594935253,1.0,,,,,,,,
91.819,stsm,stsm,arm,0,0.21866123807917864,0.10485437721259386,0.36041476376731052,0.6145134173000629,0.0,0.2949664403040302,0.0435653714674698,0.28077801309619976,1.2338232421677628,0.011683819195778652,0.005486829867174575,-0.030345186647185336,0.03297646563298559,0.03800642141381708,0.09599999999998943,1.0,NORMAL,1.0,0,,101.01340072546914,0.7638282568344437,1,,,,,,,,,,,,,,,,,,13.856406460551018,0.002886059869793311,0.4196286169662222,1.2341132835446913,0.9740106445763353,0.5047162378964887,1.3375379540750676,1.3375379540750676,1.0125945300231458,1.3286085282447901,1.0,,,,,,,,
91.881,stsm,stsm,arm,0,0.21933783993443912,0.10517520553109809,0.35862078966777677,0.6150952643612619,0.0,0.2952457268934057,0.04459832470322029,0.28378571165615024,1.2387250276140382,0.01166554922862744,0.005531522732830927,-0.030930587922991925,0.03351692187255998,0.03643509445517308,0.058000000000006935,1.0,NORMAL,1.0,0,,101.67399774910147,0.6605970236323344,1,,,,,,,,,,,,,,,,,,13.856406460551018,0.002886059869793311,0.4196286169662222,1.238984605253449,0.9775522279502282,0.5059268456787513,1.3430297689080566,1.3430297689080566,1.0163733619476214,1.3375379540750676,1.0,,,,,,,,
91.94,stsm,stsm,arm,0,0.21971578469897127,0.10535565082269671,0.35760256562821724,0.6154196418766239,0.0,0.29540142810077946,0.045189021264102035,0.28549882073029703,1.2415089119718026,0.004665984747310329,0.0022277196493656138,-0.012570667155055504,0.013592491354475584,0.028440123951948806,0.08100000000000307,1.0,NORMAL,1.0,0,,102.09307850905309,0.419080759951612,1,,,,,,,,,,,,,,,,,,13.856406460551018,0.007215094922122315,0.42317022037338675,1.2416688170056027,0.9777715825959044,0.5060182389223016,1.3460587671272817,1.3460587671272817,1.0178793514127726,1.3430297689080566,1.0,,,,,,,,
92.02,stsm,stsm,arm,0,0.22096453707402736,0.1059400540750487,0.35429764344091019,0.61649382501323,0.0,0.2959170360063504,0.04717032983617049,0.2910958812189929,1.2506770720747438,0.020471350410757965,0.00958038118609922,-0.05417905225094155,0.0587045960221281,0.03903267311437074,0.06099999999999284,1.0,NORMAL,1.0,0,,102.35360112496026,0.2605226159071776,1,,,,,,,,,,,,,,,,,,13.856406460551018,0.006989935576964124,0.42313421381641214,1.25099004453718,0.9883379066422042,0.5096229405740944,1.356479639469248,1.356479639469248,1.0263576328056816,1.3460587671272817,1.0,,,,,,,,
92.122,stsm,stsm,arm,0,0.222975685921665,0.10688699402593942,0.34890067490828502,0.618217869506101,0.0,0.2967445773629285,0.050532680202591204,0.3003401818237594,1.26583530889538,0.020111488476377594,0.00946939950890775,-0.05396968532625475,0.05836838553540545,0.04580007155155625,0.09999999999999432,1.0,NORMAL,1.0,0,,103.07736602868879,0.7237649037285223,1,,,,,,,,,,,,,,,,,,13.856406460551018,0.0062913625033340255,0.42305186831354075,1.2662541427596696,1.000049660119446,0.5136867775686824,1.3734284580636853,1.3734284580636853,1.0383547596278708,1.356479639469248,1.0,,,,,,,,
92.2,stsm,stsm,arm,0,0.22483655643243522,0.10776497376442914,0.34389962541320385,0.6198078868908284,0.0,0.2975077857075976,0.05381001860139207,0.30902139613496266,1.2801470873347807,0.018608705107700598,0.008779797384896537,-0.05001049495080751,0.05407789153739208,0.048697264841072334,0.10000000000000853,1.0,NORMAL,1.0,0,,104.33932414926416,1.2619581205753718,1,,,,,,,,,,,,,,,,,,13.856406460551018,0.00525721667048303,0.42241732224701456,1.2807049435362667,1.0087751918994263,0.5167756486031293,1.3893130884948015,1.3893130884948015,1.048892218133406,1.3734284580636853,1.0,,,,,,,,
92.321,stsm,stsm,arm,0,0.22647304750159414,0.10853795428674934,0.3395127774211098,0.621202174892942,0.0,0.29817704394861216,0.0568175113562643,0.31672445839163693,1.2929211885894554,0.016364910691590115,0.007729805223202375,-0.04386847992094294,0.04745528127939546,0.04826256715441352,0.09999999999999432,1.0,NORMAL,1.0,0,,105.55219332588878,1.212869176624622,1,,,,,,,,,,,,,,,,,,13.856406460551018,0.004409827108153387,0.4215432501999078,1.2933924571914281,1.0199203250287314,0.5207666628720528,1.4031475622750247,1.4031475622750247,1.0593067518418091,1.3893130884948015,1.0,,,,,,,,
92.42,stsm,stsm,arm,0,0.22787941654656041,0.10920003176389403,0.33580083154201668,0.6223983029366627,0.0,0.29875118540959805,0.059475961114328776,0.32330610833385015,1.3039315577944397,0.014063690449661515,0.006620774771446393,-0.037119458790928095,0.040242716963067124,0.04545550612217943,0.10000000000000853,1.0,NORMAL,1.0,0,,106.54088044351344,0.9886871176246643,1,,,,,,,,,,,,,,,,,,13.856406460551018,0.0037508541576719663,0.4206756657565773,1.3044033878807864,1.0284295490205293,0.5238799986810239,1.4150465338033469,1.4150465338033469,1.0679398673464215,1.4031475622750247,1.0,,,,,,,,
92.501,stsm,stsm,arm,0,0.22933112934330938,0.10988436715096113,0.33197324059904926,0.6236299448570402,0.0,0.29934237353137927,0.062308299304993556,0.33014906023691926,1.3154296779303323,0.014517127967490488,0.006843353870671337,-0.03827590942967636,0.04150450263878023,0.044072584875050155,0.09999999999999432,1.0,NORMAL,1.0,0,,107.40694654032922,0.8660660968157714,1,,,,,,,,,,,,,,,,,,13.856406460551018,0.003254109340994296,0.420001622007233,1.315861615852819,1.0348521921716238,0.5262201161755379,1.427327835300078,1.427327835300078,1.0760654398750147,1.4150465338033469,1.0,,,,,,,,
92.62,stsm,stsm,arm,0,0.23058032769635145,0.11047301234469889,0.32870319145857929,0.6246875875811521,0.0,0.299850042038953,0.06480765684096967,0.3360394062822931,1.3253846927433677,0.012491983530421457,0.005886451937377942,-0.03270049140470152,0.035496790094941534,0.041070944560518075,0.09999999999999432,1.0,NORMAL,1.0,0,,108.3388832633293,0.9319367230000779,1,,,,,,,,,,,,,,,,,,13.856406460551018,0.002803423090741107,0.41905799783455416,1.3257506299291761,1.0435849418964793,0.5294623063742716,1.4378429937556128,1.4378429937556128,1.084160217988885,1.427327835300078,1.0,,,,,,,,
92.659,stsm,stsm,arm,0,0.2312097744928408,0.11076983736102897,0.32706208971635697,0.6252196430015601,0.0,0.30010542864074885,0.06608866701895987,0.3390102228528919,1.3304239615141609,0.010852530973953054,0.005117672695345539,-0.028294857624519328,0.0307338082630369,0.037452849462231146,0.058000000000006935,1.0,NORMAL,1.0,0,,109.07640615060471,0.7375228872754178,1,,,,,,,,,,,,,,,,,,13.856406460551018,0.002803423090741107,0.41905799783455416,1.330687950395003,1.0454845078657728,0.530121413512548,1.4430661326628982,1.4430661326628982,1.0873400011090555,1.4378429937556128,1.0,,,,,,,,
92.7,stsm,stsm,arm,0,0.23181057714923364,0.1110521078071135,0.32547715963086998,0.6257273362563679,0.0,0.3003491214030566,0.06733472411999632,0.3418875340959683,1.335298715875389,0.014304825152209943,0.006720724906774306,-0.037736430606831683,0.040912520832283826,0.038663730078843245,0.04200000000000159,1.0,NORMAL,1.0,0,,109.48614618261512,0.4097400320104043,1,,,,,,,,,,,,,,,,,,13.856406460551018,0.00698284783111142,0.42352836514554426,1.335780140640885,1.0501226241506372,0.5319865859106628,1.4484133715503145,1.4484133715503145,1.091575680563125,1.4430661326628982,1.0,,,,,,,,
92.82,stsm,stsm,arm,0,0.23376978530640005,0.11197476030606929,0.32020213396561781,0.6273787697347534,0.0,0.3011418094726816,0.07154330249415983,0.35152088137090626,1.351584763072501,0.019592081571665202,0.009226524989558418,-0.05275025665252475,0.05702252187163385,0.04508898523526326,0.09999999999999432,1.0,NORMAL,1.0,0,,109.85258271681143,0.3664365341963105,1,,,,,,,,,,,,,,,,,,13.856406460551018,0.006640543451275661,0.42350513199709205,1.335780140640885,1.0501226241506372,0.5319865859106628,1.4484133715503145,1.4484133715503145,1.091575680563125,1.4484133715503145,1.0,,,,,,,,
92.9,stsm,stsm,arm,0,0.23553222762704867,0.1128062591208886,0.31544758673138351,0.6288593180131061,0.0,0.30185247264629095,0.0754591230948718,0.36027936931444127,1.3664502830687102,0.017449923966818194,0.008232661532864522,-0.047074725091429105,0.05087539979986465,0.0471141016201822,0.10099999999999909,1.0,NORMAL,1.0,0,,111.01079782483107,1.1582151080196468,1,,,,,,,,,,,,,,,,,,13.856406460551018,0.005593591160275404,0.42274465634973024,1.3670087261778323,1.074157996447766,0.541077358862192,1.480767998266579,1.480767998266579,1.1157530199385923,1.4653919930924233,1.0,,,,,,,,
93.0,stsm,stsm,arm,0,0.23730038765327985,0.11363824817384702,0.31074410699000238,0.6303410796014511,0.0,0.30256371820869654,0.07947088262654806,0.3690109381210846,1.3813866185577803,0.017860202285162705,0.008403929827862516,-0.04750989637758541,0.05144709045249762,0.048630629362595386,0.09900000000000375,1.0,NORMAL,1.0,0,,112.1316851227625,1.1208872979314322,1,,,,,,,,,,,,,,,,,,13.856406460551018,0.004752633434540073,0.42176155294575535,1.381888555529239,1.0855187008957679,0.5454110612677414,1.49588681562199,1.49588681562199,1.1271762833286845,1.480767998266579,1.0,,,,,,,,
93.1,stsm,stsm,arm,0,0.2389221113318325,0.11440224099908325,0.306445178683876,0.6316959457178384,0.0,0.3032140539445624,0.08323232492400885,0.3770435848398226,1.3951859094262322,0.016217236785527424,0.00763992825236275,-0.04298928306126626,0.046577309183558346,0.04791193530421969,0.09999999999999432,1.0,NORMAL,1.0,0,,113.1882996828068,1.056614560044295,1,,,,,,,,,,,,,,,,,,13.856406460551018,0.004009954497439546,0.42082643150161275,1.3956666228856704,1.0961966155423097,0.54954257606315,1.5097068926443193,1.5097068926443193,1.1377781767838624,1.49588681562199,1.0,,,,,,,,
93.221,stsm,stsm,arm,0,0.24040831879549207,0.11510222571867468,0.30253578819177285,0.6329343723623064,0.0,0.3038084987339071,0.08673316371218184,0.38438801562909575,1.407864050437491,0.014862074636594455,0.0069998471959136915,-0.039093904921028155,0.04240533604682593,0.045984530716023694,0.10000000000000853,1.0,NORMAL,1.0,0,,114.14452695575666,0.9562272729498602,1,,,,,,,,,,,,,,,,,,13.856406460551018,0.0034116123381418345,0.41979224050020686,1.4082994095301091,1.1081018494611643,0.5542073308486647,1.5222270698681002,1.5222270698681002,1.1482089149270096,1.5097068926443193,1.0,,,,,,,,
93.3,stsm,stsm,arm,0,0.24178368439478884,0.11575095638543534,0.29892399719725893,0.6340772794179077,0.0,0.3043570941205957,0.0900203319778144,0.3912032383541622,1.41965794387048,0.013753655992968466,0.006487306667606976,-0.03611790994514125,0.039188666981384145,0.043605916107846136,0.09999999999999432,1.0,NORMAL,1.0,0,,114.96795222161688,0.823425265860223,1,,,,,,,,,,,,,,,,,,13.856406460551018,0.002932859158987767,0.4187707973308627,1.420055178402139,1.1150788579314068,0.5568398305131755,1.5337445090616564,1.5337445090616564,1.1564295939770943,1.5222270698681002,1.0,,,,,,,,
93.361,stsm,stsm,arm,0,0.24230543902680393,0.11599665753476554,0.29756681877896751,0.634510275925005,0.0,0.3045649324440024,0.09127319747149118,0.3937711820649789,1.4241195879054773,0.01272572273207641,0.005992710959273683,-0.033101912641256614,0.03596655702460926,0.040931993757176606,0.04099999999999682,1.0,NORMAL,1.0,0,,115.79652366962324,0.8285714480063575,1,,,,,,,,,,,,,,,,,,13.856406460551018,0.002932859158987767,0.4187707973308627,1.4244704550906349,1.1206902595588517,0.5591611473595709,1.5380372598917758,1.5380372598917758,1.1605897804752083,1.5337445090616564,1.0,,,,,,,,
93.459,stsm,stsm,arm,0,0.24325290274419936,0.11644612236436772,0.29504858949284252,0.6352943763597098,0.0,0.3049413006526607,0.09358467628978351,0.39854410904778365,1.4323644623499376,0.009474637173953495,0.004494648296021369,-0.025182292861247808,0.02727853527285953,0.03615324339256178,0.10000000000000853,1.0,NORMAL,1.0,0,,116.0488359880755,0.25231231845225466,1,,,,,,,,,,,,,,,,,,13.856406460551018,0.007192577899415049,0.423792889387143,1.432637188439436,1.1277284791337572,0.5618017220929375,1.5459211603312233,1.5459211603312233,1.1670221374993386,1.5380372598917758,1.0,,,,,,,,
93.56,stsm,stsm,arm,0,0.24519839924527234,0.11736180440073572,0.28979198127387079,0.6369028933763052,0.0,0.3057133888206265,0.09842476264864602,0.408540946466307,1.4495819913118848,0.01870669712570187,0.008804634965077057,-0.05054430979780544,0.05460942562559628,0.042612510362419184,0.1039999999999992,1.0,NORMAL,1.0,0,,116.57320540533918,0.524369417263685,1,,,,,,,,,,,,,,,,,,13.856406460551018,0.006649815196363677,0.423492305043577,1.449961196649545,1.1418567028444853,0.567460254906659,1.5624371011641345,1.5624371011641345,1.1804288138912058,1.5459211603312233,1.0,,,,,,,,
93.64,stsm,stsm,arm,0,0.24682702048374533,0.11813088515398307,0.28536346048055772,0.6382442110181887,0.0,0.3063572212887306,0.10252414161808644,0.41699438173743825,1.464119955662444,0.017143381457610605,0.008095586876287936,-0.046616008350664484,0.05032381433498353,0.04531121787420505,0.09499999999999886,1.0,NORMAL,1.0,0,,117.67292357514822,1.0997181698090372,1,,,,,,,,,,,,,,,,,,13.856406460551018,0.005612555115626371,0.42243630247009667,1.4645245877288293,1.1513160654877306,0.5711113875880073,1.576091012170104,1.576091012170104,1.1907607632436679,1.5624371011641345,1.0,,,,,,,,
93.7,stsm,stsm,arm,0,0.24775093565763093,0.11856392386187709,0.28293208188857599,0.6390045742521392,0.0,0.3067221956410268,0.10482648817428018,0.4216462775340175,1.4721995356014639,0.015398586231426046,0.007217311798233358,-0.04052297653302722,0.04394675954624934,0.04483341095804697,0.060000000000002274,1.0,NORMAL,1.0,0,,118.62206713904989,0.9491435639016714,1,,,,,,,,,,,,,,,,,,13.856406460551018,0.004830217904229907,0.4212165458879594,1.4726020269293865,1.158086247291181,0.5738157057383332,1.5835856228701717,1.5835856228701717,1.197022400707268,1.576091012170104,1.0,,,,,,,,
93.82,stsm,stsm,arm,0,0.2494503324410654,0.1193613112170844,0.27847204696288341,0.6403994980769891,0.0,0.30739175907695476,0.10906472965838288,0.4301938250573278,1.4870498118696547,0.016993967834345723,0.007973873552073638,-0.04460034925692833,0.04838975879273655,0.04607796448423659,0.09999999999999432,1.0,NORMAL,1.0,0,,119.11578176420211,0.4937146251522222,1,,,,,,,,,,,,,,,,,,13.856406460551018,0.004430554302778121,0.42076124427914713,1.487477082411652,1.173542041738125,0.5800967190583055,1.5972252480081857,1.5972252480081857,1.209585272804067,1.5835856228701717,1.0,,,,,,,,
93.921,stsm,stsm,arm,0,0.2510322999482264,0.12010777300763163,0.27426276979197006,0.6416925764197076,0.0,0.3080124366814596,0.11302837489208162,0.4382770271476515,1.5010104151409003,0.015819675071608624,0.0074646179054716506,-0.042092771709129916,0.045582716790499564,0.04590462109834151,0.10000000000000853,1.0,NORMAL,1.0,0,,119.95625440165433,0.8404726374522227,1,,,,,,,,,,,,,,,,,,13.856406460551018,0.003761092748598811,0.4198084963720523,1.5014975572227498,1.1855256829511835,0.5849287185339884,1.6098787113503863,1.6098787113503863,1.220457667514577,1.5972252480081857,1.0,,,,,,,,
94.02,stsm,stsm,arm,0,0.25248119046710088,0.12079191505296902,0.27041977675666301,0.6428733497309498,0.0,0.3085792078708559,0.11663819519156106,0.4456780731808371,1.513768825974204,0.013931639604562408,0.006578288897474909,-0.03695185610872193,0.04003503636528564,0.04385026415947531,0.1039999999999992,1.0,NORMAL,1.0,0,,120.7784189099386,0.8221645082842599,1,,,,,,,,,,,,,,,,,,13.856406460551018,0.0032089116191418355,0.4183716676101214,1.514166973413992,1.1958327819571126,0.5888003077374886,1.6211367027555048,1.6211367027555048,1.2299841914660243,1.6098787113503863,1.0,,,,,,,,
94.1,stsm,stsm,arm,0,0.25360607229369303,0.12131936216686209,0.267544843861655,0.6437892405222673,0.0,0.30901883545068826,0.11938614601007297,0.45122665753384217,1.5234208795168707,0.011717519027002854,0.005494240769720145,-0.029947217656336723,0.032623960200132585,0.03992034083840703,0.09599999999998943,1.0,NORMAL,1.0,0,,121.52209098159467,0.7436720716560785,1,,,,,,,,,,,,,,,,,,13.856406460551018,0.002768604384159008,0.41678981347615607,1.5237491714831717,1.2024387753610315,0.5912159151925416,1.629565686469235,1.629565686469235,1.2367423871264949,1.6211367027555048,1.0,,,,,,,,
94.14,stsm,stsm,arm,0,0.25411680346839821,0.12155955825478926,0.26623160317797839,0.6442041700292037,0.0,0.30921800161401775,0.12063049427660452,0.45376416168731304,1.5278168276071389,0.01344029407118512,0.006320949682291964,-0.03455896535990083,0.03761539573569347,0.03911336770455478,0.038000000000010914,1.0,NORMAL,1.0,0,,122.10400062844059,0.5819096468459151,1,,,,,,,,,,,,,,,,,,13.856406460551018,0.002768604384159008,0.41678981347615607,1.5281252688664502,1.206384640370062,0.5927784836396285,1.6333856275330092,1.6333856275330092,1.2401685051022875,1.629565686469235,1.0,,,,,,,,
94.219,stsm,stsm,arm,0,0.25496652141461118,0.12195970728684467,0.26400148503716736,0.6448934046734115,0.0,0.3095488342432375,0.1227070163999873,0.45807707448301827,1.5352263297996545,0.013705128164725832,0.00645401664605535,-0.0359696474324374,0.0390294812326909,0.03908398269277747,0.06199999999999761,1.0,NORMAL,1.0,0,,122.34947916198469,0.24547853354410165,1,,,,,,,,,,,,,,,,,,13.856406460551018,0.007003760234981206,0.42343842436841245,1.535491581864187,1.216477284857809,0.5968573338812172,1.6397650107986799,1.6397650107986799,1.2471478028504732,1.6333856275330092,1.0,,,,,,,,
94.319,stsm,stsm,arm,0,0.25681464683618827,0.12282830061788537,0.25902720590916772,0.6463892550715107,0.0,0.3102668424343251,0.12721161971958936,0.46771118551936763,1.5515789027447928,0.0184812542157719,0.008685933310407451,-0.04974279127999919,0.05377125141919608,0.04422391981922236,0.09999999999999432,1.0,NORMAL,1.0,0,,122.69438378652352,0.3449046245388274,1,,,,,,,,,,,,,,,,,,13.856406460551018,0.006530117181840892,0.4231787406173293,1.552011194775497,1.2322070466726738,0.6034054680775849,1.6538989138765763,1.6538989138765763,1.260380655850583,1.6397650107986799,1.0,,,,,,,,
94.399,stsm,stsm,arm,0,0.25863404609038504,0.12368343415750492,0.25417405077478228,0.6478566058870976,0.0,0.31097117082580683,0.13153155933076804,0.47712387012374413,1.5674832061674167,0.01819399254196619,0.008551335396194785,-0.048531551343850315,0.052530545185787994,0.0471311909651738,0.10000000000000853,1.0,NORMAL,1.0,0,,123.57749590016947,0.8831121136459501,1,,,,,,,,,,,,,,,,,,13.856406460551018,0.005560994305634661,0.4220704860402434,1.5680268830961506,1.2447115956427135,0.6083620692564464,1.6673530278767261,1.6673530278767261,1.2721133939680092,1.6538989138765763,1.0,,,,,,,,
94.52,stsm,stsm,arm,0,0.26033108818898559,0.1244840689295284,0.24961217221601545,0.6492193750957799,0.0,0.31162530004597433,0.13545628972770435,0.4859772613793979,1.5822782262488566,0.016970420986006506,0.008006347720235268,-0.04561878558767089,0.04932717699963678,0.04789968447719984,0.09999999999999432,1.0,NORMAL,1.0,0,,124.47507599497173,0.8975800948022652,1,,,,,,,,,,,,,,,,,,13.856406460551018,0.004712049800864303,0.42089603059696135,1.58279933949321,1.2622577676615052,0.6153869949241678,1.679514675156712,1.679514675156712,1.2849896943088988,1.6673530278767261,1.0,,,,,,,,
94.621,stsm,stsm,arm,0,0.26175039413124307,0.12515120691099443,0.24588397609460369,0.6503565362421682,0.0,0.3121711373962407,0.13862249559889073,0.49321258602140816,1.5943627552587079,0.014193059422575567,0.0066713798146606955,-0.037281961214119703,0.04044619730426272,0.04529083085704041,0.09999999999999432,1.0,NORMAL,1.0,0,,125.17970550033301,0.7046295053612823,1,,,,,,,,,,,,,,,,,,13.856406460551018,0.004005054793221373,0.41938520340114455,1.5948145461015568,1.274379769208005,0.6198940741494912,1.6892565838857627,1.6892565838857627,1.2945862433362039,1.679514675156712,1.0,,,,,,,,
94.72,stsm,stsm,arm,0,0.26316057216074712,0.12581402858076954,0.24221063401245893,0.651483181847549,0.0,0.3127119272868235,0.14166620120917478,0.5003379638761367,1.606199274219684,0.014101780295039298,0.006628216697750478,-0.036733420821444464,0.03990159983418242,0.04340439419244053,0.10000000000000853,1.0,NORMAL,1.0,0,,125.79266615565798,0.6129606553249687,1,,,,,,,,,,,,,,,,,,13.856406460551018,0.0034864399782642864,0.41826391868088525,1.6066069118069555,1.2869589923932017,0.6246471304976963,1.698691333702373,1.698691333702373,1.3042260921000566,1.6892565838857627,1.0,,,,,,,,
94.819,stsm,stsm,arm,0,0.26456442310438322,0.12647331553741303,0.23859954752468102,0.6526017924319744,0.0,0.31324886036734767,0.14458553168754779,0.507336136501089,1.6177723209879589,0.014038509436361778,0.00659286956643533,-0.0361108648777812,0.03930063916192992,0.041967708312501815,0.09999999999999432,1.0,NORMAL,1.0,0,,126.37775228213779,0.5850861264798084,1,,,,,,,,,,,,,,,,,,13.856406460551018,0.003031459246397012,0.41705371112762823,1.6181197526339584,1.2992116594243988,0.6291783236090354,1.7077775676480262,1.7077775676480262,1.3135718258288547,1.698691333702373,1.0,,,,,,,,
94.882,stsm,stsm,arm,0,0.2653682029392877,0.12685243016035733,0.23650554833424423,0.653240154913356,0.0,0.31355527435841085,0.14620946828439846,0.5113901145636519,1.6243950121198172,0.014101400612358823,0.006651133735864541,-0.03673682790239844,0.039908415196961027,0.041246941006250454,0.05700000000000216,1.0,NORMAL,1.0,0,,126.94846876984589,0.570716487708097,1,,,,,,,,,,,,,,,,,,13.856406460551018,0.003031459246397012,0.41705371112762823,1.6247146509552302,1.3065636420617068,0.6319238223751207,1.7129196434249832,1.7129196434249832,1.31903043970426,1.7077775676480262,1.0,,,,,,,,
94.96,stsm,stsm,arm,0,0.2658040217664886,0.12705891785370921,0.23535033821618401,0.6535854659899547,0.0,0.31372102367517823,0.14707506102258125,0.5136250240769819,1.6280065747646961,0.005188319371439037,0.002458186825617539,-0.013752501405478266,0.014902772737895819,0.032026430507327376,0.08400000000000318,1.0,NORMAL,1.0,0,,127.26685929126667,0.31839052142078117,1,,,,,,,,,,,,,,,,,,13.856406460551018,0.007158739525028662,0.4232679499778427,1.6282075184914078,1.3116162914736544,0.6335582320397879,1.7155978793103217,1.7155978793103217,1.322244980328793,1.7129196434249832,1.0,,,,,,,,
95.02,stsm,stsm,arm,0,0.26747934596378498,0.12784402024426622,0.230900464040833,0.6549134309950111,0.0,0.31435844687760534,0.15029840194059457,0.5222213464311296,1.6417916262443406,0.021757457107745702,0.010196134942299113,-0.057790573705858564,0.06258672796056076,0.04272237434391291,0.07699999999999818,1.0,NORMAL,1.0,0,,127.41570994843319,0.1488506571665198,1,,,,,,,,,,,,,,,,,,13.856406460551018,0.0069067937992553265,0.4230703546745609,1.6422506173963203,1.3244229414583857,0.6388965042166989,1.7264166489733443,1.7264166489733443,1.3329966780111873,1.7155978793103217,1.0,,,,,,,,
95.122,stsm,stsm,arm,0,0.26908642332993571,0.12859777293218072,0.22663360113609654,0.6561826837978717,0.0,0.3149676882229784,0.15320152509151977,0.5304413598097233,1.6547932569220931,0.019598504465254366,0.009192105950177538,-0.05203491347239993,0.05635803766237813,0.04749482166949242,0.08199999999999363,1.0,NORMAL,1.0,0,,128.13571354956093,0.7200036011277433,1,,,,,,,,,,,,,,,,,,13.856406460551018,0.00600548727475171,0.42219641370795985,1.6553118964355016,1.3445752208019788,0.647139433203435,1.7362670239897335,1.7362670239897335,1.3458233936076622,1.7264166489733443,1.0,,,,,,,,
95.2,stsm,stsm,arm,0,0.27091394211886782,0.12945921128565313,0.22170962701105848,0.6576190386728705,0.0,0.31565713856297783,0.15625280399445526,0.5398927226120275,1.6694217038423314,0.018275187889319585,0.008614383534723368,-0.04923974125037641,0.053223511857798965,0.04949963106354784,0.10000000000000853,1.0,NORMAL,1.0,0,,128.65267524378092,0.5169616942199866,1,,,,,,,,,,,,,,,,,,13.856406460551018,0.005214967304284595,0.42122271618530915,1.6699014950900661,1.3590980766305683,0.6521941408266119,1.7470288881277378,1.7470288881277378,1.3570556501687459,1.7362670239897335,1.0,,,,,,,,
95.3,stsm,stsm,arm,0,0.27243477499020619,0.13017333377182005,0.21772095633000843,0.6588111862783494,0.0,0.31622936941360774,0.15858578357867398,0.54751639643346,1.6811427357040911,0.015208328713384487,0.0071412248616696435,-0.03988670681050276,0.04328093962665657,0.04732293967475125,0.09999999999999432,1.0,NORMAL,1.0,0,,129.3854934347579,0.7328181909769853,1,,,,,,,,,,,,,,,,,,13.856406460551018,0.004401601413077448,0.41959333391038595,1.6815877102867782,1.3745752007141439,0.6579066116993063,1.7555212059372605,1.7555212059372605,1.3673976821593723,1.7470288881277378,1.0,,,,,,,,
95.401,stsm,stsm,arm,0,0.27394381560317438,0.13088211748187281,0.21380393527674932,0.6599901277261958,0.0,0.316795261308574,0.16070897836357328,0.5549703815519538,1.692464748950297,0.015090406129680645,0.0070878371005269674,-0.03917021053258778,0.042570684573889114,0.045659376182912124,0.10000000000000853,1.0,NORMAL,1.0,0,,129.90729049845555,0.5217970636976474,1,,,,,,,,,,,,,,,,,,13.856406460551018,0.0038095885040834478,0.4184283715676172,1.6928854760523298,1.3901184898808507,0.663625711487634,1.763615480015564,1.763615480015564,1.3775612893590947,1.7555212059372605,1.0,,,,,,,,
95.499,stsm,stsm,arm,0,0.27539813112130285,0.13156559746010546,0.21005928385999342,0.6611224623329913,0.0,0.31733878191983583,0.1625696735019907,0.562062192049979,1.7030931098047968,0.014543155181285511,0.0068347997823268725,-0.03744651416756108,0.04074873340354029,0.04394034820639339,0.09999999999999432,1.0,NORMAL,1.0,0,,130.40709643306008,0.4998059346045238,1,,,,,,,,,,,,,,,,,,13.856406460551018,0.003290346491750321,0.41722650071981837,1.7035357773074984,1.4053843100785546,0.6693735521506499,1.7711516041759554,1.7711516041759554,1.3873613109281646,1.763615480015564,1.0,,,,,,,,
95.6,stsm,stsm,arm,0,0.27674833792152542,0.13220108909632716,0.20658742080709033,0.6621700784177338,0.0,0.3178416376405122,0.16412583195718056,0.5686043378461715,1.7127418858615981,0.01350206800222652,0.006354916362217383,-0.03471863052903287,0.037789867797056675,0.041787519931149604,0.09999999999999432,1.0,NORMAL,1.0,0,,130.8722316719896,0.4651352389295198,1,,,,,,,,,,,,,,,,,,13.856406460551018,0.0028507133842990634,0.4159701163473424,1.7131013431852122,1.4195250372343553,0.674271157200907,1.7777953828145325,1.7777953828145325,1.3961732301087517,1.7711516041759554,1.0,,,,,,,,
95.64,stsm,stsm,arm,0,0.27726501594191211,0.13244450685717024,0.20525909887451135,0.6625700282733585,0.0,0.31803361357121207,0.16467639933887737,0.571098298484841,1.7163783396682888,0.013596790010172015,0.006405730548500233,-0.034955840331015745,0.03805018864195248,0.04047937492290014,0.038000000000010914,1.0,NORMAL,1.0,0,,131.2923910117643,0.420159339774699,1,,,,,,,,,,,,,,,,,,13.856406460551018,0.0028507133842990634,0.4159701163473424,1.7168818450184615,1.4254082961687056,0.6770200613058923,1.7804510982440043,1.7804510982440043,1.399940325184266,1.7777953828145325,1.0,,,,,,,,
95.7,stsm,stsm,arm,0,0.27815737364410392,0.1328646763544365,0.20292644275916871,0.6632597891898241,0.0,0.31836469881111557,0.16555868043304756,0.5754651085726608,1.7226482770066478,0.014392866164384666,0.006776927375262422,-0.03762348573133436,0.0408485987477097,0.040608554948990835,0.06199999999999761,1.0,NORMAL,1.0,0,,131.4477145095308,0.155323497766517,1,,,,,,,,,,,,,,,,,,13.856406460551018,0.0069862195710659256,0.42293230210611144,1.7168818450184615,1.4254082961687056,0.6770200613058923,1.7804510982440043,1.7804510982440043,1.399940325184266,1.7804510982440043,1.0,,,,,,,,
95.82,stsm,stsm,arm,0,0.2801075531123664,0.133780686356404,0.1977091299005734,0.6647633136104177,0.0,0.31908639053300053,0.16717687587476884,0.5851689022178046,1.7361954822359915,0.019501794682625917,0.009160100019675564,-0.05217312858595604,0.05644699083795752,0.04615138542586108,0.09999999999999432,1.0,NORMAL,1.0,0,,131.71682416293856,0.26910965340775306,1,,,,,,,,,,,,,,,,,,13.856406460551018,0.0064985056190598346,0.42254569024843314,1.7366999178509597,1.461410443412031,0.6904726518330236,1.7938557228987215,1.7938557228987215,1.4206096839986841,1.784682456251518,1.0,,,,,,,,
95.92,stsm,stsm,arm,0,0.28175187710835964,0.13455385538428957,0.19331870937245055,0.6660254771347056,0.0,0.31969222902465866,0.16822974398488108,0.5932611800229821,1.7472086301672276,0.016280435603893566,0.007655138889956237,-0.043469510179434616,0.04704521282890551,0.046464079214188846,0.10099999999999909,1.0,NORMAL,1.0,0,,132.21343531003853,0.49661114709996923,1,,,,,,,,,,,,,,,,,,13.856406460551018,0.0054973183881892665,0.4212359542134059,1.7476482234877766,1.4801588800723762,0.6968613451666238,1.8010654570875868,1.8010654570875868,1.4314334764535908,1.7938557228987215,1.0,,,,,,,,
96.02,stsm,stsm,arm,0,0.28340327637780488,0.1353299837586536,0.18896266648254742,0.6672883983676303,0.0,0.32029843121646256,0.16901791787236087,0.6012174081155925,1.7578221555720464,0.016680800701466457,0.007839680549131287,-0.04400043323134306,0.04770479879111063,0.04689832666907813,0.09900000000000375,1.0,NORMAL,1.0,0,,132.68276831816883,0.4693330081302918,1,,,,,,,,,,,,,,,,,,13.856406460551018,0.004739056764409651,0.4199391046966706,1.7583265367979828,1.4997699323163638,0.7041932898207457,1.8080387774698694,1.8080387774698694,1.4425821341012406,1.8010654570875868,1.0,,,,,,,,
96.121,stsm,stsm,arm,0,0.28506385253561106,0.13611060788229662,0.18461432063069752,0.6685533385100972,0.0,0.3209056024848467,0.16953223871992745,0.6090815389277889,1.7680727186426604,0.01660576157806276,0.007806241236430644,-0.04348345851850147,0.0471963969446721,0.047002596161784614,0.09999999999999432,1.0,NORMAL,1.0,0,,133.12782898311795,0.4450606649491249,1,,,,,,,,,,,,,,,,,,13.856406460551018,0.004062464487810729,0.41861293076287187,1.768562228923948,1.5188823617265208,0.7109275600316418,1.8145967829005256,1.8145967829005256,1.4532422333956592,1.8080387774698694,1.0,,,,,,,,
96.22,stsm,stsm,arm,0,0.28658865616379747,0.13683200997649386,0.18066640221386968,0.6697084396082719,0.0,0.3214600510119705,0.16976309211799967,0.6161490734174229,1.7770806561556651,0.015248036281862809,0.007214020941971817,-0.03947918416827508,0.042931930904593546,0.045577641532173224,0.10000000000000853,1.0,NORMAL,1.0,0,,133.5728293868009,0.4450004036829398,1,,,,,,,,,,,,,,,,,,12.915190077485246,0.0039036454794274225,0.323772662718914,1.7774894520371967,1.5363922284577793,0.7168185690234702,1.8202138843330604,1.8202138843330604,1.4627285334628766,1.8145967829005256,1.0,,,,,,,,
96.319,stsm,stsm,arm,0,0.28792227115913649,0.13747753897749657,0.17724614039476427,0.6707087320173751,0.0,0.32194019136834007,0.1697591673367711,0.6222128105614273,1.7846209012839136,0.013336149953390922,0.006455290010027404,-0.03420261819105597,0.03727388839142008,0.04267085051179416,0.09999999999999432,1.0,NORMAL,1.0,0,,133.96832222586966,0.39549283906876553,1,,,,,,,,,,,,,,,,,,11.848606114116905,0.004138282581442734,0.14500917387185497,1.785030049548549,1.5513088738313723,0.7221350429732618,1.8249219864431454,1.8249219864431454,1.470848988199082,1.8202138843330604,1.0,,,,,,,,
96.36,stsm,stsm,arm,0,0.2885970407058544,0.13781180421823394,0.17552952483801057,0.6712101590557473,0.0,0.3221808763467587,0.16968244110937195,0.6252345222474586,1.7883079987593364,0.011633957702031586,0.005763193805816117,-0.02959681994402583,0.032319268640474255,0.03904712932899853,0.058000000000006935,1.0,NORMAL,1.0,0,,134.31293637106,0.3446141451903486,1,,,,,,,,,,,,,,,,,,11.848606114116905,0.004138282581442734,0.14500917387185497,1.788602017355093,1.5562841945532866,0.7232299278218386,1.8270877536012382,1.8270877536012382,1.4738009733328639,1.8249219864431454,1.0,,,,,,,,
96.461,stsm,stsm,arm,0,0.28919667815962818,0.13810997307743991,0.17397887771653903,0.6716545123892166,0.0,0.32239416594682396,0.16955746869259875,0.6279512452711339,1.7915573922997732,0.007495468172172441,0.0037271107400747255,-0.019383089018394705,0.021113444472275096,0.032770249402293526,0.0799999999999983,1.0,NORMAL,1.0,0,,134.52814716911524,0.21521079805523868,1,,,,,,,,,,,,,,,,,,11.359747596505878,0.010424746802593365,-0.04681522401574766,1.791798023354477,1.5678229455304116,0.7276339857216702,1.8290263185894584,1.8290263185894584,1.4790703182990044,1.8270877536012382,1.0,,,,,,,,
96.56,stsm,stsm,arm,0,0.29113595020899546,0.13905138993121158,0.16883770301815249,0.6730971243822671,0.0,0.3230866197034882,0.16885234676692354,0.636867971490978,1.8019040623436569,0.018469257613021015,0.00896587479782504,-0.04896356855606045,0.05309361009961971,0.03988302942851909,0.10500000000000398,1.0,NORMAL,1.0,0,,134.58722911092542,0.05908194181017734,1,,,,,,,,,,,,,,,,,,11.313820411314527,0.010584742635286307,-0.1264566991484615,1.8022364137532516,1.5918654635155105,0.7367020439730675,1.8353686471245796,1.8353686471245796,1.4915431420916023,1.8290263185894584,1.0,,,,,,,,
96.62,stsm,stsm,arm,0,0.29249250112910552,0.13971145200204607,0.16524325590725647,0.6741012821645245,0.0,0.32356861543897175,0.1681212610433971,0.6430156472402279,1.8088068058871212,0.017849354211975966,0.008685027247823043,-0.047295356722320096,0.05129210379358134,0.04387610034749827,0.0759999999999934,1.0,NORMAL,1.0,0,,135.0461480538474,0.45891894292196866,1,,,,,,,,,,,,,,,,,,11.733495002064483,0.010878230747050946,-0.3720686724365894,1.8091431086952268,1.6043749266683143,0.7409065095507041,1.8394797576607598,1.8394797576607598,1.4984760756437512,1.8353686471245796,1.0,,,,,,,,
96.721,stsm,stsm,arm,0,0.29390443475326378,0.14038385032613776,0.16168129220987185,0.6751493517895555,0.0,0.32407168885898663,0.16732718666796137,0.6490339364213775,1.815582163737881,0.017218702733635634,0.00819997956209298,-0.043438581675418086,0.04744084491890951,0.04512272579255603,0.08200000000000784,1.0,NORMAL,1.0,0,,135.44037857679496,0.39423052294756644,1,,,,,,,,,,,,,,,,,,12.471082329278861,0.010765649001378486,-0.5095418954121572,1.816049311089042,1.6260905936565748,0.7499649353792905,1.8436438138282916,1.8436438138282916,1.5089371634883,1.8394797576607598,1.0,,,,,,,,
96.799,stsm,stsm,arm,0,0.29567927668217853,0.14121378980700958,0.15726622512042895,0.6764684853184463,0.0,0.3247048729528542,0.166145096083718,0.6563869009748592,1.8237053553298774,0.017927696251666035,0.008383227079514182,-0.04459663726710463,0.04879078647339481,0.046405565566547916,0.09899999999998954,1.0,NORMAL,1.0,0,,135.67079938233832,0.23042080554336053,1,,,,,,,,,,,,,,,,,,13.465115768857054,0.010401743474634781,-0.613671075569722,1.8241440298735778,1.642673000791506,0.7554211332390192,1.848411208439404,1.848411208439404,1.5176623430858767,1.8436438138282916,1.0,,,,,,,,
96.9,stsm,stsm,arm,0,0.29732612719952922,0.14197339186451474,0.1532359831191312,0.6776920734967653,0.0,0.3252921952784473,0.1648756512572972,0.6629911193748165,1.8308510394073263,0.016468505173505548,0.007596020575051006,-0.040302420012974134,0.04419497991999267,0.04563084016203467,0.10000000000000853,1.0,NORMAL,1.0,0,,136.15245917968647,0.4816597973481578,1,,,,,,,,,,,,,,,,,,13.856406460551018,0.009380655578039174,-0.6432161665554781,1.8313523942227006,1.6621813105019891,0.7628543918305004,1.852657844567023,1.852657844567023,1.5272614852805533,1.848411208439404,1.0,,,,,,,,
97.02,stsm,stsm,arm,0,0.29885725286218928,0.14267887120029613,0.1494989086992112,0.6788254904431763,0.0,0.3258362354127246,0.16350174505417558,0.6690189181970717,1.8371823891071482,0.015311256626601471,0.0070547933578142385,-0.03737074419920207,0.04099728296862248,0.044008585555035694,0.09999999999999432,1.0,NORMAL,1.0,0,,136.51325119197458,0.3607920122881012,1,,,,,,,,,,,,,,,,,,13.856406460551018,0.008359458481884434,-0.6432606623220963,1.8376375783523184,1.68364543698546,0.7708512937743566,1.8562772021087013,1.8562772021087013,1.537102877805209,1.852657844567023,1.0,,,,,,,,
97.1,stsm,stsm,arm,0,0.30028414740737985,0.14333626601090957,0.14604105512231685,0.6798778204534338,0.0,0.3263413538176482,0.1620751378913226,0.6745108823157859,1.8428051944781907,0.014268945451906524,0.0065739481061348045,-0.03457853576894545,0.03798018870326841,0.04189823816362664,0.09999999999999432,1.0,NORMAL,1.0,0,,136.77801541148267,0.2647642195080948,1,,,,,,,,,,,,,,,,,,13.856406460551018,0.007472009318003837,-0.6433089234515835,1.8431820852412497,1.6966149220092326,0.7750265177328316,1.8594247371436254,1.8594247371436254,1.543562065531735,1.8562772021087013,1.0,,,,,,,,
97.14,stsm,stsm,arm,0,0.3008259462990332,0.14358571079435911,0.14474075303886996,0.6802764712160606,0.0,0.32653270618370905,0.16150481431904715,0.6765542543195779,1.844868246038395,0.01425786556982076,0.00656433640656503,-0.034218475880171524,0.0376467971363769,0.04040978643493688,0.038000000000010914,1.0,NORMAL,1.0,0,,137.1504447430425,0.3724293315598288,1,,,,,,,,,,,,,,,,,,13.856406460551018,0.007472009318003837,-0.6433089234515835,1.8452171506395876,1.7028321477181627,0.7772432475793296,1.8605750907898724,1.8605750907898724,1.5464669091817382,1.8594247371436254,1.0,,,,,,,,
97.241,stsm,stsm,arm,0,0.30181531265365491,0.14404241275450355,0.14232422673118456,0.6810024389604153,0.0,0.32688117070099937,0.16036306328781652,0.6803192977994765,1.8485659707487079,0.01137202706461881,0.005249447817752842,-0.02777616445615759,0.03046957521602894,0.03693071019449762,0.08699999999998909,1.0,NORMAL,1.0,0,,137.26521269784337,0.11476795480086821,1,,,,,,,,,,,,,,,,,,13.856406460551018,0.014641132356247713,-0.6416653023414958,1.848875678933308,1.7183797719435667,0.7832789802172763,1.8626246003669378,1.8626246003669378,1.553289757865272,1.8605750907898724,1.0,,,,,,,,
97.322,stsm,stsm,arm,0,0.30361005363184523,0.14487845827961829,0.13763608106103442,0.6823109924850582,0.0,0.32750927639282795,0.15777989473938775,0.6875002555083802,1.8551004191256544,0.017947409781901704,0.008360455251146657,-0.04688145670149735,0.050890841143965165,0.04181383867072502,0.10000000000000853,1.0,NORMAL,1.0,0,,137.39727529265514,0.13206259481177085,1,,,,,,,,,,,,,,,,,,13.856406460551018,0.013844818881904159,-0.6416164490827025,1.8554782139400208,1.7408276570194607,0.7922115671317295,1.8662616748091785,1.8662616748091785,1.5636947782250972,1.8626246003669378,1.0,,,,,,,,
97.42,stsm,stsm,arm,0,0.30531101423561829,0.14567045978081544,0.1332348701542628,0.683545594960504,0.0,0.3281018855810419,0.1551511384263365,0.6940885060228097,1.860887124990692,0.017009606037731575,0.007920015011971988,-0.04401210906771869,0.04784473931308919,0.043924101081471885,0.09999999999999432,1.0,NORMAL,1.0,0,,137.7669154756036,0.3696401829484728,1,,,,,,,,,,,,,,,,,,13.856406460551018,0.012387529194961054,-0.6416609207405877,1.8612985360424166,1.757195644464983,0.7984029254849525,1.86941717226135,1.86941717226135,1.5715785695634257,1.8662616748091785,1.0,,,,,,,,
97.521,stsm,stsm,arm,0,0.30658516620108095,0.14626333601239935,0.12998376519591925,0.6844669129518144,0.0,0.3285441182168709,0.15310006263443418,0.6988565461732492,1.8649676399763686,0.01654742812289202,0.007699691319271752,-0.04222214231615097,0.04599795566826479,0.04464994045530466,0.07699999999999818,1.0,NORMAL,1.0,0,,138.19987694427564,0.43296146867203333,1,,,,,,,,,,,,,,,,,,13.856406460551018,0.011098949029243669,-0.641700556078279,1.8654363333549042,1.7760404054713077,0.8066341427333297,1.8716577009246176,1.8716577009246176,1.5799421456210396,1.86941717226135,1.0,,,,,,,,
97.6,stsm,stsm,arm,0,0.30814740210755431,0.1469899152339692,0.12604908063534334,0.685592375542151,0.0,0.3290843402602325,0.15050205206246534,0.7045115753802803,1.869690343245129,0.015941182719116122,0.00741407368948835,-0.04014984245485667,0.043830350720787316,0.04436300954533401,0.09799999999999898,1.0,NORMAL,1.0,0,,138.3880185755521,0.18814163127646566,1,,,,,,,,,,,,,,,,,,13.856406460551018,0.010194179305067025,-0.6417232474887787,1.8700990363428178,1.7904712249649108,0.8117939977568177,1.8741046436177005,1.8741046436177005,1.5866172256705617,1.8716577009246176,1.0,,,,,,,,
97.7,stsm,stsm,arm,0,0.3097448698080103,0.1477331372862043,0.12204666877838449,0.6867381322122248,0.0,0.3296343034618679,0.14772276049756822,0.7101303983278736,1.8742255944995345,0.015974677004558537,0.007432220522350296,-0.04002411856958507,0.0437305188005473,0.04414153784900832,0.10000000000000853,1.0,NORMAL,1.0,0,,138.777278769856,0.3892601943038869,1,,,,,,,,,,,,,,,,,,13.856406460551018,0.009155147702616835,-0.6417473927528246,1.8746350644605836,1.808679207408551,0.8192913267979225,1.876481463777023,1.876481463777023,1.59477176561102,1.8741046436177005,1.0,,,,,,,,
97.82,stsm,stsm,arm,0,0.31121242570561952,0.14841617302123267,0.11839022634479496,0.6877861360887174,0.0,0.3301373453225843,0.14507459462096137,0.7151424560763715,1.8781405321086346,0.014675558976093019,0.006830357350284089,-0.03656442433589743,0.039987284726634445,0.0426874312219317,0.09999999999999432,1.0,NORMAL,1.0,0,,139.10056122983602,0.32328245998002103,1,,,,,,,,,,,,,,,,,,13.856406460551018,0.008161414502761316,-0.6417871665210311,1.8785247021857017,1.8282237949547269,0.8276464282709036,1.8784798379691718,1.8785247021857017,1.603218690845126,1.876481463777023,1.0,,,,,,,,
97.899,stsm,stsm,arm,0,0.31251685660854917,0.14902361505540102,0.11514803760479583,0.6887138882337746,0.0,0.3305826663522118,0.1426436758307183,0.7194875073052105,1.881427737721915,0.013044309029295318,0.006074420341682966,-0.03242188739998848,0.03547155710025624,0.040161796060975724,0.10000000000000853,1.0,NORMAL,1.0,0,,139.338837976055,0.2382767462189861,1,,,,,,,,,,,,,,,,,,13.856406460551018,0.00730952688605381,-0.6418457967839069,1.881812949251517,1.8392897180173755,0.8320520159508215,1.880155434717223,1.881812949251517,1.608327529484234,1.8785247021857017,1.0,,,,,,,,
97.92,stsm,stsm,arm,0,0.31274205443404507,0.14912834795924021,0.11459630427325818,0.6888737792692485,0.0,0.33065941404923926,0.14222596995079453,0.7202174815032037,1.8819766447724862,0.012510990305327535,0.0058184946577327906,-0.0306518517520909,0.03361421982337568,0.03786986873291844,0.018000000000000682,1.0,NORMAL,1.0,0,,139.83787791444274,0.49903993838773886,1,,,,,,,,,,,,,,,,,,13.856406460551018,0.00730952688605381,-0.6418457967839069,1.8822204218945742,1.8415277036634912,0.8324117096000527,1.8802932448873941,1.8822204218945742,1.609113270011378,1.881812949251517,1.0,,,,,,,,
98.0,stsm,stsm,arm,0,0.31399481460182316,0.14971265813566947,0.11141251808291541,0.68976054496036,0.0,0.3310850615809728,0.1397275486236899,0.7243753767397872,1.88494853190481,0.015277563021685195,0.007125733858894024,-0.03882666085784159,0.04232835466066688,0.039430065760282525,0.08199999999999363,1.0,NORMAL,1.0,0,,139.91166357657966,0.07378566213691329,1,,,,,,,,,,,,,,,,,,13.856406460551018,0.01472317247337891,-0.6408276325638875,1.885297860914278,1.8553927015694045,0.839057737254779,1.8818645795488251,1.885297860914278,1.6154032198218216,1.8822204218945742,1.0,,,,,,,,
98.12,stsm,stsm,arm,0,0.31588608411229352,0.15059786132409936,0.10645371553400143,0.691091730362518,0.0,0.3317240305740086,0.13565788714936589,0.7306631739861846,1.8891368220720772,0.01891269510470469,0.008852031884299342,-0.04958802548914264,0.053805397280533414,0.044460066456466184,0.09999999999999432,1.0,NORMAL,1.0,0,,140.32219944995094,0.4105358733712876,1,,,,,,,,,,,,,,,,,,13.856406460551018,0.013687071650819716,-0.6408095211685605,1.8895114050280895,1.8799134730582754,0.8506819021123011,1.8838610515808174,1.8895114050280895,1.625991957944871,1.885297860914278,1.0,,,,,,,,
98.2,stsm,stsm,arm,0,0.31746525778353984,0.15133998200697124,0.10221099855503782,0.6921961483844057,0.0,0.33225415122451474,0.1320438998997972,0.735856422712898,1.8923506222216155,0.01579173671246191,0.007421206828718196,-0.042427169789632506,0.04587502583703508,0.0449537118743396,0.10000000000000853,1.0,NORMAL,1.0,0,,140.86073214330455,0.5385326933536021,1,,,,,,,,,,,,,,,,,,13.856406460551018,0.012160868911023739,-0.6408451867806989,1.8927355144974038,1.893247369220823,0.8567277038464034,1.8852988619789224,1.893247369220823,1.6320023623858884,1.8895114050280895,1.0,,,,,,,,
98.3,stsm,stsm,arm,0,0.31896866371648719,0.15204261752973586,0.098372062810171246,0.6932447842734638,0.0,0.3327574964512626,0.12878613804009983,0.7404034391929075,1.8951918579577338,0.015034059329474292,0.007026355227646563,-0.03838935744866791,0.04182266578099516,0.04385763446154334,0.09999999999999432,1.0,NORMAL,1.0,0,,141.49674788042617,0.6360157371216246,1,,,,,,,,,,,,,,,,,,13.856406460551018,0.010939425117728455,-0.6409398825322142,1.8955676626691151,1.9084304955295779,0.8641459220925937,1.8865596213236424,1.9084304955295779,1.6386759254037324,1.893247369220823,1.0,,,,,,,,
98.399,stsm,stsm,arm,0,0.32045948913922068,0.15274053956473929,0.094547895555475187,0.6942794535948568,0.0,0.33325413772553125,0.12548680633449297,0.7447862699421224,1.8978066675970031,0.014908254227333611,0.006979220350033748,-0.03824167254695733,0.04163401349845876,0.04307932813482541,0.10000000000000853,1.0,NORMAL,1.0,0,,143.28348010137924,1.7867322209530698,1,,,,,,,,,,,,,,,,,,13.856406460551018,0.009886852885541033,-0.6409561079160123,1.898220043523596,1.9231170326153935,0.8718047366804869,1.8877117691267045,1.9231170326153935,1.645213395486545,1.9084304955295779,1.0,,,,,,,,
98.52,stsm,stsm,arm,0,0.32182623572358643,0.15337994380007181,0.091089388418391676,0.6952241836049968,0.0,0.33370760813039846,0.12248801404169765,0.7486214991560588,1.9000413049331517,0.0136674658436583,0.006394042353325499,-0.03458507137083707,0.03773341439532845,0.04120805089796401,0.09999999999999432,1.0,NORMAL,1.0,0,,145.02506996832088,1.7415898669416379,1,,,,,,,,,,,,,,,,,,13.856406460551018,0.00889825508459469,-0.641003589397662,1.900411204059357,1.938408888378679,0.8799087509582141,1.8885895586021462,1.938408888378679,1.6518296004995991,1.9231170326153935,1.0,,,,,,,,
98.622,stsm,stsm,arm,0,0.32320787166516912,0.15398611526140629,0.087705023147162831,0.6961960708784896,0.0,0.33417411402167496,0.11961915901073526,0.7522542453166632,1.9022435892275629,0.013816359415827715,0.006061714613345215,-0.033843652712290374,0.037054405952208894,0.03975317357118906,0.09999999999999432,1.0,NORMAL,1.0,0,,146.78312394399396,1.7580539756730786,1,,,,,,,,,,,,,,,,,,13.856406460551018,0.008052041361596493,-0.6410456616883661,1.9025621318211885,1.950763626211077,0.8862588735155161,1.889459119026075,1.950763626211077,1.6572609376434642,1.938408888378679,1.0,,,,,,,,
98.7,stsm,stsm,arm,0,0.32469014756760528,0.15454921594772855,0.084406022713463258,0.6972799768616185,0.0,0.33469438889357683,0.11702262375205788,0.7556790237812224,1.9046760132884757,0.014822759024360322,0.005631006863222118,-0.032990004336992916,0.036602770517308134,0.038641335960207836,0.10000000000000853,1.0,NORMAL,1.0,0,,148.2852622476526,1.5021383036586542,1,,,,,,,,,,,,,,,,,,13.856406460551018,0.0072649539513812865,-0.6403736432257622,1.9050128462237166,1.9603394260883422,0.891173924103462,1.8906046211757477,1.9603394260883422,1.661782704397817,1.950763626211077,1.0,,,,,,,,
131.899,stsm,stsm,arm,1,0.32606728527702777,0.15527610682630666,0.080689687258873599,0.6981769143610801,0.0,0.3351249188933184,0.11357613078547826,0.7593973229911876,1.9062752870310644,0.0,0.0,0.0,0.0,0.038641335960207836,0.0,0.0,NORMAL,1.0,0,,149.54262629217158,1.2573640445189653,1,arm_c0001,morse_topology_graph,arm_c0001,arm_c0001,4.20364418289031,16.81457673156124,0.0,1.0,2.0,0.0,1.0,2.0,0.0,0.0,0.0,0.0,3.0,13.856406460551018,0.0072649539513812865,-0.6403736432257622,1.9062752870310646,1.9720416202210167,0.8970849193213228,1.8906570989961808,1.9720416202210167,1.6665147313923963,1.9603394260883422,1.0,,,,,,,,
131.94,stsm,stsm,arm,1,0.32606728527702838,0.15527610682630683,0.080689687258874043,0.6981769143610805,0.0,0.33512491889331864,0.11357613078547935,0.7593973229911871,1.9062752870310657,3.2138034923350566e-14,8.764918615459246e-15,2.337311630789132e-14,4.06937298980118e-14,0.025116868374132375,0.019000000000005457,1.0,NORMAL,1.0,0,,141.68848076174575,-7.854145530425825,1,arm_c0001,morse_topology_graph,arm_c0001,arm_c0001,4.20364418289031,16.81457673156124,0.0,1.0,2.0,0.0,1.0,2.0,0.0,0.0,0.0,0.0,3.0,13.856406460551018,0.0072649539513812865,-0.6403736432257622,1.9064173095154855,1.9721804262317815,0.8976945146799349,1.890799121480602,1.9721804262317815,1.6667728429769508,1.9720416202210167,1.0,,,,,,,,
132.02,stsm,stsm,arm,1,0.32606728527702838,0.15527610682630683,0.080689687258874043,0.6981769143610805,0.0,0.33512491889331864,0.11357613078547935,0.7593973229911871,1.9062752870310657,0.0,0.0,0.0,0.0,0.016325964443186042,0.10200000000000387,1.0,NORMAL,1.0,0,,141.68993093709608,0.0014501753503282089,1,arm_c0001,morse_topology_graph,arm_c0001,arm_c0001,4.20364418289031,16.81457673156124,0.0,1.0,2.0,0.0,1.0,2.0,0.0,0.0,0.0,0.0,3.0,13.856406460551018,0.013155190791804218,-0.04314972470975267,1.9063352915307332,1.9721002657605649,0.8973424733603366,1.8907171034958496,1.9721002657605649,1.6666237835368711,1.9721804262317815,1.0,,,,,,,,
132.12,stsm,stsm,arm,1,0.32177063251301302,0.15225054865974585,0.079059516966793142,0.6957522068890769,0.0,0.3339610593067569,0.10972719902206858,0.760981060484472,1.9004215257023744,-0.054388009671094785,-0.03829820464002232,-0.020635066988371243,0.06964634997073929,0.025457634745158116,0.07899999999997931,1.0,NORMAL,1.0,0,,141.68909346083137,-0.0008374762647065381,1,arm_c0001,morse_topology_graph,arm_c0001,arm_c0001,4.20364418289031,16.81457673156124,0.0,1.0,2.0,0.0,1.0,2.0,0.0,0.0,0.0,0.0,3.0,13.856406460551018,0.013158132720075514,-0.0430271446156388,1.9004215257023744,1.9736167447777064,0.8948896270203349,1.8849866195657174,1.9736167447777064,1.6634786292665331,1.9721002657605649,1.0,,,,,,,,
132.2,stsm,stsm,arm,1,0.3177626588937626,0.14944260540424931,0.077558184302914696,0.6934294586267691,0.0,0.3328461401408491,0.10609756941874528,0.7624138755844192,1.8947870437707826,-0.03968290712129171,-0.0278014183712532,-0.01486467984038079,0.050681462960411296,0.03349637176533585,0.10099999999999909,1.0,NORMAL,1.0,0,,141.73095131595494,0.04185785512356688,1,arm_c0001,morse_topology_graph,arm_c0001,arm_c0001,4.20364418289031,16.81457673156124,0.0,1.0,2.0,0.0,1.0,2.0,0.0,0.0,0.0,0.0,3.0,13.856406460551018,0.013167085788413196,-0.04306647569560359,1.8947870437707828,1.974391221607013,0.8934991143110356,1.8795968476620208,1.974391221607013,1.6605685568377129,1.9736167447777064,1.0,,,,,,,,
132.3,stsm,stsm,arm,1,0.31322578130955131,0.14624454445060389,0.075836571169507122,0.6907482305707454,0.0,0.3315591506739578,0.10194209071186724,0.7640263235290694,1.8882757954856397,-0.045368775842102534,-0.03198060953644688,-0.01721613133407182,0.05811609403466163,0.04189405918748723,0.10000000000002274,1.0,NORMAL,1.0,0,,141.69452029918227,-0.036431016772667135,1,arm_c0001,morse_topology_graph,arm_c0001,arm_c0001,4.20364418289031,16.81457673156124,0.0,1.0,2.0,0.0,1.0,2.0,0.0,0.0,0.0,0.0,3.0,13.856406460551018,0.01317442535076506,-0.043206414978998006,1.88827579548564,1.9755093733572253,0.8917211598555363,1.8734134415974357,1.9755093733572253,1.6572299425739594,1.974391221607013,1.0,,,,,,,,
132.4,stsm,stsm,arm,1,0.30806833890017382,0.14261317384037464,0.07388857643011712,0.6876193976017528,0.0,0.3300573108488413,0.0971803752823773,0.7658111155219984,1.8806681992549699,-0.05157442409377781,-0.03631370610229457,-0.019479947393901128,0.06601571647689534,0.05026527734586685,0.09999999999999432,1.0,NORMAL,1.0,0,,141.67927004287387,-0.015250256308405596,1,arm_c0001,morse_topology_graph,arm_c0001,arm_c0001,4.20364418289031,16.81457673156124,0.0,1.0,2.0,0.0,1.0,2.0,0.0,0.0,0.0,0.0,3.0,13.856406460551018,0.013183235529482185,-0.04324618627638729,1.8806681992549699,1.9765142898060608,0.8898341081048586,1.8662633519873781,1.9765142898060608,1.6533199872883169,1.9755093733572253,1.0,,,,,,,,
132.52,stsm,stsm,arm,1,0.30267046056910846,0.13881789391404906,0.07186059240042808,0.684253760869076,0.0,0.32844180521715644,0.09217185578514393,0.7676241073272881,1.8724915291986646,-0.05397878331065671,-0.037952799263258,-0.020279840296891546,0.0690318473031355,0.056809211739781845,0.09999999999999432,1.0,NORMAL,1.0,0,,141.63197293349234,-0.047297109381531754,1,arm_c0001,morse_topology_graph,arm_c0001,arm_c0001,4.20364418289031,16.81457673156124,0.0,1.0,2.0,0.0,1.0,2.0,0.0,0.0,0.0,0.0,3.0,13.856406460551018,0.013193156701113545,-0.04329916384846443,1.8724915291986646,1.9773287553374064,0.8876643529302588,1.8586528702026301,1.9773287553374064,1.64903437691724,1.9765142898060608,1.0,,,,,,,,
132.6,stsm,stsm,arm,1,0.29727287775061711,0.13503069016859329,0.069846578361083739,0.6807959558410599,0.0,0.32678205880370875,0.08716040212340119,0.769378750450064,1.8641171672182337,-0.054521038570625374,-0.038254583287436056,-0.0203435761549955,0.06964063382888688,0.06129076541342858,0.09899999999998954,1.0,NORMAL,1.0,0,,141.55781096768072,-0.07416196581161216,1,arm_c0001,morse_topology_graph,arm_c0001,arm_c0001,4.20364418289031,16.81457673156124,0.0,1.0,2.0,0.0,1.0,2.0,0.0,0.0,0.0,0.0,3.0,13.856406460551018,0.0132041599350903,-0.043307259455995895,1.8641171672182337,1.977588671352727,0.8863461749059867,1.8509238879914383,1.977588671352727,1.6447439753670965,1.9773287553374064,1.0,,,,,,,,
132.721,stsm,stsm,arm,1,0.29186120406611682,0.1312156478553837,0.067808645164589759,0.6772493799214473,0.0,0.32507970236229466,0.08214494087414675,0.7711073732599505,1.8555813964178394,-0.05358092756931034,-0.0377726961703923,-0.020177556400930673,0.06859173534385311,0.06384330542517005,0.10099999999999909,1.0,NORMAL,1.0,0,,141.41380606521963,-0.14400490246109143,1,arm_c0001,morse_topology_graph,arm_c0001,arm_c0001,4.20364418289031,16.81457673156124,0.0,1.0,2.0,0.0,1.0,2.0,0.0,0.0,0.0,0.0,3.0,13.856406460551018,0.013212956808246756,-0.04350110397529281,1.8555813964178394,1.977668362871217,0.8846102248456603,1.8430818940551748,1.977668362871217,1.6402354695474728,1.977588671352727,1.0,,,,,,,,
132.822,stsm,stsm,arm,1,0.286797492514064,0.12769438375501849,0.065967370933622843,0.6738322997695063,0.0,0.32343950388936304,0.07750837522307047,0.7726283744202744,1.8474085533022142,-0.050637115520516675,-0.035212641003644116,-0.018412742309664974,0.06436673546212979,0.064023135599075,0.10000000000002274,1.0,NORMAL,1.0,0,,141.25240358368524,-0.1614024815343953,1,arm_c0001,morse_topology_graph,arm_c0001,arm_c0001,4.20364418289031,16.81457673156124,0.0,1.0,2.0,0.0,1.0,2.0,0.0,0.0,0.0,0.0,3.0,13.856406460551018,0.013222839987331744,-0.04345871430256124,1.8474085533022142,1.97714966709185,0.8834267853107007,1.835637092173152,1.97714966709185,1.6359055244694793,1.977668362871217,1.0,,,,,,,,
132.922,stsm,stsm,arm,1,0.2825536682674617,0.12469978247351593,0.064371212930535326,0.6709296791239107,0.0,0.3220462459794771,0.07364407455831942,0.7739153519743173,1.8405353516360243,-0.041202177151486566,-0.02907379884954497,-0.015496679641629351,0.052754642084669415,0.06007894558348396,0.10299999999998022,1.0,NORMAL,1.0,0,,141.02655156700882,-0.22585201667641286,1,arm_c0001,morse_topology_graph,arm_c0001,arm_c0001,4.20364418289031,16.81457673156124,0.0,1.0,2.0,0.0,1.0,2.0,0.0,0.0,0.0,0.0,3.0,13.856406460551018,0.01323175741471816,-0.04373235594849622,1.8405353516360243,1.9766487829588635,0.8825533965800597,1.8293644268901987,1.9766487829588635,1.6322754895162865,1.97714966709185,1.0,,,,,,,,
133.018,stsm,stsm,arm,1,0.27826414688818119,0.12168423253971303,0.062775790516718999,0.6679389476943164,0.0,0.3206106948932719,0.06979355491861879,0.7751723011193068,1.833515498625514,-0.04247050870574805,-0.029856930037652767,-0.015796261522934077,0.054265110882584955,0.058043839104168375,0.10099999999999909,1.0,NORMAL,1.0,0,,140.82733415628908,-0.19921741071973997,1,arm_c0001,morse_topology_graph,arm_c0001,arm_c0001,4.20364418289031,16.81457673156124,0.0,1.0,2.0,0.0,1.0,2.0,0.0,0.0,0.0,0.0,3.0,13.856406460551018,0.013238188335156274,-0.04375093229135315,1.8335154986255138,1.9758406571320668,0.8817885219197,1.8229738444329815,1.9758406571320668,1.6285296305275654,1.9766487829588635,1.0,,,,,,,,
133.12,stsm,stsm,arm,1,0.27355447467882771,0.11835115299700232,0.060999529979969214,0.664604272862627,0.0,0.31901005097406093,0.0656272079023619,0.7765369186514958,1.8257784503905454,-0.04905908551409686,-0.03471957856990194,-0.01850271392447623,0.06288555819997202,0.059738369498234814,0.09600000000000364,1.0,NORMAL,1.0,0,,140.58751522345196,-0.23981893283712452,1,arm_c0001,morse_topology_graph,arm_c0001,arm_c0001,4.20364418289031,16.81457673156124,0.0,1.0,2.0,0.0,1.0,2.0,0.0,0.0,0.0,0.0,3.0,13.856406460551018,0.013244732498241776,-0.043810650569850104,1.8257784503905454,1.9746912233454679,0.8811039670887016,1.8159194340764748,1.9746912233454679,1.6243732687252974,1.9758406571320668,1.0,,,,,,,,
133.2,stsm,stsm,arm,1,0.26813729747272247,0.11453352026984892,0.0589806141127735,0.660686523127913,0.0,0.31712953110139824,0.06095117202964295,0.7780431807900009,1.8168104070489552,-0.05417177206105547,-0.038176327271536116,-0.02018915867195829,0.06927925360495658,0.06307758202274945,0.09999999999999432,1.0,NORMAL,1.0,0,,140.29059567729084,-0.2969195461611207,1,arm_c0001,morse_topology_graph,arm_c0001,arm_c0001,4.20364418289031,16.81457673156124,0.0,1.0,2.0,0.0,1.0,2.0,0.0,0.0,0.0,0.0,3.0,13.856406460551018,0.01325110609536112,-0.04372666796010588,1.8168104070489552,1.9733068490927064,0.8806158910537488,1.807745394341384,1.9733068490927064,1.6196196353841985,1.9746912233454679,1.0,,,,,,,,
133.3,stsm,stsm,arm,1,0.26312847279359974,0.11099923180530649,0.057113333886196715,0.6569949241161306,0.0,0.3153575635757427,0.05674741186665612,0.7793936646748351,1.8084935642333644,-0.05059418867799815,-0.035699883480220074,-0.018861416430065104,0.0647302606068792,0.06365598014637364,0.09900000000001796,1.0,NORMAL,1.0,0,,139.92444499405758,-0.3661506832332577,1,arm_c0001,morse_topology_graph,arm_c0001,arm_c0001,4.20364418289031,16.81457673156124,0.0,1.0,2.0,0.0,1.0,2.0,0.0,0.0,0.0,0.0,3.0,13.856406460551018,0.01325754710245781,-0.044002097129335116,1.8168104070489552,1.9733068490927064,0.8806158910537488,1.807745394341384,1.9733068490927064,1.6196196353841985,1.9733068490927064,1.0,,,,,,,,
133.4,stsm,stsm,arm,1,0.25800845003737394,0.10738675762705208,0.055209566379795572,0.6531523681297697,0.0,0.3135131367022895,0.052586527471264924,0.780728109440061,1.7999801417433852,-0.05069329461609755,-0.035767071071826216,-0.018849183231694665,0.0648412307146736,0.0640707825586229,0.10099999999999909,1.0,NORMAL,1.0,0,,139.50909161210043,-0.41535338195714644,1,arm_c0001,morse_topology_graph,arm_c0001,arm_c0001,4.20364418289031,16.81457673156124,0.0,1.0,2.0,0.0,1.0,2.0,0.0,0.0,0.0,0.0,3.0,13.856406460551018,0.013263707939229721,-0.04393029888662423,1.7999801417433852,1.9689374897555574,0.8800096314894126,1.792340564479543,1.9689374897555574,1.6103169568669746,1.971359965001573,1.0,,,,,,,,
133.52,stsm,stsm,arm,1,0.25257739115377464,0.10355595315096594,0.053195664548899624,0.6490015192146723,0.0,0.3115207292230427,0.04833832757800005,0.7820928737296389,1.7909534497453539,-0.0548591806424229,-0.03869499470794485,-0.020342442736324854,0.07014732562747153,0.06619753741697953,0.09899999999998954,1.0,NORMAL,1.0,0,,139.02677555105447,-0.4823160610459638,1,arm_c0001,morse_topology_graph,arm_c0001,arm_c0001,4.20364418289031,16.81457673156124,0.0,1.0,2.0,0.0,1.0,2.0,0.0,0.0,0.0,0.0,3.0,13.856406460551018,0.013269227250237735,-0.0439068613920302,1.7909534497453539,1.965181470209357,0.8800054644644135,1.784025760148379,1.965181470209357,1.6050415361418757,1.9689374897555574,1.0,,,,,,,,
133.619,stsm,stsm,arm,1,0.24723164231256653,0.099828607914369052,0.05126983437879129,0.6448292535830052,0.0,0.3095180417198425,0.04435228516492241,0.7833046101434351,1.7820041906112052,-0.05140143116545601,-0.035839858044196225,-0.01851759778950082,0.06534144150827233,0.06589720035836605,0.10400000000001342,1.0,NORMAL,1.0,0,,138.38342711973462,-0.6433484313198505,1,arm_c0001,morse_topology_graph,arm_c0001,arm_c0001,4.20364418289031,16.81457673156124,0.0,1.0,2.0,0.0,1.0,2.0,0.0,0.0,0.0,0.0,3.0,13.856406460551018,0.013274046837728034,-0.04377034119089681,1.7820041906112052,1.9615383485878284,0.880159043195911,1.7757528700210303,1.9615383485878284,1.5998636131039938,1.965181470209357,1.0,,,,,,,,
133.72,stsm,stsm,arm,1,0.2426847207700657,0.096606517229119254,0.04957319771773272,0.6412410471108505,0.0,0.3077957026132082,0.04109167629885398,0.7840898400851061,1.7742182661080188,-0.04687547981960587,-0.03321742974485013,-0.01749109959854557,0.06005536455920131,0.06385239260587852,0.09699999999997999,1.0,NORMAL,1.0,0,,137.7319857420565,-0.6514413776781112,1,arm_c0001,morse_topology_graph,arm_c0001,arm_c0001,4.20364418289031,16.81457673156124,0.0,1.0,2.0,0.0,1.0,2.0,0.0,0.0,0.0,0.0,3.0,13.856406460551018,0.013280301721345691,-0.044143204262453876,1.7742182661080188,1.9580840987611605,0.8805617071915629,1.7684576255747435,1.9580840987611605,1.5953304244088715,1.9615383485878284,1.0,,,,,,,,
133.82,stsm,stsm,arm,1,0.23796933170510187,0.093310850960675165,0.047872627957688707,0.6374533777144874,0.0,0.3059776213029539,0.037877324322297345,0.7845572326156327,1.7658655559553713,-0.044908467285362,-0.031387297794700175,-0.01619590247660684,0.057133529155876404,0.061500442401539054,0.10500000000001819,1.0,NORMAL,1.0,0,,137.13593260766922,-0.5960531343872901,1,arm_c0001,morse_topology_graph,arm_c0001,arm_c0001,4.20364418289031,16.81457673156124,0.0,1.0,2.0,0.0,1.0,2.0,0.0,0.0,0.0,0.0,3.0,13.856406460551018,0.01328217076944693,-0.04393417329919008,1.7658655559553713,1.954059802143189,0.8810554081316715,1.7606135877420375,1.954059802143189,1.5903985884930674,1.9580840987611605,1.0,,,,,,,,
133.919,stsm,stsm,arm,1,0.2337401621062378,0.090322636938629644,0.046311252970950734,0.6340209210031309,0.0,0.3043300420815028,0.03511743718813468,0.7847292955117662,1.7581976957845347,-0.043599686586236565,-0.030806330124186983,-0.016096649347817477,0.05575898821145377,0.059490882719376435,0.09699999999997999,1.0,NORMAL,1.0,0,,136.4613440404475,-0.6745885672217184,1,arm_c0001,morse_topology_graph,arm_c0001,arm_c0001,4.20364418289031,16.81457673156124,0.0,1.0,2.0,0.0,1.0,2.0,0.0,0.0,0.0,0.0,3.0,13.856406460551018,0.01328575632102968,-0.04409266176422527,1.7581976957845344,1.9501561341813844,0.8817290930426017,1.7533619360114727,1.9501561341813844,1.5858612147549982,1.954059802143189,1.0,,,,,,,,
134.0,stsm,stsm,arm,1,0.22903124391943502,0.08698006688740155,0.044559529323798253,0.6301541740395363,0.0,0.3024740035389774,0.03219330894005872,0.7846280662806593,1.7494495527992315,-0.04805018557961368,-0.03410785766558821,-0.01787473109339026,0.0615765564190817,0.06022072752270444,0.09800000000001319,1.0,NORMAL,1.0,0,,135.8199217462127,-0.6414222942347862,1,arm_c0001,morse_topology_graph,arm_c0001,arm_c0001,4.20364418289031,16.81457673156124,0.0,1.0,2.0,0.0,1.0,2.0,0.0,0.0,0.0,0.0,3.0,13.856406460551018,0.013286967556189095,-0.0440570649194478,1.7581976957845344,1.9501561341813844,0.8817290930426017,1.7533619360114727,1.9501561341813844,1.5858612147549982,1.9501561341813844,1.0,,,,,,,,
134.12,stsm,stsm,arm,1,0.22361052269468201,0.083140881696812108,0.042558132120667946,0.625637938796357,0.0,0.3003062106222513,0.029032106556050267,0.7841112687385776,1.739087524713236,-0.05420721224753319,-0.038391851905896605,-0.0200139720313042,0.06937517732505796,0.06342476979842034,0.09999999999999432,1.0,NORMAL,1.0,0,,135.14997279141627,-0.669948954796439,1,arm_c0001,morse_topology_graph,arm_c0001,arm_c0001,4.20364418289031,16.81457673156124,0.0,1.0,2.0,0.0,1.0,2.0,0.0,0.0,0.0,0.0,3.0,13.856406460551018,0.013287629697561844,-0.04403707293164964,1.739087524713236,1.9392981029877738,0.8840699659658797,1.7351481785543799,1.9392981029877738,1.5744009430553174,1.9463752054530428,1.0,,,,,,,,
134.2,stsm,stsm,arm,1,0.21828084131387399,0.079419630583468542,0.040656279957932417,0.6211212596776373,0.0,0.2981382046452659,0.026149326053235285,0.7831618837030773,1.728570674079216,-0.05383516546269757,-0.03758839508427162,-0.019210627906416,0.06841170009556911,0.06516945395742003,0.09900000000001796,1.0,NORMAL,1.0,0,,134.0999426852797,-1.0500301061365747,1,arm_c0001,morse_topology_graph,arm_c0001,arm_c0001,4.20364418289031,16.81457673156124,0.0,1.0,2.0,0.0,1.0,2.0,0.0,0.0,0.0,0.0,3.0,13.856406460551018,0.013285146994224175,-0.04376064482764539,1.728570674079216,1.934133610895515,0.8851922279401876,1.7250752874110007,1.934133610895515,1.5682429500814798,1.9392981029877738,1.0,,,,,,,,
134.3,stsm,stsm,arm,1,0.21353165544860886,0.076052841962648915,0.038898763782654833,0.6170576034393057,0.0,0.29618764965086675,0.023739346185649244,0.7820098183042918,1.7189944175801135,-0.04702164223034821,-0.03333454080019463,-0.01740115025027327,0.06020819278496318,0.06343285321277753,0.10099999999999909,1.0,NORMAL,1.0,0,,133.22403702019267,-0.875905665087032,1,arm_c0001,morse_topology_graph,arm_c0001,arm_c0001,4.20364418289031,16.81457673156124,0.0,1.0,2.0,0.0,1.0,2.0,0.0,0.0,0.0,0.0,3.0,13.310771868228244,0.013119099722830273,-0.024226338281809336,1.7189944175801135,1.9281698056680832,0.8867867843529694,1.7158311760264175,1.9281698056680832,1.5624455459068958,1.934133610895515,1.0,,,,,,,,
134.4,stsm,stsm,arm,1,0.20837835753258688,0.072426150713575915,0.037001873243456829,0.6125889194553451,0.0,0.29404268133856565,0.021308127159961193,0.7803946316135346,1.7083343595674065,-0.051532979160222744,-0.03626691249073206,-0.01896890539198112,0.06580848163047298,0.06426429914660342,0.09999999999999432,1.0,NORMAL,1.0,0,,132.3010492385657,-0.922987781626972,1,arm_c0001,morse_topology_graph,arm_c0001,arm_c0001,4.20364418289031,16.81457673156124,0.0,1.0,2.0,0.0,1.0,2.0,0.0,0.0,0.0,0.0,3.0,12.488125805339592,0.012780458777787232,0.015472923890655734,1.7189944175801135,1.9281698056680832,0.8867867843529694,1.7158311760264175,1.9281698056680832,1.5624455459068958,1.9281698056680832,1.0,,,,,,,,
134.5,stsm,stsm,arm,1,0.20322133515573507,0.068825193648394928,0.035115326663348878,0.6080577552836792,0.0,0.291867722536166,0.01906351356266075,0.7784004355817443,1.6973894269642504,-0.05105962749358275,-0.03565304024931703,-0.018678679010969975,0.06501628940809911,0.06452736493199257,0.10099999999999909,1.0,NORMAL,1.0,0,,131.2372382797125,-1.063810958853196,1,arm_c0001,morse_topology_graph,arm_c0001,arm_c0001,4.20364418289031,16.81457673156124,0.0,1.0,2.0,0.0,1.0,2.0,0.0,0.0,0.0,0.0,3.0,11.84429376024194,0.012388989939988678,0.061216439876137035,1.6973894269642504,1.913740847409281,0.8909733220037386,1.6948447783668021,1.913740847409281,1.549237093686018,1.921202004976657,1.0,,,,,,,,
134.62,stsm,stsm,arm,1,0.19855739886751164,0.065562441336412133,0.033375468064699459,0.6039168784247587,0.0,0.28988010164388417,0.017183278883834054,0.7762926869917285,1.6872729459442053,-0.04711046755781735,-0.032957094060435746,-0.017574329279288915,0.06012007361972739,0.06298459760120312,0.09899999999998954,1.0,NORMAL,1.0,0,,130.11097715303123,-1.1262611266812712,1,arm_c0001,morse_topology_graph,arm_c0001,arm_c0001,4.20364418289031,16.81457673156124,0.0,1.0,2.0,0.0,1.0,2.0,0.0,0.0,0.0,0.0,3.0,11.459172774169376,0.011994092348420865,0.10720615220482975,1.6872729459442055,1.905243695754474,0.8937934859203777,1.6849471448210858,1.905243695754474,1.5428143181100358,1.913740847409281,1.0,,,,,,,,
134.72,stsm,stsm,arm,1,0.19390638741702187,0.062343010357313329,0.031664441184353159,0.5997406917303697,0.0,0.2878755320305774,0.015456470180180995,0.7738814418888543,1.6769541358299827,-0.04697991364130225,-0.03251950483937596,-0.017283099801474643,0.05969368492135618,0.0618325262517301,0.09900000000001796,1.0,NORMAL,1.0,0,,128.90928085078926,-1.2016963022419702,1,arm_c0001,morse_topology_graph,arm_c0001,arm_c0001,4.20364418289031,16.81457673156124,0.0,1.0,2.0,0.0,1.0,2.0,0.0,0.0,0.0,0.0,3.0,11.320131612194588,0.011649794229182452,0.14690864712049978,1.6769541358299824,1.8978944463240295,0.8963049972114647,1.6748246612795152,1.8978944463240295,1.5364945601612479,1.905243695754474,1.0,,,,,,,,
134.799,stsm,stsm,arm,1,0.18923162605694691,0.05904338430520277,0.029855186850086674,0.595515136785553,0.0,0.2858472656570654,0.013846850890567516,0.7711930320415123,1.6664022853746983,-0.04628476594133675,-0.03266956487238207,-0.017913409250163388,0.05941776046064801,0.06098606515632971,0.10099999999999909,1.0,NORMAL,1.0,0,,127.81024935264402,-1.0990314981452372,1,arm_c0001,morse_topology_graph,arm_c0001,arm_c0001,4.20364418289031,16.81457673156124,0.0,1.0,2.0,0.0,1.0,2.0,0.0,0.0,0.0,0.0,3.0,10.42663067455395,0.010584537711669506,0.2713440387145096,1.6664022853746983,1.8916473227433772,0.8986850567094491,1.6644139772272768,1.8916473227433772,1.5302871605137005,1.8978944463240295,1.0,,,,,,,,
134.9,stsm,stsm,arm,1,0.18423081072448338,0.055522625947761237,0.027932081544967874,0.5909501982088416,0.0,0.283656095140244,0.012277668339754248,0.7679813340030498,1.6548652956918897,-0.04951302309369867,-0.034858993638035296,-0.01904064658533482,0.06347625631463584,0.06185726505593019,0.10099999999999909,1.0,NORMAL,1.0,0,,126.81119461309542,-0.9990547395485976,1,arm_c0001,morse_topology_graph,arm_c0001,arm_c0001,4.20364418289031,16.81457673156124,0.0,1.0,2.0,0.0,1.0,2.0,0.0,0.0,0.0,0.0,3.0,9.602027734752944,0.009165803249409982,0.43747557791957786,1.6548652956918897,1.8831734883871811,0.9020695167190675,1.6530050941400671,1.8831734883871811,1.5232783487345514,1.8916473227433772,1.0,,,,,,,,
135.02,stsm,stsm,arm,1,0.17917277019667471,0.051937796252537125,0.025973896445985384,0.5862928195609175,0.0,0.2814205533892404,0.01083925131794195,0.7643934239533422,1.6429460482214422,-0.05109131846271925,-0.036210400961863544,-0.019779647464471688,0.06567153427396612,0.06319188755248448,0.09899999999998954,1.0,NORMAL,1.0,0,,125.55349849391429,-1.2576961191811336,1,arm_c0001,morse_topology_graph,arm_c0001,arm_c0001,4.20364418289031,16.81457673156124,0.0,1.0,2.0,0.0,1.0,2.0,0.0,0.0,0.0,0.0,3.0,9.188498460788715,0.007628879435114581,0.6168399517056459,1.642946048221442,1.872423244685077,0.9066339632126299,1.6411868690572144,1.872423244685077,1.515797531294091,1.8831734883871811,1.0,,,,,,,,
135.1,stsm,stsm,arm,1,0.17381898675068258,0.04813725436265244,0.023914161532991141,0.5813172702811018,0.0,0.27903228973492883,0.009472795847554366,0.7602202975354285,1.6300426533990136,-0.053537834459924376,-0.038005418898849,-0.020597349129943602,0.06881106288610897,0.06515848722986373,0.09999999999999432,1.0,NORMAL,1.0,0,,124.05369923879978,-1.4997992551145103,1,arm_c0001,morse_topology_graph,arm_c0001,arm_c0001,4.20364418289031,16.81457673156124,0.0,1.0,2.0,0.0,1.0,2.0,0.0,0.0,0.0,0.0,3.0,9.319954298700374,0.0063258575841447385,0.7683507479506815,1.6300426533990136,1.864705579870162,0.9100796199739946,1.6283708916483728,1.864705579870162,1.5082996862228857,1.872423244685077,1.0,,,,,,,,
135.2,stsm,stsm,arm,1,0.16852922943976362,0.044290064121906468,0.021827663490390781,0.5763671528703905,0.0,0.27665623337778744,0.008263151399178385,0.7557421608086448,1.617028698456001,-0.05289757310919264,-0.03847190240746191,-0.020864980426004785,0.0686555746015516,0.06638088494597891,0.09999999999999432,1.0,NORMAL,1.0,0,,122.81935279570506,-1.2343464430947222,1,arm_c0001,morse_topology_graph,arm_c0001,arm_c0001,4.20364418289031,16.81457673156124,0.0,1.0,2.0,0.0,1.0,2.0,0.0,0.0,0.0,0.0,3.0,10.036999892378438,0.005433474605108182,0.871944887017005,1.6170286984560012,1.8550335904140745,0.9146993644836328,1.6154129615741482,1.8550335904140745,1.5005436537319643,1.864705579870162,1.0,,,,,,,,
135.32,stsm,stsm,arm,1,0.16349259900940089,0.040625031003349701,0.01987337506550696,0.5716118858150566,0.0,0.27437370519122717,0.007238825145710795,0.7511338583042317,1.6043582744562266,-0.04986762802339383,-0.036287456619374256,-0.01934939034538454,0.06463713127390945,0.06577001152156968,0.10099999999999909,1.0,NORMAL,1.0,0,,121.38638522226677,-1.4329675734382903,1,arm_c0001,morse_topology_graph,arm_c0001,arm_c0001,4.20364418289031,16.81457673156124,0.0,1.0,2.0,0.0,1.0,2.0,0.0,0.0,0.0,0.0,3.0,11.225693018740468,0.004987974087059361,0.9224660814404234,1.6043582744562264,1.8439006633363015,0.9203430896560659,1.6027915214820811,1.8439006633363015,1.4928483872326685,1.8550335904140745,1.0,,,,,,,,
135.4,stsm,stsm,arm,1,0.15888394919468457,0.037266471104057682,0.018107002446300313,0.5672264908647149,0.0,0.2722687156150631,0.006400805436982387,0.7466314886473304,1.5925275005640909,-0.04702703892567035,-0.0342710193805262,-0.018024210400065396,0.060917299021236514,0.06407114396939145,0.09800000000001319,1.0,NORMAL,1.0,0,,119.81668195852843,-1.569703263738333,1,arm_c0001,morse_topology_graph,arm_c0001,arm_c0001,4.20364418289031,16.81457673156124,0.0,1.0,2.0,0.0,1.0,2.0,0.0,0.0,0.0,0.0,3.0,12.675999250031852,0.004839595947821485,0.9376202331171275,1.5925275005640909,1.8368807125881759,0.9238699046963555,1.5910027382173944,1.8368807125881759,1.4860702140165043,1.8439006633363015,1.0,,,,,,,,
135.499,stsm,stsm,arm,1,0.15391551666243991,0.033520669475246602,0.016139620081337333,0.5624743953267373,0.0,0.2699877097568339,0.005588963444454474,0.7414961767565267,1.5795472452845523,-0.04919240130935351,-0.037087144839713995,-0.019479033316465326,0.06461254830051494,0.06425772314740053,0.10099999999999909,1.0,NORMAL,1.0,0,,118.6934820736328,-1.1231998848956408,1,arm_c0001,morse_topology_graph,arm_c0001,arm_c0001,4.20364418289031,16.81457673156124,0.0,1.0,2.0,0.0,1.0,2.0,0.0,0.0,0.0,0.0,3.0,13.800857247929502,0.004741642332492595,0.9478927341993214,1.5795472452845525,1.827430117062527,0.9291658781062362,1.5780530231798635,1.827430117062527,1.4785490659082945,1.8368807125881759,1.0,,,,,,,,
135.62,stsm,stsm,arm,1,0.14891858476396763,0.02983218365837266,0.01424254002791582,0.5576501741019393,0.0,0.26767208356893085,0.004869596723418228,0.7360141234739426,1.566205977868231,-0.049969318984725626,-0.03688485816874151,-0.018970800534216205,0.06494087214408548,0.06449629686724775,0.09999999999999432,1.0,NORMAL,1.0,0,,117.28436149175661,-1.4091205818761807,1,arm_c0001,morse_topology_graph,arm_c0001,arm_c0001,4.20364418289031,16.81457673156124,0.0,1.0,2.0,0.0,1.0,2.0,0.0,0.0,0.0,0.0,3.0,13.856406460551018,0.004720263853091921,0.9476129992575637,1.566205977868231,1.8160215155307795,0.9355973513399697,1.5647556031358736,1.8160215155307795,1.4706451119687136,1.827430117062527,1.0,,,,,,,,
135.721,stsm,stsm,arm,1,0.14445486821248765,0.026482666595813872,0.012502717653261317,0.5533147175782265,0.0,0.2655910644375487,0.004294899977249147,0.7308753938174886,1.554076075810513,-0.04508804597453706,-0.03383350568240586,-0.017573963380345337,0.05904644092116879,0.06258821483499022,0.09900000000001796,1.0,NORMAL,1.0,0,,115.66520004714172,-1.619161444614889,1,arm_c0001,morse_topology_graph,arm_c0001,arm_c0001,4.20364418289031,16.81457673156124,0.0,1.0,2.0,0.0,1.0,2.0,0.0,0.0,0.0,0.0,3.0,13.856406460551018,0.004702213001497311,0.9473859562321741,1.554076075810513,1.8071886736518183,0.9407648578135672,1.5526610240350982,1.8071886736518183,1.463672657827749,1.8160215155307795,1.0,,,,,,,,
135.819,stsm,stsm,arm,1,0.13984668198030575,0.023090784536854866,0.010767957679334639,0.5488055376724578,0.0,0.2634266580827797,0.003768751229504711,0.7253208499416784,1.5413217969264208,-0.043473455020586194,-0.03199888734867152,-0.016365660131384595,0.05640660346551539,0.060424247696601444,0.10599999999999454,1.0,NORMAL,1.0,0,,114.35240160271856,-1.3127984444231657,1,arm_c0001,morse_topology_graph,arm_c0001,arm_c0001,4.20364418289031,16.81457673156124,0.0,1.0,2.0,0.0,1.0,2.0,0.0,0.0,0.0,0.0,3.0,13.856406460551018,0.004680168970532099,0.946978995680717,1.5413217969264206,1.798241440691089,0.9463202915477739,1.5399552360643067,1.798241440691089,1.4564596913073975,1.8071886736518183,1.0,,,,,,,,
135.923,stsm,stsm,arm,1,0.13559729293403655,0.019884224661589428,0.0091039387718327286,0.5446273725888849,0.0,0.26142113884266477,0.003332859722338386,0.7199954114376086,1.5293767825914966,-0.04473041101336057,-0.03375326184489975,-0.017515988500020317,0.058710324541151854,0.05982364589355849,0.09499999999999886,1.0,NORMAL,1.0,0,,113.00469623957734,-1.3477053631412161,1,arm_c0001,morse_topology_graph,arm_c0001,arm_c0001,4.20364418289031,16.81457673156124,0.0,1.0,2.0,0.0,1.0,2.0,0.0,0.0,0.0,0.0,3.0,13.856406460551018,0.004662750040697498,0.9468990011490855,1.5293767825914966,1.7895797607110764,0.9518808571023476,1.5280548155992457,1.7895797607110764,1.4497230540010415,1.798241440691089,1.0,,,,,,,,
136.02,stsm,stsm,arm,1,0.13077679627424296,0.016283046945459151,0.0072516543307276221,0.5398576777682745,0.0,0.2591316853287718,0.0028954516883037498,0.7137106708322731,1.5155954856176233,-0.04869188545246563,-0.03637553248616826,-0.018709943849548508,0.06359356155635235,0.061143066133892546,0.09899999999998954,1.0,NORMAL,1.0,0,,111.71765911272355,-1.2870371268537895,1,arm_c0001,morse_topology_graph,arm_c0001,arm_c0001,4.20364418289031,16.81457673156124,0.0,1.0,2.0,0.0,1.0,2.0,0.0,0.0,0.0,0.0,3.0,13.856406460551018,0.004636616730267986,0.946488926111618,1.5155954856176233,1.7797496705027034,0.9585007824076914,1.5143373874013366,1.7797496705027034,1.4420458314823388,1.7895797607110764,1.0,,,,,,,,
136.1,stsm,stsm,arm,1,0.12560409749960866,0.012418623965560567,0.005267630741913859,0.5347083038353878,0.0,0.25665998584098615,0.002485104317420362,0.706692065238824,1.5005454592326184,-0.050712733084648125,-0.037886499802925855,-0.019451211655036157,0.06622324213658586,0.0629210951673317,0.10200000000000387,1.0,NORMAL,1.0,0,,110.24930877214955,-1.4683503405740055,1,arm_c0001,morse_topology_graph,arm_c0001,arm_c0001,4.20364418289031,16.81457673156124,0.0,1.0,2.0,0.0,1.0,2.0,0.0,0.0,0.0,0.0,3.0,13.856406460551018,0.004607932606954296,0.9462055017751233,1.5005454592326184,1.7714903157580522,0.9641698028032293,1.4993700275628812,1.7714903157580522,1.4338939013391951,1.7797496705027034,1.0,,,,,,,,
136.199,stsm,stsm,arm,1,0.1204215478390982,0.0085299857587318104,0.0032711972525628769,0.529518917524221,0.0,0.25416908041162606,0.0021281317982943765,0.6993850994918113,1.4852012292259527,-0.05182549660510755,-0.03888638206828978,-0.019964334893510956,0.06779828520299966,0.0646280551248756,0.09999999999999432,1.0,NORMAL,1.0,0,,108.9050599559126,-1.3442488162369415,1,arm_c0001,morse_topology_graph,arm_c0001,arm_c0001,4.20364418289031,16.81457673156124,0.0,1.0,2.0,0.0,1.0,2.0,0.0,0.0,0.0,0.0,3.0,13.856406460551018,0.004581634478785702,0.9460813881499541,1.4852012292259529,1.761175046133555,0.9718162305476854,1.4841252250992023,1.761175046133555,1.425579432751599,1.7714903157580522,1.0,,,,,,,,
136.3,stsm,stsm,arm,1,0.11526101734312674,0.0046658285719935726,0.0012945559561537701,0.5243225806791306,0.0,0.2516748387259827,0.0018208805512357454,0.6918447447081757,1.4696630446645247,-0.052126570666368874,-0.03903189077512663,-0.019966073701098465,0.06811249493268515,0.06584758482045425,0.09900000000001796,1.0,NORMAL,1.0,0,,107.33903319038235,-1.5660267655302533,1,arm_c0001,morse_topology_graph,arm_c0001,arm_c0001,4.20364418289031,16.81457673156124,0.0,1.0,2.0,0.0,1.0,2.0,0.0,0.0,0.0,0.0,3.0,13.856406460551018,0.004553270373338621,0.945968276642446,1.4696630446645247,1.7509450003277327,0.979926522617416,1.468705236822541,1.7509450003277327,1.4173099511080536,1.761175046133555,1.0,,,,,,,,
136.42,stsm,stsm,arm,1,0.11034280131015375,0.0010519731148060148,-0.00053364008255901707,0.5193450509398222,0.0,0.24928562445111466,0.001568489025238536,0.6844247213048485,1.4546238857210239,-0.04918216032973268,-0.03613855457187763,-0.018281960387128912,0.06371114578188544,0.0650989343325707,0.09999999999999432,1.0,NORMAL,1.0,0,,105.7751580832329,-1.5638751071494568,1,arm_c0001,morse_topology_graph,arm_c0001,arm_c0001,4.20364418289031,16.81457673156124,0.0,1.0,2.0,0.0,1.0,2.0,0.0,0.0,0.0,0.0,3.0,13.856406460551018,0.0045090943166587166,0.9456942471604275,1.4546238857210239,1.7395067048341575,0.9890469541229368,1.4537951834084073,1.7395067048341575,1.4092431820216313,1.7509450003277327,1.0,,,,,,,,
136.5,stsm,stsm,arm,1,0.1056910308048708,-0.00243572442579317,-0.0023140158229243979,0.5146169054363477,0.0,0.24701611460944692,0.0013595024589941065,0.6772301013202612,1.44022262382505,-0.04651770505283218,-0.03487697540599383,-0.01780375740365482,0.06080521420520432,0.06359601560306409,0.09999999999999432,1.0,NORMAL,1.0,0,,104.1050809929114,-1.6700770903214988,1,arm_c0001,morse_topology_graph,arm_c0001,arm_c0001,4.20364418289031,16.81457673156124,0.0,1.0,2.0,0.0,1.0,2.0,0.0,0.0,0.0,0.0,3.0,13.856406460551018,0.004464084252429265,0.9456467913103045,1.44022262382505,1.7321273898586897,0.9949294257471489,1.4395081209643577,1.7321273898586897,1.4016968900988116,1.7395067048341575,1.0,,,,,,,,
136.62,stsm,stsm,arm,1,0.10084343037942982,-0.0060459269335745259,-0.0041499706754401372,0.5096697149630506,0.0,0.24464146318226426,0.001170392905130544,0.6695663537164531,1.4250479247668983,-0.04896566086304539,-0.03646669199779533,-0.01854499851026195,0.06380730787897623,0.06366995050685476,0.09899999999998954,1.0,NORMAL,1.0,0,,102.88547937163396,-1.2196016212774339,1,arm_c0001,morse_topology_graph,arm_c0001,arm_c0001,4.20364418289031,16.81457673156124,0.0,1.0,2.0,0.0,1.0,2.0,0.0,0.0,0.0,0.0,3.0,13.856406460551018,0.00442788130815945,0.9456577131957399,1.4250479247668986,1.7210346164265595,1.0046247164191768,1.4244364212730654,1.7210346164265595,1.393785919721425,1.7321273898586897,1.0,,,,,,,,
136.7,stsm,stsm,arm,1,0.096460437236534691,-0.0093330717408980357,-0.005822987735432078,0.5051798649086859,0.0,0.24248633515616924,0.0010211260189296283,0.662497344134766,1.4111846702185509,-0.04297052100877414,-0.03222690987571946,-0.016402128039136054,0.056161100417597386,0.06104179539448844,0.10200000000000387,1.0,NORMAL,1.0,0,,101.24703196922623,-1.638447402407735,1,arm_c0001,morse_topology_graph,arm_c0001,arm_c0001,4.20364418289031,16.81457673156124,0.0,1.0,2.0,0.0,1.0,2.0,0.0,0.0,0.0,0.0,3.0,13.856406460551018,0.004384394732060821,0.9457414202815004,1.4111846702185509,1.7142218179929993,1.0105755182685479,1.4106541422693935,1.7142218179929993,1.386659037187373,1.7210346164265595,1.0,,,,,,,,
136.8,stsm,stsm,arm,1,0.091934754262877852,-0.012721647617225508,-0.0075458864035395645,0.5005286180876272,0.0,0.24025373668206104,0.0008863782675517087,0.6550651867168648,1.3967339197541047,-0.04571396943086887,-0.03422803915481674,-0.017403016849567413,0.05970084305080128,0.06057245179790888,0.09900000000001796,1.0,NORMAL,1.0,0,,100.10489011621016,-1.1421418530160707,1,arm_c0001,morse_topology_graph,arm_c0001,arm_c0001,4.20364418289031,16.81457673156124,0.0,1.0,2.0,0.0,1.0,2.0,0.0,0.0,0.0,0.0,3.0,13.856406460551018,0.0043388883139548395,0.94580213295315,1.3967339197541047,1.7055260517584467,1.0190296364626124,1.3962761853922023,1.7055260517584467,1.3793914483418415,1.7142218179929993,1.0,,,,,,,,
136.921,stsm,stsm,arm,1,0.087484204864196211,-0.016060998521748866,-0.0092446308911026953,0.4959403097195041,0.0,0.23805134866536196,0.000770701235593098,0.64763072061605,1.382393080236509,-0.044505493986818946,-0.033393509045235484,-0.016987444875632272,0.058175929083837126,0.05973364718404447,0.09999999999999432,1.0,NORMAL,1.0,0,,98.73913940706963,-1.3657507091405279,1,arm_c0001,morse_topology_graph,arm_c0001,arm_c0001,4.20364418289031,16.81457673156124,0.0,1.0,2.0,0.0,1.0,2.0,0.0,0.0,0.0,0.0,3.0,13.856406460551018,0.004289652138029012,0.9459618015097793,1.382393080236509,1.6953380331094077,1.029019167167467,1.381997539657382,1.6953380331094077,1.3721869550426913,1.7055260517584467,1.0,,,,,,,,
137.022,stsm,stsm,arm,1,0.082863766239544098,-0.019543267945320696,-0.011018109097340134,0.4911625620745724,0.0,0.23575802979579474,0.0006660920823103867,0.6397871625849597,1.3673738465376373,-0.04667109721871313,-0.0351744386219414,-0.017913921275127538,0.06112561675287017,0.060220753103312,0.09899999999998954,1.0,NORMAL,1.0,0,,97.22058167111626,-1.5185577359533653,1,arm_c0001,morse_topology_graph,arm_c0001,arm_c0001,4.20364418289031,16.81457673156124,0.0,1.0,2.0,0.0,1.0,2.0,0.0,0.0,0.0,0.0,3.0,13.856406460551018,0.004228562474743595,0.9461038388805176,1.3673738465376373,1.6863475524972529,1.0383108311638394,1.3670342508508209,1.6863475524972529,1.3647666202623876,1.6953380331094077,1.0,,,,,,,,
137.121,stsm,stsm,arm,1,0.077891953545375911,-0.023293840312133211,-0.012930058297257505,0.4860070200606135,0.0,0.2332833696290945,0.0005690130968067375,0.6312123217128793,1.3510717244993942,-0.04922586825909141,-0.037134379869431175,-0.018930190098191958,0.06450194083360843,0.061719112077993056,0.10099999999999909,1.0,NORMAL,1.0,0,,95.80783336768943,-1.412748303426838,1,arm_c0001,morse_topology_graph,arm_c0001,arm_c0001,4.20364418289031,16.81457673156124,0.0,1.0,2.0,0.0,1.0,2.0,0.0,0.0,0.0,0.0,3.0,13.856406460551018,0.004166309434047856,0.9463752765993222,1.3510717244993942,1.6769561130696227,1.0487158598117992,1.350783733082575,1.6769561130696227,1.3568818576158477,1.6863475524972529,1.0,,,,,,,,
137.22,stsm,stsm,arm,1,0.073018036279737977,-0.02692038505726857,-0.014780696818496128,0.48094322042128074,0.0,0.23085274580221474,0.00048758782407205456,0.6226787924017549,1.3349623464493225,-0.046418259672734184,-0.034538521382235524,-0.017625128773698123,0.0604831336374527,0.0612863524160788,0.10500000000001819,1.0,NORMAL,1.0,0,,94.30958548153193,-1.4982478861575004,1,arm_c0001,morse_topology_graph,arm_c0001,arm_c0001,4.20364418289031,16.81457673156124,0.0,1.0,2.0,0.0,1.0,2.0,0.0,0.0,0.0,0.0,3.0,13.856406460551018,0.004098599749404668,0.9468196663250003,1.3349623464493225,1.6680730170241587,1.0582759604703107,1.3347173548844498,1.6680730170241587,1.3490071697070602,1.6769561130696227,1.0,,,,,,,,
137.3,stsm,stsm,arm,1,0.068669184319264956,-0.030274041824993395,-0.016497996075885299,0.4764078374956192,0.0,0.22867576199789721,0.00042426507349781076,0.6149646644299613,1.3204725289969756,-0.0457773890576113,-0.03530165018657752,-0.01807683428830728,0.060568537977355216,0.06103359205407731,0.09499999999999886,1.0,NORMAL,1.0,0,,92.88006669747499,-1.4295187840569383,1,arm_c0001,morse_topology_graph,arm_c0001,arm_c0001,4.20364418289031,16.81457673156124,0.0,1.0,2.0,0.0,1.0,2.0,0.0,0.0,0.0,0.0,3.0,13.856406460551018,0.0040321153903648006,0.9475295264863383,1.3204725289969756,1.6613972513404571,1.0657153884664226,1.320260739960156,1.6613972513404571,1.341961477191003,1.6680730170241587,1.0,,,,,,,,
137.42,stsm,stsm,arm,1,0.063789908727348923,-0.034033114633322981,-0.018427372052295263,0.47130896497527125,0.0,0.2262283031881302,0.0003628659923467675,0.6062049577118385,1.3041050918675867,-0.0487927559191631,-0.037590728083298,-0.019293759764100735,0.06454490711012223,0.062261899273093245,0.09999999999999432,1.0,NORMAL,1.0,0,,91.73793973755427,-1.1421269599207164,1,arm_c0001,morse_topology_graph,arm_c0001,arm_c0001,4.20364418289031,16.81457673156124,0.0,1.0,2.0,0.0,1.0,2.0,0.0,0.0,0.0,0.0,3.0,13.856406460551018,0.003971149367117415,0.9480662902603886,1.3041050918675867,1.65034160552771,1.0790263059589948,1.3039252707377653,1.65034160552771,1.3343495685230142,1.6613972513404571,1.0,,,,,,,,
137.5,stsm,stsm,arm,1,0.058999430610674489,-0.037688090013827294,-0.020313598723755266,0.46629648581985955,0.0,0.22382231319353257,0.00031124285678391014,0.5975046030417491,1.287934644911925,-0.04790478116674707,-0.03654975380504521,-0.018862266714601107,0.0631390344197319,0.06256883521243348,0.09999999999999432,1.0,NORMAL,1.0,0,,90.05753677979489,-1.6804029577593838,1,arm_c0001,morse_topology_graph,arm_c0001,arm_c0001,4.20364418289031,16.81457673156124,0.0,1.0,2.0,0.0,1.0,2.0,0.0,0.0,0.0,0.0,3.0,13.856406460551018,0.0035059656404417025,0.9489118991100683,1.287934644911925,1.6430985727755654,1.0876225985776558,1.2877814956302145,1.6430985727755654,1.3266093279738402,1.65034160552771,1.0,,,,,,,,
137.6,stsm,stsm,arm,1,0.054595193667459713,-0.041136890788659036,-0.022099293182149593,0.4616734801484967,0.0,0.2216032704712784,0.0002700407138578058,0.5894249620084467,1.2729717533420797,-0.044042369432150265,-0.03448800774831939,-0.017856944583944285,0.058719872730790205,0.06122025114420339,0.09999999999999432,1.0,NORMAL,1.0,0,,88.80671703504267,-1.2508197447522207,1,arm_c0001,morse_topology_graph,arm_c0001,arm_c0001,4.20364418289031,16.81457673156124,0.0,1.0,2.0,0.0,1.0,2.0,0.0,0.0,0.0,0.0,3.0,13.856406460551018,0.0026106472621799026,0.9501939258938575,1.2729717533420797,1.634738532870537,1.0982841383144488,1.27283972360812,1.634738532870537,1.3197085370337964,1.6430985727755654,1.0,,,,,,,,
137.72,stsm,stsm,arm,1,0.050583767752732378,-0.044300655435615517,-0.023748079453939447,0.457455049614777,0.0,0.21957842381509296,0.00023719165092975363,0.5820038473044636,1.2592745123852633,-0.040519453684107136,-0.03195721865612027,-0.016654406785753077,0.05422600129530964,0.05877097203261176,0.09900000000001796,1.0,NORMAL,1.0,0,,87.46229828026846,-1.3444187547742104,1,arm_c0001,morse_topology_graph,arm_c0001,arm_c0001,4.20364418289031,16.81457673156124,0.0,1.0,2.0,0.0,1.0,2.0,0.0,0.0,0.0,0.0,3.0,13.856406460551018,0.0018994004040107804,0.9513678567500986,1.2592745123852633,1.6256010376651293,1.1103367756377234,1.2591591977978829,1.6256010376651293,1.3135928808714996,1.634738532870537,1.0,,,,,,,,
137.82,stsm,stsm,arm,1,0.046863718188919018,-0.04723968892739723,-0.025291618624365214,0.453538304307547,0.0,0.21769838606762254,0.00021026732949851743,0.5750729692352559,1.2465199269399239,-0.03720049563813572,-0.029390334917818804,-0.01543539170425855,0.049859000986465896,0.05565094190393516,0.09999999999999432,1.0,NORMAL,1.0,0,,86.06521980964665,-1.397078470621807,1,arm_c0001,morse_topology_graph,arm_c0001,arm_c0001,4.20364418289031,16.81457673156124,0.0,1.0,2.0,0.0,1.0,2.0,0.0,0.0,0.0,0.0,3.0,13.856406460551018,0.001351782724432709,0.9525626916767083,1.2465199269399239,1.6185996625090804,1.1197073489524203,1.2464182198603373,1.6185996625090804,1.3078112895654403,1.6256010376651293,1.0,,,,,,,,
137.921,stsm,stsm,arm,1,0.043387659168851733,-0.04998265652004083,-0.026746898186809281,0.4498757159342455,0.0,0.21594034364843784,0.0001878493897774424,0.5685575006609198,1.2345614096333806,-0.03279300962327796,-0.02587705276079001,-0.013729052475888135,0.04397147054196392,0.0515625961044595,0.10599999999999454,1.0,NORMAL,1.0,0,,84.93264464381905,-1.1325751658276033,1,arm_c0001,morse_topology_graph,arm_c0001,arm_c0001,4.20364418289031,16.81457673156124,0.0,1.0,2.0,0.0,1.0,2.0,0.0,0.0,0.0,0.0,3.0,13.856406460551018,0.0009405823999129182,0.9538639804947413,1.2345614096333808,1.6122753655615643,1.127845136313964,1.2344709603137323,1.6122753655615643,1.3022882179556605,1.6185996625090804,1.0,,,,,,,,
138.021,stsm,stsm,arm,1,0.041101054679102134,-0.051864096652059183,-0.027737218380664008,0.44745643645666716,0.0,0.21477908949920024,0.00017432076138166735,0.5642523456602951,1.2266621923775443,-0.023818796768224095,-0.019598334708523766,-0.010315835352653013,0.032524548603421626,0.04489647488470372,0.09600000000000364,1.0,NORMAL,1.0,0,,83.9039405807789,-1.028704063040152,1,arm_c0001,morse_topology_graph,arm_c0001,arm_c0001,4.20364418289031,16.81457673156124,0.0,1.0,2.0,0.0,1.0,2.0,0.0,0.0,0.0,0.0,3.0,13.856406460551018,0.0006353304778840179,0.9552421693428524,1.2266621923775443,1.607891374839923,1.133718958923623,1.226578500474072,1.607891374839923,1.2987127566537906,1.6122753655615643,1.0,,,,,,,,
138.121,stsm,stsm,arm,1,0.038823890045381865,-0.053747880034607169,-0.028734377481743248,0.44504458594475843,0.0,0.21362140125348403,0.00016179080599814765,0.5599508053848983,1.218778583389139,-0.023001662966873834,-0.019028114975234194,-0.010072314152316617,0.03150551017100572,0.04020758958401995,0.09899999999998954,1.0,NORMAL,1.0,0,,83.19957536117657,-0.7043652196023231,1,arm_c0001,morse_topology_graph,arm_c0001,arm_c0001,4.20364418289031,16.81457673156124,0.0,1.0,2.0,0.0,1.0,2.0,0.0,0.0,0.0,0.0,3.0,13.856406460551018,0.0004704910551475224,0.9561150538051982,1.2187785833891387,1.6035229030478866,1.1397680807674904,1.218701124345647,1.6035229030478866,1.2951926728875405,1.607891374839923,1.0,,,,,,,,
138.22,stsm,stsm,arm,1,0.036748774260842915,-0.055484585501821032,-0.029654988698217366,0.44284322229784395,0.0,0.2125647467029651,0.00015112937908506608,0.5560193219936557,1.2115784203735498,-0.020344272397439914,-0.01702652418837056,-0.00902560016151062,0.0280223732684058,0.03594097815038164,0.10200000000000387,1.0,NORMAL,1.0,0,,82.49566317412389,-0.7039121870526799,1,arm_c0001,morse_topology_graph,arm_c0001,arm_c0001,4.20364418289031,16.81457673156124,0.0,1.0,2.0,0.0,1.0,2.0,0.0,0.0,0.0,0.0,3.0,13.856406460551018,0.0003385886319278277,0.9570358590889632,1.2115784203735496,1.59952451634175,1.1454249077490373,1.2115062439350361,1.59952451634175,1.2920085220998432,1.6035229030478866,1.0,,,,,,,,
138.299,stsm,stsm,arm,1,0.034675651156258896,-0.057259242270783911,-0.030591466807533746,0.44063807168246794,0.0,0.2115062744075846,0.00014113718153897106,0.5520811939933925,1.204366677264984,-0.021154317393711625,-0.018108742540435104,-0.009555899074655651,0.029440565686050583,0.033663236027413154,0.09800000000001319,1.0,NORMAL,1.0,0,,81.85090507352459,-0.6447581005993044,1,arm_c0001,morse_topology_graph,arm_c0001,arm_c0001,4.20364418289031,16.81457673156124,0.0,1.0,2.0,0.0,1.0,2.0,0.0,0.0,0.0,0.0,3.0,13.856406460551018,0.000245654803265208,0.9579154856514165,1.204366677264984,1.5962335823569198,1.1501718352923085,1.2042994332994552,1.5962335823569198,1.288767882053417,1.59952451634175,1.0,,,,,,,,
138.399,stsm,stsm,arm,1,0.032533006138181469,-0.059111333688875875,-0.031573410111665826,0.43835547415302645,0.0,0.2104106275934527,0.00013147473766942077,0.5480007087647752,1.1968982852489238,-0.021426450180775488,-0.01852091418092069,-0.009819433041321355,0.029975628345362115,0.0323705075088287,0.09999999999999432,1.0,NORMAL,1.0,0,,81.28472316136443,-0.566181912160161,1,arm_c0001,morse_topology_graph,arm_c0001,arm_c0001,4.20364418289031,16.81457673156124,0.0,1.0,2.0,0.0,1.0,2.0,0.0,0.0,0.0,0.0,3.0,13.856406460551018,0.00017944564417246973,0.9587859906160254,1.1968982852489238,1.592020573033004,1.1564413666003701,1.1968357928945712,1.592020573033004,1.2855490044442173,1.5962335823569198,1.0,,,,,,,,
138.52,stsm,stsm,arm,1,0.030576460564534974,-0.060817312917360658,-0.03248186144035374,0.43626814484018034,0.0,0.20940870952328655,0.00012320767559815914,0.5442660612102345,1.1900661232492995,-0.019565455736466068,-0.0170597922848488,-0.009084513286879665,0.02750221723129415,0.030665116488527502,0.09999999999999432,1.0,NORMAL,1.0,0,,80.60574619211523,-0.6789769692491916,1,arm_c0001,morse_topology_graph,arm_c0001,arm_c0001,4.20364418289031,16.81457673156124,0.0,1.0,2.0,0.0,1.0,2.0,0.0,0.0,0.0,0.0,3.0,13.856406460551018,0.00013738833451730576,0.9597445664096331,1.1900661232492995,1.5873866371154248,1.1634634401737305,1.1900076814827738,1.5873866371154248,1.2827309705053072,1.592020573033004,1.0,,,,,,,,
138.6,stsm,stsm,arm,1,0.028813281049373057,-0.062354104080653491,-0.033307512155022603,0.43438630565926734,0.0,0.2085054267164483,0.00011619359592303675,0.5408939374479524,1.1839018634195912,-0.017809894092546494,-0.015523143063565613,-0.008339906208777274,0.02505422786139795,0.028700540407262266,0.09899999999998954,1.0,NORMAL,1.0,0,,79.89509495367311,-0.7106512384421251,1,arm_c0001,morse_topology_graph,arm_c0001,arm_c0001,4.20364418289031,16.81457673156124,0.0,1.0,2.0,0.0,1.0,2.0,0.0,0.0,0.0,0.0,3.0,13.856406460551018,0.0001233490267963139,0.9606838651814408,1.183901863419591,1.5846328377355952,1.167477362164484,1.1838468471012498,1.5846328377355952,1.27996472760523,1.5873866371154248,1.0,,,,,,,,
138.72,stsm,stsm,arm,1,0.02736004388785479,-0.063655391697968244,-0.034000400577559042,0.4328300941429099,0.0,0.20775844518859674,0.0001106867502764134,0.538110175950134,1.178809402031917,-0.014532371615179366,-0.013012876173144571,-0.006928884225362815,0.020701067790521006,0.025899332052801198,0.10000000000002274,1.0,NORMAL,1.0,0,,79.4188381253966,-0.4762568282765045,1,arm_c0001,morse_topology_graph,arm_c0001,arm_c0001,4.20364418289031,16.81457673156124,0.0,1.0,2.0,0.0,1.0,2.0,0.0,0.0,0.0,0.0,3.0,13.856406460551018,0.00013059770760034318,0.9615286728239949,1.1788094020319169,1.5811679028784311,1.1727238296623206,1.1787570674899932,1.5811679028784311,1.2778645505156654,1.5846328377355952,1.0,,,,,,,,
138.82,stsm,stsm,arm,1,0.0260417551073924,-0.064824894291453994,-0.034632927525691609,0.43141933994327686,0.0,0.20708128317277288,0.00010591465442091766,0.5355816561254857,1.1741881938959562,-0.012798920198666438,-0.011354394111514312,-0.006141038331385323,0.01817820056218344,0.023196446919459955,0.10299999999998022,1.0,NORMAL,1.0,0,,78.88851670615388,-0.5303214192427248,1,arm_c0001,morse_topology_graph,arm_c0001,arm_c0001,4.20364418289031,16.81457673156124,0.0,1.0,2.0,0.0,1.0,2.0,0.0,0.0,0.0,0.0,3.0,13.856406460551018,0.0001510467168118046,0.9623008206947353,1.1741881938959562,1.5786685739817123,1.1764599272059613,1.1741381776491333,1.5786685739817123,1.2758637181831909,1.5811679028784311,1.0,,,,,,,,
138.88,stsm,stsm,arm,1,0.02535364940634921,-0.065454202853096097,-0.034966887339931599,0.4306802302208494,0.0,0.2067265105060077,0.00010349603892167532,0.5342606695001915,1.1717709062659702,-0.011863891397292057,-0.01085014761451506,-0.00575792783172186,0.017077217433142455,0.021053568878354724,0.058000000000021146,1.0,NORMAL,1.0,0,,78.48164958834697,-0.406867117806911,1,arm_c0001,morse_topology_graph,arm_c0001,arm_c0001,4.20364418289031,16.81457673156124,0.0,1.0,2.0,0.0,1.0,2.0,1.0,0.02397274959937806,0.0,0.004343081137318508,3.0,13.856406460551018,0.0001510467168118046,0.9623008206947353,1.1717709062659702,1.5772141126348524,1.1787086821611141,1.1717220630515175,1.5772141126348524,1.2748539410283635,1.5786685739817123,1.0,,,,,,,,
138.941,stsm,stsm,arm,1,0.024628467279779687,-0.066110310940998979,-0.035319347640716481,0.42990210846512017,0.0,0.20635301206325768,0.00010100789082399795,0.5328676626267445,1.1692237910459464,-0.012291222484229734,-0.011120476066151012,-0.005973903403133847,0.01761892902433761,0.019851104086315463,0.0589999999999975,1.0,NORMAL,1.0,0,,78.25109526405562,-0.23055432429134726,1,arm_c0001,morse_topology_graph,arm_c0001,arm_c0001,4.20364418289031,16.81457673156124,0.0,1.0,2.0,0.0,1.0,2.0,1.0,0.02397274959937806,0.0,0.004343081137318508,3.0,13.856406460551018,0.0001510467168118046,0.9623008206947353,1.1692237910459462,1.5757461329905746,1.1809152892483072,1.1691761531034797,1.5757461329905746,1.2737653415970769,1.5772141126348524,1.0,,,,,,,,
139.04,stsm,stsm,arm,1,0.024229246528292281,-0.066468397594253159,-0.035513616589392019,0.42947410981482087,0.0,0.206147572711114,9.966419814552307e-05,0.5321004368969232,1.1678217836210036,-0.00383866107199484,-0.0034431408966753086,-0.0018679706603419845,0.005484510228626171,0.01482275577759723,0.103999999999985,1.0,NORMAL,1.0,0,,78.01649115466209,-0.23460410939352982,1,arm_c0001,morse_topology_graph,arm_c0001,arm_c0001,4.20364418289031,16.81457673156124,0.0,1.0,2.0,0.0,1.0,2.0,1.0,0.02397274959937806,0.0,0.004343081137318508,3.0,13.856406460551018,0.007338793512904308,0.5190369947931129,1.1678217836210036,1.5763415786418615,1.178779604238313,1.1677747959361375,1.5763415786418615,1.272679440609329,1.5757461329905746,1.0,,,,,,,,
139.14,stsm,stsm,arm,1,0.026683675543322544,-0.071140748439116025,-0.031993261371518186,0.4311345223753812,0.0,0.20694457074018296,0.00010933039975502654,0.5368132569012002,1.1750016804165195,0.023829407912913173,-0.04536262956177159,0.03417820599877221,0.061593494847532654,0.02364111418773776,0.10300000000000864,1.0,NORMAL,1.0,0,,78.06296457646185,0.04647342179976022,1,arm_c0001,morse_topology_graph,arm_c0001,arm_c0001,4.20364418289031,16.81457673156124,0.0,1.0,2.0,0.0,1.0,2.0,1.0,0.02397274959937806,0.0,0.004343081137318508,3.0,13.856406460551018,0.00737493833188062,0.518229700946743,1.1750016804165195,1.5812640299357397,1.165068893566377,1.1749502577613384,1.5812640299357397,1.2740712154199936,1.5763415786418615,1.0,,,,,,,,
139.24,stsm,stsm,arm,1,0.028737830665711006,-0.075050329953741224,-0.029029952460192646,0.43248829847095926,0.0,0.20759438326606044,0.00011805919637894528,0.5407495037034653,1.180950244636864,0.021397449191545674,-0.04072480744401095,0.030867801159639878,0.0554001978488129,0.03400019100517575,0.09600000000000364,1.0,NORMAL,1.0,0,,78.75061694282208,0.6876523663602256,1,arm_c0001,morse_topology_graph,arm_c0001,arm_c0001,4.20364418289031,16.81457673156124,0.0,1.0,2.0,0.0,1.0,2.0,1.0,0.02397274959937806,0.0,0.004343081137318508,3.0,13.856406460551018,0.007412530548334058,0.518601870941262,1.1810107000786396,1.5853539478977396,1.153886875621188,1.1809552864775408,1.5853539478977396,1.275301702518777,1.5812640299357397,1.0,,,,,,,,
139.339,stsm,stsm,arm,1,0.030738367635920666,-0.078868390029349825,-0.026145739103165352,0.43377315895907625,0.0,0.2082111163003566,0.00012712259580317063,0.5445754064261793,1.1866868042814154,0.019235932405864888,-0.03671211611162646,0.027732820740651053,0.04986892731099829,0.0393886375393773,0.103999999999985,1.0,NORMAL,1.0,0,,79.31369154377508,0.5630746009530014,1,arm_c0001,morse_topology_graph,arm_c0001,arm_c0001,4.20364418289031,16.81457673156124,0.0,1.0,2.0,0.0,1.0,2.0,1.0,0.02397274959937806,0.0,0.004343081137318508,3.0,13.856406460551018,0.00744601120341846,0.518879017445837,1.1868246750392657,1.5891780659363983,1.1432667209571516,1.1867651315219345,1.5891780659363983,1.2765086483636876,1.5853539478977396,1.0,,,,,,,,
139.42,stsm,stsm,arm,1,0.032739813526692418,-0.082697296309970983,-0.023252421611567875,0.43502509425151736,0.0,0.20881204524072833,0.0001367854141624426,0.5483949936619423,1.1923689185683504,0.021520923556681407,-0.041171035275488474,0.031110940769859416,0.05591149194909524,0.04511343769445765,0.09300000000001774,1.0,NORMAL,1.0,0,,79.8395698191603,0.5258782753852245,1,arm_c0001,morse_topology_graph,arm_c0001,arm_c0001,4.20364418289031,16.81457673156124,0.0,1.0,2.0,0.0,1.0,2.0,1.0,0.02397274959937806,0.0,0.004343081137318508,3.0,13.856406460551018,0.007478371260059648,0.5191196141247133,1.1925947718515766,1.5920961682048016,1.134952163482871,1.1925308418751195,1.5920961682048016,1.278043486353592,1.5891780659363983,1.0,,,,,,,,
139.463,stsm,stsm,arm,1,0.033957561740798864,-0.085025269993208516,-0.021500150744959839,0.4357712836955059,0.0,0.20917021617384282,0.00014294951309131479,0.5507147866959756,1.1957992360784155,0.02029580356843999,-0.038799561387290744,0.029204514443466154,0.05263296752239482,0.047726539463889224,0.060000000000002274,1.0,NORMAL,1.0,0,,80.2462503543277,0.40668053516739633,1,arm_c0001,morse_topology_graph,arm_c0001,arm_c0001,4.20364418289031,16.81457673156124,0.0,1.0,2.0,0.0,1.0,2.0,1.0,0.02397274959937806,0.0,0.004343081137318508,3.0,13.856406460551018,0.0075039221689859525,0.519292517270849,1.1960727580534316,1.5942934049683286,1.1287656031157152,1.1960060382965656,1.5942934049683286,1.2787844511085102,1.5920961682048016,1.0,,,,,,,,
139.56,stsm,stsm,arm,1,0.035777953765901926,-0.088507512176933922,-0.018883541485506486,0.436863871585665,0.0,0.20969465836111917,0.00015259068212547397,0.5541763996169004,1.20088752024581,0.022199902745161024,-0.04246636809421557,0.0319098690177263,0.057571415144466155,0.05116481841732846,0.08199999999999363,1.0,NORMAL,1.0,0,,80.5467475385925,0.300497184264799,1,arm_c0001,morse_topology_graph,arm_c0001,arm_c0001,4.20364418289031,16.81457673156124,0.0,1.0,2.0,0.0,1.0,2.0,1.0,0.02397274959937806,0.0,0.004343081137318508,3.0,13.856406460551018,0.007524493848169165,0.5194308227779771,1.2011781434296662,1.5974045759077138,1.11969843740255,1.2011070742671643,1.5974045759077138,1.2798470577517735,1.5942934049683286,1.0,,,,,,,,
139.66,stsm,stsm,arm,1,0.038006738754371772,-0.092786892949321492,-0.015662031167476761,0.4381614529731903,0.0,0.21031749742713135,0.0001651490579618972,0.5584039276382068,1.2070480270964903,0.022512979681515968,-0.04322606840795982,0.032540508262929944,0.05860214946706123,0.053765225673832115,0.09899999999998954,1.0,NORMAL,1.0,0,,80.97637163919053,0.42962410059803346,1,arm_c0001,morse_topology_graph,arm_c0001,arm_c0001,4.20364418289031,16.81457673156124,0.0,1.0,2.0,0.0,1.0,2.0,1.0,0.02397274959937806,0.0,0.004343081137318508,3.0,13.856406460551018,0.007551991122871051,0.5196196198544953,1.207384890272896,1.6010872272321501,1.1088332451152847,1.207308183719015,1.6010872272321501,1.2811533865848364,1.5974045759077138,1.0,,,,,,,,
139.78,stsm,stsm,arm,1,0.040410016235632062,-0.097409469947864577,-0.012186028538194102,0.43951253869280377,0.0,0.2109660185725458,0.0001796258579383842,0.5629484367260512,1.2136066198493392,0.023561543933923526,-0.04531938233865598,0.034078457149828704,0.06140304560703975,0.05643750878283642,0.10200000000000387,1.0,NORMAL,1.0,0,,81.48208663061264,0.50571499142211,1,arm_c0001,morse_topology_graph,arm_c0001,arm_c0001,4.20364418289031,16.81457673156124,0.0,1.0,2.0,0.0,1.0,2.0,1.0,0.02397274959937806,0.0,0.004343081137318508,3.0,13.856406460551018,0.007585752081186688,0.519820932721605,1.213988549380639,1.6057035242943867,1.0950471981861583,1.2139053831862028,1.6057035242943867,1.2821611637618466,1.6010872272321501,1.0,,,,,,,,
139.88,stsm,stsm,arm,1,0.042764329454824335,-0.10201664047949316,-0.0086620041268418713,0.44077170177252173,0.0,0.21157041685081043,0.00019499272108081643,0.5673853726861702,1.2199224840305831,0.023310031873191025,-0.045615549818105186,0.03489133080546795,0.06198016567026757,0.0583763077928693,0.10099999999999909,1.0,NORMAL,1.0,0,,82.11007670876229,0.6279900781496508,1,arm_c0001,morse_topology_graph,arm_c0001,arm_c0001,4.20364418289031,16.81457673156124,0.0,1.0,2.0,0.0,1.0,2.0,1.0,0.02397274959937806,0.0,0.004343081137318508,3.0,13.856406460551018,0.00763055058403778,0.5200880633482148,1.2203240671856261,1.6088213710695836,1.0847673598937537,1.2202341025712498,1.6088213710695836,1.2835367251800534,1.6057035242943867,1.0,,,,,,,,
139.982,stsm,stsm,arm,1,0.044930594442169958,-0.10617979549942574,-0.0055522856726165498,0.44190436599272853,0.0,0.21211409567650968,0.00020977796635442364,0.5714540279124279,1.2256822675480206,0.02233262873551995,-0.04291912391682705,0.03205895313634074,0.05803941746972155,0.05825796034425158,0.09700000000000841,1.0,NORMAL,1.0,0,,82.54205446054927,0.43197775178697384,1,arm_c0001,morse_topology_graph,arm_c0001,arm_c0001,4.20364418289031,16.81457673156124,0.0,1.0,2.0,0.0,1.0,2.0,1.0,0.02397274959937806,0.0,0.004343081137318508,3.0,13.856406460551018,0.00766137176690889,0.5200908712676603,1.2260705948392217,1.6120160456869659,1.0743008371290124,1.2259741232094117,1.6120160456869659,1.2845904002161528,1.6088213710695836,1.0,,,,,,,,
140.082,stsm,stsm,arm,1,0.047463094123908089,-0.11109877634760833,-0.0018461879478328808,0.44316510071308585,0.0,0.2127192483422812,0.00022828841220155034,0.5761926933017286,1.2323053307692973,0.025074254274635194,-0.04870278067507552,0.03669403687904656,0.06593277952122449,0.06094411558572263,0.10099999999999909,1.0,NORMAL,1.0,0,,82.98508053362973,0.4430260730804605,1,arm_c0001,morse_topology_graph,arm_c0001,arm_c0001,4.20364418289031,16.81457673156124,0.0,1.0,2.0,0.0,1.0,2.0,1.0,0.02397274959937806,0.0,0.004343081137318508,3.0,13.856406460551018,0.007697363560516477,0.5203910771640935,1.2327860987242056,1.6153678946609813,1.0631442145799626,1.232681555284217,1.6153678946609813,1.2859949408123414,1.6120160456869659,1.0,,,,,,,,
140.16,stsm,stsm,arm,1,0.049904700402811031,-0.11588754625517117,0.0017849171333602365,0.4443154130330845,0.0,0.21327139825588057,0.0002473987882237404,0.5807272566590722,1.238561466736261,0.02393731645983185,-0.04694872458394766,0.03559906942346058,0.0635961602864031,0.061872087333682574,0.10200000000000387,1.0,NORMAL,1.0,0,,83.44180568884865,0.4567251552189191,1,arm_c0001,morse_topology_graph,arm_c0001,arm_c0001,4.20364418289031,16.81457673156124,0.0,1.0,2.0,0.0,1.0,2.0,1.0,0.02397274959937806,0.0,0.004343081137318508,3.0,13.856406460551018,0.007733401315366239,0.5206128282739206,1.2389782281361716,1.617514308170314,1.0546487837260932,1.2388802412820432,1.617514308170314,1.2875053903286555,1.6153678946609813,1.0,,,,,,,,
140.28,stsm,stsm,arm,1,0.052269762119851376,-0.12047417720031925,0.0052136194584740392,0.44539155333027264,0.0,0.21378794559853087,0.0002668212213912996,0.5850026032769032,1.2444489234270981,0.023889512293339348,-0.04632960550655115,0.034633356819335,0.06258282950284083,0.06212068258290666,0.09899999999998954,1.0,NORMAL,1.0,0,,83.74662714594008,0.3048214570914354,1,arm_c0001,morse_topology_graph,arm_c0001,arm_c0001,4.20364418289031,16.81457673156124,0.0,1.0,2.0,0.0,1.0,2.0,1.0,0.02397274959937806,0.0,0.004343081137318508,3.0,13.856406460551018,0.007760097082163476,0.5206731186974997,1.2448495669856299,1.6208037004192006,1.0425346279994048,1.2448556981444945,1.6208037004192006,1.2882608983871824,1.617514308170314,1.0,,,,,,,,
140.38,stsm,stsm,arm,1,0.054784461614226593,-0.12542367637327886,0.0089535430177565406,0.44646121412724493,0.0,0.21430138278107755,0.00028885945092225313,0.589395566836195,1.2504470231954397,0.02540100499369174,-0.049994941141011495,0.03777700564932219,0.06761514142713655,0.06404354748749247,0.09899999999998954,1.0,NORMAL,1.0,0,,84.20428197957496,0.45765483363487647,1,arm_c0001,morse_topology_graph,arm_c0001,arm_c0001,4.20364418289031,16.81457673156124,0.0,1.0,2.0,0.0,1.0,2.0,1.0,0.02397274959937806,0.0,0.004343081137318508,3.0,13.856406460551018,0.007801697520679674,0.5211065262785782,1.2509062095796346,1.622818804590888,1.0320531878719246,1.251153931101511,1.622818804590888,1.2892330332859896,1.6208037004192006,1.0,,,,,,,,
140.46,stsm,stsm,arm,1,0.057181820945630485,-0.13013897972134464,0.012502159208081495,0.4474272688830129,0.0,0.21476508906384617,0.0003109800531900617,0.5934366652664534,1.2559400032665025,0.024215750822257142,-0.047629326748130495,0.035844607983073845,0.06434120977900608,0.06414769629826096,0.09900000000001796,1.0,NORMAL,1.0,0,,84.50913309773983,0.3048511181648763,1,arm_c0001,morse_topology_graph,arm_c0001,arm_c0001,4.20364418289031,16.81457673156124,0.0,1.0,2.0,0.0,1.0,2.0,1.0,0.02397274959937806,0.0,0.004343081137318508,3.0,13.856406460551018,0.007830845030492525,0.5212529378776112,1.2563227013303186,1.6249739370110583,1.024321658578031,1.2569256030111418,1.6249739370110583,1.2906359749826375,1.622818804590888,1.0,,,,,,,,
140.58,stsm,stsm,arm,1,0.059367610482548239,-0.1344555843604856,0.015751733804246465,0.44825629466159356,0.0,0.2151630214375649,0.0003321494710739324,0.5969904563552038,1.2607419219254363,0.02185789536917878,-0.0431660463914121,0.03249574596165154,0.05828420589353261,0.062095420394508286,0.09999999999999432,1.0,NORMAL,1.0,0,,84.79183639646847,0.2827032987286344,1,arm_c0001,morse_topology_graph,arm_c0001,arm_c0001,4.20364418289031,16.81457673156124,0.0,1.0,2.0,0.0,1.0,2.0,1.0,0.02397274959937806,0.0,0.004343081137318508,3.0,13.856406460551018,0.00786265531942539,0.5215158496495929,1.2611264874791352,1.6272288503240862,1.0138193256161898,1.2621643330965968,1.6272288503240862,1.291084749129002,1.6249739370110583,1.0,,,,,,,,
140.66,stsm,stsm,arm,1,0.061541724404853171,-0.1387761057205173,0.019011424815335479,0.44902798450619896,0.0,0.2155334325629755,0.0003541755018138657,0.6003951851704512,1.2653107777414396,0.021741139223050557,-0.043205213600319384,0.03259691011089199,0.0583260333448355,0.06077600126064774,0.09999999999999432,1.0,NORMAL,1.0,0,,85.11512618380853,0.32328978734005887,1,arm_c0001,morse_topology_graph,arm_c0001,arm_c0001,4.20364418289031,16.81457673156124,0.0,1.0,2.0,0.0,1.0,2.0,1.0,0.02397274959937806,0.0,0.004343081137318508,3.0,13.856406460551018,0.007898485492503538,0.5218839861328676,1.2656485294320916,1.6283275294447699,1.006934836154908,1.2672298210048683,1.6283275294447699,1.2920351790091593,1.6272288503240862,1.0,,,,,,,,
140.779,stsm,stsm,arm,1,0.063757988408864902,-0.14315595633225922,0.022292976857907848,0.44977546472181257,0.0,0.21589222306647002,0.00037744869656285146,0.6037421592170104,1.269787295701856,0.021728078470702423,-0.04293971187982117,0.0321720788487475,0.05788757127226089,0.05976500998241644,0.10200000000000387,1.0,NORMAL,1.0,0,,85.27886891692329,0.16374273311475918,1,arm_c0001,morse_topology_graph,arm_c0001,arm_c0001,4.20364418289031,16.81457673156124,0.0,1.0,2.0,0.0,1.0,2.0,1.0,0.02397274959937806,0.0,0.004343081137318508,3.0,13.856406460551018,0.007923697608374105,0.5220377553668347,1.2700700512786431,1.6299499925126537,0.9967970067190584,1.272308642675593,1.6299499925126537,1.292281423296487,1.6283275294447699,1.0,,,,,,,,
140.879,stsm,stsm,arm,1,0.066026599754573312,-0.14765275874462944,0.025661431871330201,0.45048761832584916,0.0,0.2162340567964076,0.0004022215909172485,0.607027417558786,1.27415131427196,0.02291526611826919,-0.045422246589602935,0.034024798115380894,0.0612043854091373,0.06026876288943423,0.09899999999998954,1.0,NORMAL,1.0,0,,85.53185760288044,0.2529886859571491,1,arm_c0001,morse_topology_graph,arm_c0001,arm_c0001,4.20364418289031,16.81457673156124,0.0,1.0,2.0,0.0,1.0,2.0,1.0,0.02397274959937806,0.0,0.004343081137318508,3.0,13.856406460551018,0.007957592809371625,0.5225037500724532,1.2744237735022714,1.6310948678998842,0.987979593891275,1.277453779448956,1.6310948678998842,1.2927380036855967,1.6299499925126537,1.0,,,,,,,,
140.981,stsm,stsm,arm,1,0.068468996554072153,-0.15257763252379342,0.029386628232553461,0.4511709431832151,0.0,0.21656205272794324,0.0004301276692592103,0.6103759596557633,1.278539083236181,0.02442396799498286,-0.0492487377916286,0.037251963612224125,0.06640540022961237,0.06241606583072189,0.10000000000002274,1.0,NORMAL,1.0,0,,85.71628649284396,0.18442888996352735,1,arm_c0001,morse_topology_graph,arm_c0001,arm_c0001,4.20364418289031,16.81457673156124,0.0,1.0,2.0,0.0,1.0,2.0,1.0,0.02397274959937806,0.0,0.004343081137318508,3.0,13.856406460551018,0.007989936436869268,0.5229690315655906,1.2788127056672338,1.6319015166132134,0.9791615684039878,1.282857107604431,1.6319015166132134,1.2931832245722166,1.6310948678998842,1.0,,,,,,,,
141.079,stsm,stsm,arm,1,0.070630069597724415,-0.15688716149630599,0.03261284726314656,0.4517421880547454,0.0,0.21683625026627779,0.0004554930833204496,0.6132142403600991,1.2822481717644427,0.021829020642954444,-0.04353059568194983,0.032588071016095364,0.058595232529669125,0.061078728312951636,0.09899999999998954,1.0,NORMAL,1.0,0,,85.85602073000858,0.13973423716461753,1,arm_c0001,morse_topology_graph,arm_c0001,arm_c0001,4.20364418289031,16.81457673156124,0.0,1.0,2.0,0.0,1.0,2.0,1.0,0.02397274959937806,0.0,0.004343081137318508,3.0,13.856406460551018,0.008020499911236937,0.5231314543602165,1.2824978096971518,1.6323633663902988,0.9713564728658325,1.287541148982606,1.6323633663902988,1.2934396994839723,1.6319015166132134,1.0,,,,,,,,
141.18,stsm,stsm,arm,1,0.07285253811723752,-0.1613510214049147,0.035964183308110145,0.45227041380108857,0.0,0.21708979862452252,0.00048242046647165113,0.6159800408602731,1.2858226737523557,0.021788907054049216,-0.04376333243733856,0.03285623573493586,0.05890261423146414,0.06031703784824236,0.10200000000000387,1.0,NORMAL,1.0,0,,85.95623140068341,0.10021067067482647,1,arm_c0001,morse_topology_graph,arm_c0001,arm_c0001,4.20364418289031,16.81457673156124,0.0,1.0,2.0,0.0,1.0,2.0,1.0,0.02397274959937806,0.0,0.004343081137318508,3.0,13.856406460551018,0.008047958436934706,0.5235171761555304,1.2860581242870737,1.6325317062606617,0.9635938263184408,1.2922584005495925,1.6325317062606617,1.2936105143539423,1.6323633663902988,1.0,,,,,,,,
141.281,stsm,stsm,arm,1,0.075182751116677979,-0.16598454247566713,0.039412222653975468,0.452788062839915,0.0,0.2173382701631592,0.0005112885559804992,0.6187470692182101,1.2893846907772648,0.023777683667763484,-0.0472808272525832,0.035184074957814886,0.06355134929275677,0.06144886451188436,0.09799999999998477,1.0,NORMAL,1.0,0,,86.02111337301587,0.06488197233245785,1,arm_c0001,morse_topology_graph,arm_c0001,arm_c0001,4.20364418289031,16.81457673156124,0.0,1.0,2.0,0.0,1.0,2.0,1.0,0.02397274959937806,0.0,0.004343081137318508,3.0,13.856406460551018,0.008075114958643012,0.5238095259453444,1.2896120420697255,1.63241532347197,0.9555058565617183,1.2971318633425701,1.63241532347197,1.293666271361496,1.6325317062606617,1.0,,,,,,,,
141.379,stsm,stsm,arm,1,0.07763015090997967,-0.1709801790765634,0.043188059927245642,0.45322571637134834,0.0,0.2175483438582472,0.0005427136866935355,0.6214150029794865,1.2927317768957756,0.02423168112179914,-0.04946174852372594,0.037384527458120875,0.0665675734143874,0.06323966789102743,0.10099999999999909,1.0,NORMAL,1.0,0,,86.0600765593801,0.03896318636422791,1,arm_c0001,morse_topology_graph,arm_c0001,arm_c0001,4.20364418289031,16.81457673156124,0.0,1.0,2.0,0.0,1.0,2.0,1.0,0.02397274959937806,0.0,0.004343081137318508,3.0,13.856406460551018,0.008103251198364582,0.5243581596708144,1.2929828805254067,1.6318580018283,0.9475569483930453,1.302096860197188,1.6318580018283,1.2936236727359849,1.63241532347197,1.0,,,,,,,,
141.481,stsm,stsm,arm,1,0.079912084850639498,-0.17552937021093173,0.046567222137363751,0.4536195655536509,0.0,0.21773739146575244,0.0005723663628147309,0.6237966832858328,1.295726006668051,0.02304983778443852,-0.04595142559967176,0.03413295161734844,0.06170807826081889,0.06270328782413069,0.09900000000001796,1.0,NORMAL,1.0,0,,86.03926188166157,-0.020814677718519192,1,arm_c0001,morse_topology_graph,arm_c0001,arm_c0001,4.20364418289031,16.81457673156124,0.0,1.0,2.0,0.0,1.0,2.0,1.0,0.02397274959937806,0.0,0.004343081137318508,3.0,13.856406460551018,0.008131244486716382,0.5243637879404154,1.2959316071513325,1.6309261523230698,0.9401220184030092,1.306609386786108,1.6309261523230698,1.29339729116588,1.6318580018283,1.0,,,,,,,,
141.559,stsm,stsm,arm,1,0.082343334135813961,-0.1804905567200103,0.05030385725852346,0.4539367918819159,0.0,0.21788966010331962,0.0006048159014597899,0.6260923238146315,1.298523591701327,0.02431249285174602,-0.04961186509078845,0.037366351211599216,0.0666984157931909,0.0641011821009259,0.09999999999999432,1.0,NORMAL,1.0,0,,85.98663563865219,-0.05262624300938512,1,arm_c0001,morse_topology_graph,arm_c0001,arm_c0001,4.20364418289031,16.81457673156124,0.0,1.0,2.0,0.0,1.0,2.0,1.0,0.02397274959937806,0.0,0.004343081137318508,3.0,13.856406460551018,0.008156447455432056,0.5248659926802154,1.2987217959992496,1.6297605809757405,0.9340449220404575,1.3112759558380451,1.6297605809757405,1.2934508137133731,1.6309261523230698,1.0,,,,,,,,
141.66,stsm,stsm,arm,1,0.084577866375791996,-0.18496829057952108,0.053631850024837419,0.4542073014717223,0.0,0.2180195047064267,0.0006348953602942759,0.6280908782758448,1.300952579814288,0.02212408158394114,-0.044333998609018016,0.03295042342885137,0.0595038555283428,0.06249191331762731,0.10099999999999909,1.0,NORMAL,1.0,0,,85.87743613807856,-0.10919950057362371,1,arm_c0001,morse_topology_graph,arm_c0001,arm_c0001,4.20364418289031,16.81457673156124,0.0,1.0,2.0,0.0,1.0,2.0,1.0,0.02397274959937806,0.0,0.004343081137318508,3.0,13.856406460551018,0.00817568659292497,0.5244908051806956,1.3011326282226843,1.6282303052325247,0.9274391376393288,1.315426646726475,1.6282303052325247,1.2930571794552532,1.6297605809757405,1.0,,,,,,,,
141.76,stsm,stsm,arm,1,0.086976556718000128,-0.1898160753243156,0.057251151656232332,0.45442437811168224,0.0,0.21812370149360746,0.0006676591485998881,0.6300360426244079,1.3032517813782976,0.0237494093287936,-0.04799786876034227,0.03583466961777175,0.06443565314029556,0.06317220920682054,0.10099999999999909,1.0,NORMAL,1.0,0,,85.75025827184393,-0.12717786623463212,1,arm_c0001,morse_topology_graph,arm_c0001,arm_c0001,4.20364418289031,16.81457673156124,0.0,1.0,2.0,0.0,1.0,2.0,1.0,0.02397274959937806,0.0,0.004343081137318508,3.0,13.856406460551018,0.008200518946366999,0.5249309188472542,1.3034229555779515,1.6261308839084596,0.9205476616892342,1.319621067830961,1.6261308839084596,1.2924306422516516,1.6282303052325247,1.0,,,,,,,,
141.861,stsm,stsm,arm,1,0.089314299671391151,-0.19455419858444056,0.060791921502989871,0.45457325593915276,0.0,0.21819516285079332,0.00069990022263335,0.6317459349031387,1.305214253915718,0.023854519932558247,-0.04834819653188084,0.03613030455874553,0.06489980844814491,0.06377684486674517,0.09800000000001319,1.0,NORMAL,1.0,0,,85.56290187080862,-0.18735640103531637,1,arm_c0001,morse_topology_graph,arm_c0001,arm_c0001,4.20364418289031,16.81457673156124,0.0,1.0,2.0,0.0,1.0,2.0,1.0,0.02397274959937806,0.0,0.004343081137318508,3.0,13.856406460551018,0.008221349990400395,0.5248678279754829,1.3053921099096775,1.6236584730401291,0.9140876986307825,1.3234641562145688,1.6236584730401291,1.2916506094487894,1.6261308839084596,1.0,,,,,,,,
141.96,stsm,stsm,arm,1,0.091478608525550842,-0.19898270467215978,0.064119580867438228,0.45464239726023253,0.0,0.21822835068491162,0.0007299772716934084,0.6331383179371638,1.3067390431540014,0.02142880053623476,-0.04384659492791346,0.03294712242028106,0.05888319161671901,0.06206384839129637,0.10099999999999909,1.0,NORMAL,1.0,0,,85.33342964821894,-0.2294722225896777,1,arm_c0001,morse_topology_graph,arm_c0001,arm_c0001,4.20364418289031,16.81457673156124,0.0,1.0,2.0,0.0,1.0,2.0,1.0,0.02397274959937806,0.0,0.004343081137318508,3.0,13.856406460551018,0.008245734628129057,0.5249659700579618,1.3068760787404556,1.620865618416893,0.9082778392350904,1.3267167559788948,1.620865618416893,1.2906840730928335,1.6236584730401291,1.0,,,,,,,,
142.081,stsm,stsm,arm,1,0.093667790056091826,-0.2033982070659964,0.067404649195615493,0.45469074244072827,0.0,0.21825155637154955,0.0007603744220939597,0.6344424329802543,1.308145106214626,0.022112944752941573,-0.04460103428118267,0.03318250836543043,0.05982736368936658,0.061280972825322834,0.09899999999998954,1.0,NORMAL,1.0,0,,85.06791617231148,-0.2655134759074542,1,arm_c0001,morse_topology_graph,arm_c0001,arm_c0001,4.20364418289031,16.81457673156124,0.0,1.0,2.0,0.0,1.0,2.0,1.0,0.02397274959937806,0.0,0.004343081137318508,3.0,13.856406460551018,0.00826693058590285,0.524656447636174,1.3082849615402457,1.6171811222246188,0.9016707577734626,1.3298813345343432,1.6171811222246188,1.2892545440181675,1.620865618416893,1.0,,,,,,,,
142.18,stsm,stsm,arm,1,0.095861793875596277,-0.20793139069859284,0.070830196387636227,0.45464056034341493,0.0,0.21822746896483916,0.000790969334005983,0.6354972105284005,1.3091562091706606,0.021722810094103664,-0.044883006263331526,0.03391630883188876,0.060304898096247575,0.06093869216189466,0.10099999999999909,1.0,NORMAL,1.0,0,,84.72947660687592,-0.3384395654355643,1,arm_c0001,morse_topology_graph,arm_c0001,arm_c0001,4.20364418289031,16.81457673156124,0.0,1.0,2.0,0.0,1.0,2.0,1.0,0.02397274959937806,0.0,0.004343081137318508,3.0,13.856406460551018,0.008287216336416861,0.5246861438211675,1.309265070539519,1.6135368465149789,0.8963666608462896,1.3326940244485928,1.6135368465149789,1.2879656505873451,1.6171811222246188,1.0,,,,,,,,
142.28,stsm,stsm,arm,1,0.097990905401902612,-0.21217568786564339,0.07396017767376252,0.4546147654320881,0.0,0.21821508740740228,0.0008203983457016228,0.636507846752849,1.310158097938041,0.02129111526306456,-0.042442971670507895,0.03129981286126471,0.0568717479819183,0.05951425006877022,0.09999999999999432,1.0,NORMAL,1.0,0,,84.36957430765047,-0.35990229922545325,1,arm_c0001,morse_topology_graph,arm_c0001,arm_c0001,4.20364418289031,16.81457673156124,0.0,1.0,2.0,0.0,1.0,2.0,1.0,0.02397274959937806,0.0,0.004343081137318508,3.0,13.856406460551018,0.008307530591983976,0.5237252284263882,1.3102584082864834,1.6097633140054395,0.8914766708856166,1.335373057347221,1.6097633140054395,1.2867178626311901,1.6135368465149789,1.0,,,,,,,,
142.382,stsm,stsm,arm,1,0.10024638712411431,-0.21680137221153908,0.077437628277457163,0.4544761217035976,0.0,0.21814853841772683,0.0008515324461331256,0.6372932310220188,1.3107694235894765,0.02168732425203275,-0.04447773409514515,0.0334370250355211,0.05972138232389895,0.05958645126736698,0.10400000000001342,1.0,NORMAL,1.0,0,,84.00308843008925,-0.3664858775612174,1,arm_c0001,morse_topology_graph,arm_c0001,arm_c0001,4.20364418289031,16.81457673156124,0.0,1.0,2.0,0.0,1.0,2.0,1.0,0.02397274959937806,0.0,0.004343081137318508,3.0,13.856406460551018,0.008324040976692197,0.5237730964168181,1.310861489901329,1.605351417171315,0.8865458636535888,1.3378465423737282,1.605351417171315,1.2851513282749902,1.6097633140054395,1.0,,,,,,,,
142.48,stsm,stsm,arm,1,0.10241226273422135,-0.22115053972810414,0.080660180242048921,0.4543374958375835,0.0,0.21808199800204006,0.0008811266541895444,0.6379794601629749,1.311280080656788,0.022328614537190646,-0.044836778521298484,0.03322218520198374,0.0601050524075416,0.059767647393684044,0.09699999999997999,1.0,NORMAL,1.0,0,,83.562192974464,-0.44089545562525245,1,arm_c0001,morse_topology_graph,arm_c0001,arm_c0001,4.20364418289031,16.81457673156124,0.0,1.0,2.0,0.0,1.0,2.0,1.0,0.02397274959937806,0.0,0.004343081137318508,3.0,13.856406460551018,0.008345048939567713,0.5227624349687027,1.3113643774336565,1.6008600385720637,0.8821123477483414,1.340089598219069,1.6008600385720637,1.2836065904932827,1.605351417171315,1.0,,,,,,,,
142.56,stsm,stsm,arm,1,0.10477224100241234,-0.22584488454623275,0.084114184055153016,0.4541542603690407,0.0,0.21799404497713953,0.0009130373951674975,0.638601956574696,1.3116632993160438,0.023838164325157108,-0.047417624425532906,0.03488892740508554,0.06351319894345912,0.0610779428569474,0.09900000000001796,1.0,NORMAL,1.0,0,,83.11569012401334,-0.4465028504506563,1,arm_c0001,morse_topology_graph,arm_c0001,arm_c0001,4.20364418289031,16.81457673156124,0.0,1.0,2.0,0.0,1.0,2.0,1.0,0.02397274959937806,0.0,0.004343081137318508,3.0,13.856406460551018,0.008361326440539338,0.522116660772558,1.3117456164116468,1.596712806197241,0.8784603729981955,1.3423398852778743,1.596712806197241,1.2823146702212393,1.6008600385720637,1.0,,,,,,,,
142.68,stsm,stsm,arm,1,0.10734844835881184,-0.23097608235430456,0.087892760336128806,0.45388731187097997,0.0,0.21786590969807038,0.0009474143059828061,0.6390705835242891,1.3117712193993223,0.025762073563996506,-0.051311978080720994,0.03778576280976005,0.06873403378231635,0.0637573546551494,0.09999999999999432,1.0,NORMAL,1.0,0,,82.68528099900271,-0.4304091250106268,1,arm_c0001,morse_topology_graph,arm_c0001,arm_c0001,4.20364418289031,16.81457673156124,0.0,1.0,2.0,0.0,1.0,2.0,1.0,0.02397274959937806,0.0,0.004343081137318508,3.0,13.856406460551018,0.008376633020759123,0.5213517355024093,1.3118659050642298,1.5895312531607306,0.8729016653963724,1.3445045574136094,1.5895312531607306,1.2797008452587355,1.596712806197241,1.0,,,,,,,,
142.781,stsm,stsm,arm,1,0.10980510504339225,-0.23599698637629063,0.091661008949076361,0.45350490072344746,0.0,0.21768235234725478,0.0009796003748688584,0.6391639118815083,1.3113307653270794,0.024814713985663307,-0.05071620224228892,0.038063117302504584,0.06809334841858822,0.06527409641856549,0.09899999999998954,1.0,NORMAL,1.0,0,,81.9834002433307,-0.7018807556720077,1,arm_c0001,morse_topology_graph,arm_c0001,arm_c0001,4.20364418289031,16.81457673156124,0.0,1.0,2.0,0.0,1.0,2.0,1.0,0.02397274959937806,0.0,0.004343081137318508,3.0,13.856406460551018,0.008395180467709889,0.5204581875826799,1.311403073800677,1.5832748124369056,0.8687356534055068,1.346070332333119,1.5832748124369056,1.277370967994052,1.5895312531607306,1.0,,,,,,,,
142.882,stsm,stsm,arm,1,0.11214812216940309,-0.24060509400970564,0.09502013628224211,0.4531767421304002,0.0,0.21752483622259208,0.00100976368580062,0.63928859993214,1.310999941970933,0.023430171260103105,-0.04608107633413967,0.033591273331649844,0.06165072720927288,0.06400441906647675,0.10000000000002274,1.0,NORMAL,1.0,0,,81.34556677561493,-0.6378334677157795,1,arm_c0001,morse_topology_graph,arm_c0001,arm_c0001,4.20364418289031,16.81457673156124,0.0,1.0,2.0,0.0,1.0,2.0,1.0,0.02397274959937806,0.0,0.004343081137318508,3.0,13.856406460551018,0.008182567252138407,0.5187257493900618,1.3110753602655547,1.577011386867369,0.8650355366731223,1.3475589278494382,1.577011386867369,1.275170302913871,1.5832748124369056,1.0,,,,,,,,
142.98,stsm,stsm,arm,1,0.11460656027641956,-0.24553083076100291,0.098658519835212316,0.45272627788430286,0.0,0.21730861338446536,0.0010406467520748654,0.6391202563153429,1.310195794336186,0.024584381070166122,-0.04925736751297541,0.03638383552970413,0.065988359085251,0.06469879609136482,0.09999999999999432,1.0,NORMAL,1.0,0,,80.71567425845916,-0.629892517155767,1,arm_c0001,morse_topology_graph,arm_c0001,arm_c0001,4.20364418289031,16.81457673156124,0.0,1.0,2.0,0.0,1.0,2.0,1.0,0.02397274959937806,0.0,0.004343081137318508,3.0,13.856406460551018,0.006881908407962305,0.5193822121196849,1.3102541801264413,1.570397394854306,0.861559928351841,1.3486939667486952,1.570397394854306,1.2727263675203209,1.577011386867369,1.0,,,,,,,,
143.06,stsm,stsm,arm,1,0.11670534080414813,-0.24966597992119169,0.10165540948098968,0.4523319786026602,0.0,0.2171193497292769,0.0010663484084670084,0.6389341644837955,1.3094518412241996,0.02078000522503547,-0.04094207089295862,0.029672174710667243,0.054667172400051124,0.06118685694576765,0.10099999999999909,1.0,NORMAL,1.0,0,,80.03839653421518,-0.6772777242439787,1,arm_c0001,morse_topology_graph,arm_c0001,arm_c0001,4.20364418289031,16.81457673156124,0.0,1.0,2.0,0.0,1.0,2.0,1.0,0.02397274959937806,0.0,0.004343081137318508,3.0,13.856406460551018,0.005641744215519264,0.5191287360706465,1.3095010071465727,1.5656218048758652,0.8593023006315936,1.3495528746475962,1.5656218048758652,1.270994496825407,1.570397394854306,1.0,,,,,,,,
143.16,stsm,stsm,arm,1,0.11860969683152585,-0.25343670456141132,0.10438408661296134,0.4519268527573731,0.0,0.21692488932353907,0.001089027630678637,0.6386369459622182,1.308577715673809,0.019043560273778293,-0.03770724640219845,0.027286771319718097,0.05028977538418445,0.0573725346336825,0.09999999999999432,1.0,NORMAL,1.0,0,,79.5361199506,-0.5022765836151848,1,arm_c0001,morse_topology_graph,arm_c0001,arm_c0001,4.20364418289031,16.81457673156124,0.0,1.0,2.0,0.0,1.0,2.0,1.0,0.02397274959937806,0.0,0.004343081137318508,3.0,13.856406460551018,0.004716681892827805,0.5193458205603366,1.308616889270735,1.560043056869374,0.8568834135124284,1.3501312350984775,1.560043056869374,1.268918648687754,1.5656218048758652,1.0,,,,,,,,
143.26,stsm,stsm,arm,1,0.12038312732711653,-0.25695302713277668,0.10691883037826223,0.4515150058722524,0.0,0.21672720281868116,0.0011095813905552532,0.6382655171813805,1.3076173072628694,0.01773430495590787,-0.0351632257136556,0.02534743765301042,0.04683428883234888,0.05368389161798467,0.09999999999999432,1.0,NORMAL,1.0,0,,78.96577579978585,-0.5703441508141509,1,arm_c0001,morse_topology_graph,arm_c0001,arm_c0001,4.20364418289031,16.81457673156124,0.0,1.0,2.0,0.0,1.0,2.0,1.0,0.02397274959937806,0.0,0.004343081137318508,3.0,13.856406460551018,0.003966783474169709,0.519644714231315,1.307648217491499,1.5546947300528446,0.8547644529660336,1.3505166745912636,1.5546947300528446,1.2669060187754102,1.560043056869374,1.0,,,,,,,,
143.359,stsm,stsm,arm,1,0.1221166249399319,-0.26039407997455721,0.10939142463757158,0.4510805327660341,0.0,0.21651865572769635,0.0011291342984032832,0.6378139309057773,1.306542253697911,0.01733497612815467,-0.0344105284178073,0.02472594259309487,0.045781634969422384,0.05091790582733148,0.09999999999999432,1.0,NORMAL,1.0,0,,78.41725153810194,-0.5485242616839088,1,arm_c0001,morse_topology_graph,arm_c0001,arm_c0001,4.20364418289031,16.81457673156124,0.0,1.0,2.0,0.0,1.0,2.0,1.0,0.02397274959937806,0.0,0.004343081137318508,3.0,13.856406460551018,0.003348314277477618,0.5198354346590671,1.3065670915637457,1.5493331853297598,0.852813771871142,1.3507517081029774,1.5493331853297598,1.2648664392169062,1.5546947300528446,1.0,,,,,,,,
143.479,stsm,stsm,arm,1,0.12369273735928489,-0.26352349920679141,0.11162904996150619,0.4506596134538033,0.0,0.21631661445782557,0.0011464183384037917,0.6373348422829053,1.305457488532938,0.015920327468209105,-0.03161029527508718,0.022602275999335376,0.04199441003780556,0.04779448008409523,0.09900000000001796,1.0,NORMAL,1.0,0,,77.86577966615768,-0.5514718719442584,1,arm_c0001,morse_topology_graph,arm_c0001,arm_c0001,4.20364418289031,16.81457673156124,0.0,1.0,2.0,0.0,1.0,2.0,1.0,0.02397274959937806,0.0,0.004343081137318508,3.0,13.856406460551018,0.0028183626106015516,0.5199443106713166,1.305479138912672,1.544361486979538,0.8508381993611047,1.3508507150264295,1.544361486979538,1.262882385069936,1.5493331853297598,1.0,,,,,,,,
143.58,stsm,stsm,arm,1,0.12512835816227208,-0.26637578142352419,0.11365860239003782,0.45025412461321124,0.0,0.2161219798143414,0.0011617277546055631,0.636842319617549,1.3043801517997071,0.014214067356308932,-0.028240417987453543,0.020094578500313355,0.037461353472893005,0.04417769002615389,0.10099999999999909,1.0,NORMAL,1.0,0,,77.35702190026159,-0.5087577658960925,1,arm_c0001,morse_topology_graph,arm_c0001,arm_c0001,4.20364418289031,16.81457673156124,0.0,1.0,2.0,0.0,1.0,2.0,1.0,0.02397274959937806,0.0,0.004343081137318508,3.0,13.856406460551018,0.002400756425376349,0.5200472547386122,1.3043951779941894,1.538861306851698,0.8494525393165491,1.3508396089695232,1.538861306851698,1.2608871582829901,1.544361486979538,1.0,,,,,,,,
143.682,stsm,stsm,arm,1,0.1264563653157714,-0.2690242003600285,0.1155410116927281,0.44985539083744935,0.0,0.21593058760197567,0.0011754984026986046,0.636325157888793,1.3032866347309167,0.01328007153499392,-0.02648418936504455,0.01882409302690384,0.035101553592164894,0.041000937452012734,0.09999999999999432,1.0,NORMAL,1.0,0,,76.79617514450015,-0.5608467557614318,1,arm_c0001,morse_topology_graph,arm_c0001,arm_c0001,4.20364418289031,16.81457673156124,0.0,1.0,2.0,0.0,1.0,2.0,1.0,0.02397274959937806,0.0,0.004343081137318508,3.0,13.856406460551018,0.0020731832575859995,0.520201792218507,1.3032993716996422,1.5354054159534947,0.8482294757055706,1.3507346399392957,1.5354054159534947,1.2594172258245007,1.538861306851698,1.0,,,,,,,,
143.783,stsm,stsm,arm,1,0.12766036701748679,-0.27142848715438395,0.11724419169425501,0.4494771628332656,0.0,0.2157490381599675,0.0011876572084892991,0.6358141078696565,1.302227966071379,0.012161633350661793,-0.024285725195512142,0.017203838399263597,0.03215079827462825,0.03790329297575329,0.09899999999998954,1.0,NORMAL,1.0,0,,76.42884420539464,-0.3673309391055142,1,arm_c0001,morse_topology_graph,arm_c0001,arm_c0001,4.20364418289031,16.81457673156124,0.0,1.0,2.0,0.0,1.0,2.0,1.0,0.02397274959937806,0.0,0.004343081137318508,3.0,13.856406460551018,0.0018150627106291338,0.5201392338650224,1.302237389174849,1.5307668208419254,0.8472040288849851,1.3505659080688333,1.5307668208419254,1.2576935367426483,1.5354054159534947,1.0,,,,,,,,
143.882,stsm,stsm,arm,1,0.12866021520745508,-0.27341383628641813,0.11863244619149468,0.4491590118625969,0.0,0.2155963256940465,0.0011975149433521345,0.6353879278511139,1.3013407803511094,0.009802433234982852,-0.019464207176805012,0.013610338208231558,0.025694053095810552,0.033629747439381644,0.10200000000000387,1.0,NORMAL,1.0,0,,75.95247832813268,-0.476365877261955,1,arm_c0001,morse_topology_graph,arm_c0001,arm_c0001,4.20364418289031,16.81457673156124,0.0,1.0,2.0,0.0,1.0,2.0,1.0,0.02397274959937806,0.0,0.004343081137318508,3.0,13.856406460551018,0.0016186186175923755,0.5200042350105647,1.3013475448718432,1.5274070366720607,0.8463615992840113,1.3504032988306753,1.5274070366720607,1.2563798699146478,1.5307668208419254,1.0,,,,,,,,
143.979,stsm,stsm,arm,1,0.12969469101625225,-0.27548752113454211,0.12009035192431849,0.4488080131911454,0.0,0.21542784633174977,0.0012074353016405242,0.6348896775823706,1.3003329724069062,0.010344758087972339,-0.02073684848124098,0.014579057328238939,0.027378455351109436,0.031441725749569306,0.09999999999999432,1.0,NORMAL,1.0,0,,75.60342545790188,-0.3490528702308069,1,arm_c0001,morse_topology_graph,arm_c0001,arm_c0001,4.20364418289031,16.81457673156124,0.0,1.0,2.0,0.0,1.0,2.0,1.0,0.02397274959937806,0.0,0.004343081137318508,3.0,13.856406460551018,0.0014825403031946325,0.5202017273289133,1.3003377020369684,1.524106015398944,0.8455673624962404,1.350153153478262,1.524106015398944,1.2550410583526037,1.5274070366720607,1.0,,,,,,,,
144.082,stsm,stsm,arm,1,0.13045003440517394,-0.27698990480418945,0.12112975694796528,0.44855218389933166,0.0,0.21530504827167918,0.00121452700505655,0.6345365115620956,1.2996082707381629,0.007553433889215203,-0.01502383669646992,0.010394050236465498,0.01976882173826021,0.02735591911304968,0.10000000000002274,1.0,NORMAL,1.0,0,,75.25614822890516,-0.34727722899671676,1,arm_c0001,morse_topology_graph,arm_c0001,arm_c0001,4.20364418289031,16.81457673156124,0.0,1.0,2.0,0.0,1.0,2.0,1.0,0.02397274959937806,0.0,0.004343081137318508,3.0,13.856406460551018,0.0013674912720539377,0.5199701993208111,1.2996120127635895,1.5214756838664898,0.8449764163521807,1.3499690787885477,1.5214756838664898,1.2540082979427019,1.524106015398944,1.0,,,,,,,,
144.119,stsm,stsm,arm,1,0.13096454598648188,-0.27801956863544486,0.12184406479122377,0.4483709877692475,0.0,0.2152180741292388,0.0012192627469295987,0.6342786723582975,1.2990869970037133,0.00803924345793747,-0.016088497363367583,0.011161060050915108,0.021166918629011856,0.0251896658056559,0.06399999999999295,1.0,NORMAL,1.0,0,,74.9825041000148,-0.2736441288903677,1,arm_c0001,morse_topology_graph,arm_c0001,arm_c0001,4.20364418289031,16.81457673156124,0.0,1.0,2.0,0.0,1.0,2.0,1.0,0.0232708499747015,0.0,0.0070317157356131026,3.0,13.856406460551018,0.0013674912720539377,0.5199701993208111,1.2990898574522993,1.5203046512975391,0.8447187486345532,1.3498178764648994,1.5203046512975391,1.2534827834623228,1.5214756838664898,1.0,,,,,,,,
144.121,stsm,stsm,arm,1,0.13113510246192561,-0.27836282461869782,0.12208341762747078,0.448309191870339,0.0,0.2151884120977627,0.0012208152670744362,0.634188310376659,1.298906729611835,0.014213039620310154,-0.0286046652710794,0.019946069687250437,0.037657443706226965,0.02955334870888564,0.012000000000000455,1.0,NORMAL,1.0,0,,74.85210368449076,-0.13040041552403636,1,arm_c0001,morse_topology_graph,arm_c0001,arm_c0001,4.20364418289031,16.81457673156124,0.0,1.0,2.0,0.0,1.0,2.0,1.0,0.0232708499747015,0.0,0.0070317157356131026,3.0,13.856406460551018,0.0013674912720539377,0.5199701993208111,1.2989109998658868,1.5197157324959314,0.8445899633278802,1.349762989735165,1.5197157324959314,1.2532449213562158,1.5203046512975391,1.0,,,,,,,,
144.22,stsm,stsm,arm,1,0.13213326084858101,-0.27833596210708794,0.12273804625760612,0.44917400179306455,0.0,0.21560352086067097,0.0012523579965465449,0.6345741589416232,1.3006040395919052,0.011342708939266713,0.00030525581374867987,0.007438961706083895,0.013567917248322639,0.022344130851164448,0.08799999999999386,1.0,NORMAL,1.0,0,,74.79037218252058,-0.061731501970172076,1,arm_c0001,morse_topology_graph,arm_c0001,arm_c0001,4.20364418289031,16.81457673156124,0.0,1.0,2.0,0.0,1.0,2.0,1.0,0.0232708499747015,0.0,0.0070317157356131026,3.0,13.856406460551018,0.017969265460987902,-0.6619193657056688,1.3006355172961044,1.5205529545498369,0.8442476609862447,1.3518693144855,1.5205529545498369,1.2543263618294214,1.5197157324959314,1.0,,,,,,,,
144.32,stsm,stsm,arm,1,0.13694912355851141,-0.27378519275872487,0.12428676244398378,0.456031410833795,0.0,0.21889507720022158,0.0014735229322427822,0.6382883419028901,1.3146883528691495,0.048158627099306704,0.045507693483633295,0.015487161863777429,0.06804451273163208,0.028551126310767467,0.09999999999999432,1.0,NORMAL,1.0,0,,74.96943027618032,0.17905809365973369,1,arm_c0001,morse_topology_graph,arm_c0001,arm_c0001,4.20364418289031,16.81457673156124,0.0,1.0,2.0,0.0,1.0,2.0,1.0,0.0232708499747015,0.0,0.0070317157356131026,3.0,13.856406460551018,0.017981256476401853,-0.6627909744195881,1.3157260245000109,1.5348634180739746,0.8433741096480868,1.3680508393619406,1.5348634180739746,1.2655035978960032,1.5205529545498369,1.0,,,,,,,,
144.42,stsm,stsm,arm,1,0.14170638253284601,-0.26924534168921532,0.12581824749839979,0.46285865869702947,0.0,0.22217215617457414,0.001731721399541817,0.6417185524632565,1.328481088734402,0.0475725897433487,0.045398510695098065,0.015314850544160995,0.06751829911521681,0.04069919073220516,0.09999999999999432,1.0,NORMAL,1.0,0,,77.08200958747334,2.1125793112930182,1,arm_c0001,morse_topology_graph,arm_c0001,arm_c0001,4.20364418289031,16.81457673156124,0.0,1.0,2.0,0.0,1.0,2.0,1.0,0.0232708499747015,0.0,0.0070317157356131026,3.0,13.856406460551018,0.01799252815163242,-0.6628149343645164,1.3312383120415778,1.5501329065141118,0.8423583851637104,1.3846203363718717,1.5501329065141118,1.2770874850228178,1.5348634180739746,1.0,,,,,,,,
144.543,stsm,stsm,arm,1,0.14607979814424865,-0.2650567388531137,0.12722779001523196,0.46916564127385496,0.0,0.22519950781145037,0.00200978266037667,0.6446587947387966,1.3410337264844787,0.04373415611401648,0.041886028361006654,0.014095425168318534,0.062175532113041755,0.04788094447605939,0.10000000000002274,1.0,NORMAL,1.0,0,,79.26836866522112,2.186359077747781,1,arm_c0001,morse_topology_graph,arm_c0001,arm_c0001,4.20364418289031,16.81457673156124,0.0,1.0,2.0,0.0,1.0,2.0,1.0,0.0232708499747015,0.0,0.0070317157356131026,3.0,13.856406460551018,0.01800273952860614,-0.6628609056819568,1.3446495703359331,1.56694586163415,0.8410967078121482,1.3989826986815839,1.56694586163415,1.287918709615954,1.5501329065141118,1.0,,,,,,,,
144.62,stsm,stsm,arm,1,0.15008144527516976,-0.26117946770814504,0.128522412512804,0.4749800330255484,0.0,0.22799041585226323,0.002305028305882799,0.6471628111135095,1.352438288297204,0.04001647130921332,0.03877271144968884,0.01294622497572108,0.05720354770749721,0.051032904962391205,0.09999999999999432,1.0,NORMAL,1.0,0,,81.56858502169341,2.3002163564722906,1,arm_c0001,morse_topology_graph,arm_c0001,arm_c0001,4.20364418289031,16.81457673156124,0.0,1.0,2.0,0.0,1.0,2.0,1.0,0.0232708499747015,0.0,0.0070317157356131026,3.0,13.856406460551018,0.018018328308382844,-0.6628121425393947,1.356471069252902,1.5766945319455423,0.8402234002461537,1.4116556453522493,1.5766945319455423,1.296261161699212,1.56694586163415,1.0,,,,,,,,
144.74,stsm,stsm,arm,1,0.15420837661382386,-0.25725981951131449,0.12984969006323024,0.4809445697019975,0.0,0.2308533934569588,0.0026531252314034234,0.6495734461008215,1.3640245344911812,0.041269313386543396,0.039196481968307724,0.013272775504263234,0.05844387902659416,0.05359230901678604,0.09999999999999432,1.0,NORMAL,1.0,0,,83.15596191169307,1.5873768899996605,1,arm_c0001,morse_topology_graph,arm_c0001,arm_c0001,4.20364418289031,16.81457673156124,0.0,1.0,2.0,0.0,1.0,2.0,1.0,0.0232708499747015,0.0,0.0070317157356131026,3.0,13.856406460551018,0.018028360939256236,-0.662844450526608,1.3683664512068132,1.5934691572171409,0.8388234270779599,1.4244029818770032,1.5934691572171409,1.3062655043447293,1.5766945319455423,1.0,,,,,,,,
144.82,stsm,stsm,arm,1,0.15825852290963488,-0.25335646186073446,0.13115850938987544,0.48684601099153363,0.0,0.23368608527593612,0.003048704903099845,0.6517488589311428,1.3753296601017124,0.040501462958112494,0.039033576505802525,0.013088193266452742,0.05775196446495752,0.05503106478945195,0.09999999999999432,1.0,NORMAL,1.0,0,,85.43224830549973,2.2762863938066573,1,arm_c0001,morse_topology_graph,arm_c0001,arm_c0001,4.20364418289031,16.81457673156124,0.0,1.0,2.0,0.0,1.0,2.0,1.0,0.0232708499747015,0.0,0.0070317157356131026,3.0,13.856406460551018,0.01804352193237776,-0.6628311887132147,1.3796036807865268,1.6038003228546196,0.83781774289107,1.436452590419743,1.6038003228546196,1.3144185842379899,1.5934691572171409,1.0,,,,,,,,
144.921,stsm,stsm,arm,1,0.16241525736708656,-0.24940942818254092,0.13249535323447961,0.49288071408083745,0.0,0.23658274275880198,0.003514264144670362,0.6538009069594368,1.3867786279437466,0.041567344574519195,0.0394703367819377,0.013368438446042446,0.058859721092968324,0.05636645683088455,0.09999999999999432,1.0,NORMAL,1.0,0,,87.1006237148116,1.6683754093118779,1,arm_c0001,morse_topology_graph,arm_c0001,arm_c0001,4.20364418289031,16.81457673156124,0.0,1.0,2.0,0.0,1.0,2.0,1.0,0.0232708499747015,0.0,0.0070317157356131026,3.0,13.856406460551018,0.018052276835935115,-0.6629103276064557,1.3916987747847325,1.6187659650818156,0.8364973136257159,1.4493493362270042,1.6187659650818156,1.324077847429817,1.6038003228546196,1.0,,,,,,,,
145.02,stsm,stsm,arm,1,0.16683716724302586,-0.24518078659008796,0.13392100674919877,0.4993312358989327,0.0,0.23967899323148767,0.004090190385607151,0.6557663719958499,1.3988667915118773,0.044219098759382895,0.04228641592451991,0.01425653514718831,0.06282291350483965,0.05862353429645216,0.10000000000002274,1.0,NORMAL,1.0,0,,89.20589980234605,2.105276087534449,1,arm_c0001,morse_topology_graph,arm_c0001,arm_c0001,4.20364418289031,16.81457673156124,0.0,1.0,2.0,0.0,1.0,2.0,1.0,0.0232708499747015,0.0,0.0070317157356131026,3.0,13.856406460551018,0.01806917217508454,-0.6629002684580453,1.4041635810125048,1.6350890735209793,0.8350030683256865,1.4626306702071097,1.6350890735209793,1.33422159826657,1.6350890735209793,1.0,,,,,,,,
145.121,stsm,stsm,arm,1,0.17128321330143376,-0.24089602485593026,0.13535906243648466,0.505848337883902,0.0,0.24280720218427299,0.0047672407318923166,0.6575129510900404,1.4109357318901077,0.04446046058408151,0.042847617341579484,0.014380556872859702,0.06339914260597411,0.06029328004436047,0.09999999999999432,1.0,NORMAL,1.0,0,,91.49551500148327,2.2896151991372165,1,arm_c0001,morse_topology_graph,arm_c0001,arm_c0001,4.20364418289031,16.81457673156124,0.0,1.0,2.0,0.0,1.0,2.0,1.0,0.0232708499747015,0.0,0.0070317157356131026,3.0,13.856406460551018,0.018085998855821118,-0.6629163977565798,1.4164871108150185,1.652078091485361,0.8334129928610174,1.47573272027227,1.652078091485361,1.3444277288584168,1.6350890735209793,1.0,,,,,,,,
145.242,stsm,stsm,arm,1,0.17569697330887019,-0.23669953658628767,0.13678002265528924,0.5122945533468408,0.0,0.24590138560648359,0.005546435370570146,0.6590332659609185,1.422775640284813,0.0441376000743668,0.04196488269642823,0.014209602188046653,0.06253872331917455,0.061079032996817564,0.09999999999999432,1.0,NORMAL,1.0,0,,93.85813145492354,2.3626164534402676,1,arm_c0001,morse_topology_graph,arm_c0001,arm_c0001,4.20364418289031,16.81457673156124,0.0,1.0,2.0,0.0,1.0,2.0,1.0,0.0232708499747015,0.0,0.0070317157356131026,3.0,13.856406460551018,0.018102017963503813,-0.6629541461788108,1.4284229698018707,1.6736540448313975,0.831453320362543,1.4883906351648792,1.6736540448313975,1.3554802425401726,1.652078091485361,1.0,,,,,,,,
145.341,stsm,stsm,arm,1,0.18030870804887589,-0.23220493986557855,0.13827925161387705,0.5191029304227293,0.0,0.24916940660291004,0.0065063299805624055,0.660361562415308,1.4351402294215097,0.04611734740005964,0.04494596720709376,0.014992289585878968,0.06611897190992756,0.0628416139356802,0.09999999999999432,1.0,NORMAL,1.0,0,,96.65009169572362,2.79196024080008,1,arm_c0001,morse_topology_graph,arm_c0001,arm_c0001,4.20364418289031,16.81457673156124,0.0,1.0,2.0,0.0,1.0,2.0,1.0,0.0232708499747015,0.0,0.0070317157356131026,3.0,13.856406460551018,0.018123708146569974,-0.6629371922247523,1.4407262566113122,1.6916499710950195,0.8297119110263349,1.5013932116147959,1.6916499710950195,1.3658703375868657,1.6736540448313975,1.0,,,,,,,,
145.42,stsm,stsm,arm,1,0.18436456070306617,-0.22833559388144559,0.13958786146240981,0.5250477287115926,0.0,0.25202290978156444,0.007477763975332472,0.6613409207327805,1.44588932320127,0.04055852654190514,0.03869345984133186,0.013086098485328346,0.05756234779185868,0.06099383472139641,0.09999999999999432,1.0,NORMAL,1.0,0,,99.14338909778205,2.493297402058431,1,arm_c0001,morse_topology_graph,arm_c0001,arm_c0001,4.20364418289031,16.81457673156124,0.0,1.0,2.0,0.0,1.0,2.0,1.0,0.0232708499747015,0.0,0.0070317157356131026,3.0,13.856406460551018,0.01814114812941981,-0.662988107281112,1.4513340582447893,1.704559996939699,0.8284546200415744,1.5125581269627868,1.704559996939699,1.3742267005472124,1.6916499710950195,1.0,,,,,,,,
145.541,stsm,stsm,arm,1,0.18855571447313496,-0.22433308135688099,0.14094039353762527,0.5311975401737415,0.0,0.25497481928339594,0.008632818468267713,0.6621518892883892,1.4569570672137944,0.04191153770067837,0.040025125245636894,0.013525320752151548,0.05951068765199143,0.06047472288278146,0.10000000000002274,1.0,NORMAL,1.0,0,,101.05040179739584,1.9070126996137873,1,arm_c0001,morse_topology_graph,arm_c0001,arm_c0001,4.20364418289031,16.81457673156124,0.0,1.0,2.0,0.0,1.0,2.0,1.0,0.0232708499747015,0.0,0.0070317157356131026,3.0,13.856406460551018,0.018155395823615396,-0.663068956275566,1.4627897023897694,1.7266986318540944,0.8264870215266589,1.5245286067761261,1.7266986318540944,1.3851259906366622,1.704559996939699,1.0,,,,,,,,
145.639,stsm,stsm,arm,1,0.19265999121523156,-0.22036093536733731,0.14227262582222985,0.537252743719785,0.0,0.2578813169854968,0.00994069682724585,0.6627359956920204,1.4678107532245481,0.041042767420968296,0.03972145989543905,0.013322322846046545,0.05864970093539235,0.059835719428697844,0.09999999999999432,1.0,NORMAL,1.0,0,,103.83763058514437,2.787228787748532,1,arm_c0001,morse_topology_graph,arm_c0001,arm_c0001,4.20364418289031,16.81457673156124,0.0,1.0,2.0,0.0,1.0,2.0,1.0,0.0232708499747015,0.0,0.0070317157356131026,3.0,13.856406460551018,0.01817615121553247,-0.6630843371061991,1.4734550382704978,1.7444720325309784,0.8248297573605748,1.53563276503431,1.7444720325309784,1.3945973982990902,1.7266986318540944,1.0,,,,,,,,
145.741,stsm,stsm,arm,1,0.19677467550428668,-0.21641419498710066,0.14360384178236502,0.5433040254933295,0.0,0.26078593223679813,0.011440481771160806,0.66313045751538,1.4786608970166686,0.041146842890553544,0.03946740380236876,0.013312159601352382,0.058548716775101116,0.05938526679131268,0.09999999999999432,1.0,NORMAL,1.0,0,,106.20623946433477,2.368608879190404,1,arm_c0001,morse_topology_graph,arm_c0001,arm_c0001,4.20364418289031,16.81457673156124,0.0,1.0,2.0,0.0,1.0,2.0,1.0,0.0232708499747015,0.0,0.0070317157356131026,3.0,13.856406460551018,0.018193995889677624,-0.6631363345093783,1.4838560328282036,1.7624156637662058,0.8231804329664575,1.5463997892325936,1.7624156637662058,1.403962979698365,1.7444720325309784,1.0,,,,,,,,
145.82,stsm,stsm,arm,1,0.20086950718635799,-0.21247914271749363,0.1449298618326475,0.5493299040462022,0.0,0.26367835394217704,0.013151948068761462,0.6633242704164966,1.489484476473637,0.04094831682071542,0.03935052269607249,0.013260200502825592,0.05831861799013191,0.059011936811456556,0.09999999999999432,1.0,NORMAL,1.0,0,,108.58726766793797,2.3810282036031936,1,arm_c0001,morse_topology_graph,arm_c0001,arm_c0001,4.20364418289031,16.81457673156124,0.0,1.0,2.0,0.0,1.0,2.0,1.0,0.0232708499747015,0.0,0.0070317157356131026,3.0,13.856406460551018,0.018211950372589863,-0.6632013433322698,1.4947568240945568,1.776774590892507,0.8218574238582694,1.557584540587912,1.776774590892507,1.4127433448583113,1.7624156637662058,1.0,,,,,,,,
145.942,stsm,stsm,arm,1,0.20498607646642944,-0.20853725438510334,0.14626060562070842,0.5553779728713912,0.0,0.2665814269782678,0.015117775132879773,0.6633245469247042,1.500401721907243,0.041165692800716865,0.039418883323905106,0.01330743788060993,0.05852820285309407,0.058842618262362055,0.09999999999999432,1.0,NORMAL,1.0,0,,110.5985327202879,2.011265052349941,1,arm_c0001,morse_topology_graph,arm_c0001,arm_c0001,4.20364418289031,16.81457673156124,0.0,1.0,2.0,0.0,1.0,2.0,1.0,0.0232708499747015,0.0,0.0070317157356131026,3.0,13.856406460551018,0.018226917206310665,-0.6633121230435775,1.5056764139839682,1.7994477967946745,0.8198941262170896,1.5687003478618742,1.7994477967946745,1.4234296712144017,1.776774590892507,1.0,,,,,,,,
146.041,stsm,stsm,arm,1,0.20902497829855288,-0.20459713243570188,0.14757831011294548,0.5613489668975357,0.0,0.2694475041108171,0.017336297537843333,0.6631128902185511,1.5112456587647474,0.04038901832122519,0.03940121949400569,0.0131770449223676,0.05794275978457681,0.05852722302790393,0.10000000000002274,1.0,NORMAL,1.0,0,,113.39054918875782,2.7920164684699103,1,arm_c0001,morse_topology_graph,arm_c0001,arm_c0001,4.20364418289031,16.81457673156124,0.0,1.0,2.0,0.0,1.0,2.0,1.0,0.0232708499747015,0.0,0.0070317157356131026,3.0,13.856406460551018,0.018248080530035907,-0.6633530960064609,1.516929993724608,1.8177074260603705,0.8182731429576092,1.5800511560163115,1.8177074260603705,1.4332404296897248,1.7994477967946745,1.0,,,,,,,,
146.137,stsm,stsm,arm,1,0.21283967195317061,-0.20094045709624631,0.14881237255037111,0.5669479607001738,0.0,0.27213502113608345,0.019696447870044403,0.6627538339282772,1.5215332636345789,0.038146936546179455,0.03656675339455781,0.012340624374257016,0.054264235290135195,0.05703511311264211,0.09999999999999432,1.0,NORMAL,1.0,0,,115.72759125718196,2.3370420684241395,1,arm_c0001,morse_topology_graph,arm_c0001,arm_c0001,4.20364418289031,16.81457673156124,0.0,1.0,2.0,0.0,1.0,2.0,1.0,0.0232708499747015,0.0,0.0070317157356131026,3.0,13.856406460551018,0.018265381958921405,-0.6634445588927952,1.5265693047659794,1.8350067245652495,0.8167592320171451,1.5896873355569665,1.8350067245652495,1.4420056492263351,1.8177074260603705,1.0,,,,,,,,
146.24,stsm,stsm,arm,1,0.21700548659322449,-0.19691993082467335,0.15016451706113668,0.5730708718736116,0.0,0.27507401849933355,0.02262838896954916,0.6621602306287477,1.532933509971242,0.04165814640054125,0.04020526271573183,0.013521445107656451,0.05945329082035167,0.057881465902217794,0.09999999999999432,1.0,NORMAL,1.0,0,,117.94573630778451,2.2181450506025584,1,arm_c0001,morse_topology_graph,arm_c0001,arm_c0001,4.20364418289031,16.81457673156124,0.0,1.0,2.0,0.0,1.0,2.0,1.0,0.0232708499747015,0.0,0.0070317157356131026,3.0,13.856406460551018,0.018283039701083748,-0.6635235380878842,1.5381316747823481,1.8537164877094423,0.8151487192919232,1.6011312070366839,1.8537164877094423,1.4520320222050993,1.8350067245652495,1.0,,,,,,,,
146.321,stsm,stsm,arm,1,0.22115053357479064,-0.19291829428866997,0.15151025187971232,0.5791554752932239,0.0,0.27799462814074744,0.02594920890589096,0.6613680829413998,1.544467395281262,0.04145046981566383,0.04001636536003611,0.013457348185757155,0.05916545584004113,0.058330856951582175,0.09999999999999432,1.0,NORMAL,1.0,0,,120.30664538064458,2.3609090728600677,1,arm_c0001,morse_topology_graph,arm_c0001,arm_c0001,4.20364418289031,16.81457673156124,0.0,1.0,2.0,0.0,1.0,2.0,1.0,0.0232708499747015,0.0,0.0070317157356131026,3.0,13.856406460551018,0.018301185641876487,-0.6636323544780776,1.5498008918190613,1.8720935517549484,0.813579940457638,1.6125529635638995,1.8720935517549484,1.4620068368988868,1.8537164877094423,1.0,,,,,,,,
146.441,stsm,stsm,arm,1,0.22530501534892439,-0.18890403622891899,0.15285940181478272,0.5852457192104532,0.0,0.28091794522101754,0.029729935167908828,0.6603731247111609,1.5562667243105404,0.04113348291221566,0.03974512930446546,0.01335792014921204,0.05873731991358596,0.05847311222124524,0.10099999999999909,1.0,NORMAL,1.0,0,,122.60682937474787,2.3001839941032927,1,arm_c0001,morse_topology_graph,arm_c0001,arm_c0001,4.20364418289031,16.81457673156124,0.0,1.0,2.0,0.0,1.0,2.0,1.0,0.0232708499747015,0.0,0.0070317157356131026,3.0,13.856406460551018,0.01831910125370209,-0.6637515615865333,1.562146002634048,1.8902856509242216,0.8120481650104872,1.6245088975186275,1.8902856509242216,1.472247179021846,1.8720935517549484,1.0,,,,,,,,
146.542,stsm,stsm,arm,1,0.22947830358919388,-0.18486406557880544,0.15421581002451279,0.5913556201619634,0.0,0.2838506976777424,0.03403779952802061,0.659170666511019,1.5684147838787454,0.0421544266693812,0.04080778434457391,0.013701093027573979,0.06024940581522547,0.059094798421223026,0.09900000000001796,1.0,NORMAL,1.0,0,,124.84932338296248,2.2424940082146065,1,arm_c0001,morse_topology_graph,arm_c0001,arm_c0001,4.20364418289031,16.81457673156124,0.0,1.0,2.0,0.0,1.0,2.0,1.0,0.0232708499747015,0.0,0.0070317157356131026,3.0,13.856406460551018,0.01833682932708509,-0.6638822703926505,1.5738819667686785,1.9077471728345052,0.8105600107475598,1.6356996528375753,1.9077471728345052,1.48197220079708,1.8902856509242216,1.0,,,,,,,,
146.639,stsm,stsm,arm,1,0.23362518338169258,-0.18084671907489208,0.15556373121020894,0.5974148007924034,0.0,0.2867591043803536,0.038878700751370295,0.6577770571349233,1.5808296630590506,0.04146879792498934,0.04017346503913589,0.013479211856962315,0.059289608253716326,0.05916296933811279,0.09999999999999432,1.0,NORMAL,1.0,0,,127.01509648191357,2.1657730989510924,1,arm_c0001,morse_topology_graph,arm_c0001,arm_c0001,4.20364418289031,16.81457673156124,0.0,1.0,2.0,0.0,1.0,2.0,1.0,0.0232708499747015,0.0,0.0070317157356131026,3.0,13.856406460551018,0.018354193705184083,-0.664028719246185,1.5863731197294175,1.9246907524308958,0.8091340522386081,1.64748393733213,1.9246907524308958,1.491920465432763,1.9077471728345052,1.0,,,,,,,,
146.72,stsm,stsm,arm,1,0.23778687174812885,-0.17681284114520179,0.15691620164831804,0.6034813727086944,0.0,0.2896710589001733,0.04435742556878782,0.6561811466011384,1.593691003778794,0.041616883664365036,0.04033877929690517,0.013524704381091759,0.0595155420851868,0.05928636074584398,0.09999999999999432,1.0,NORMAL,1.0,0,,129.07649516159387,2.0613986796802948,1,arm_c0001,morse_topology_graph,arm_c0001,arm_c0001,4.20364418289031,16.81457673156124,0.0,1.0,2.0,0.0,1.0,2.0,1.0,0.0232708499747015,0.0,0.0070317157356131026,3.0,13.856406460551018,0.018371142319911223,-0.6641869549642834,1.5998616986100864,1.9377038853668043,0.8080285114446475,1.6600854373011162,1.9377038853668043,1.5014198831806636,1.9246907524308958,1.0,,,,,,,,
146.82,stsm,stsm,arm,1,0.24201045465444981,-0.17273156914704393,0.15828464069987846,0.6096142097968258,0.0,0.29261482070247635,0.05060755150614142,0.654367319981113,1.6072039019865565,0.04223582906321206,0.04081271998158091,0.013684390515604994,0.06030593596600075,0.05964320686732269,0.09999999999999432,1.0,NORMAL,1.0,0,,130.70742925158848,1.6309340899946108,1,arm_c0001,morse_topology_graph,arm_c0001,arm_c0001,4.20364418289031,16.81457673156124,0.0,1.0,2.0,0.0,1.0,2.0,1.0,0.0232708499747015,0.0,0.0070317157356131026,3.0,13.856406460551018,0.018385179320815584,-0.6644034629831228,1.6128883229317963,1.9535727730875072,0.8067092031525509,1.672018404835469,1.9535727730875072,1.5112971760018308,1.9377038853668043,1.0,,,,,,,,
146.941,stsm,stsm,arm,1,0.24618925435886679,-0.1686583936535751,0.15964520496804829,0.6156806619708992,0.0,0.2955267177460316,0.05757606210773189,0.6523640869608889,1.6211475287855517,0.04178799704417217,0.04073175493469065,0.013605642681699056,0.0599201641336663,0.0597400469410709,0.09999999999999432,1.0,NORMAL,1.0,0,,132.59460107530458,1.887171823716102,1,arm_c0001,morse_topology_graph,arm_c0001,arm_c0001,4.20364418289031,16.81457673156124,0.0,1.0,2.0,0.0,1.0,2.0,1.0,0.0232708499747015,0.0,0.0070317157356131026,3.0,13.856406460551018,0.018401566403802087,-0.6645925267349825,1.6273049560910415,1.97159253985838,0.8052178394425529,1.685144589552433,1.97159253985838,1.5223149812361019,1.9535727730875072,1.0,,,,,,,,
147.041,stsm,stsm,arm,1,0.25028915482734482,-0.16465020312296558,0.16098211959529124,0.6216178899045045,0.0,0.29837658715416215,0.06522888606117619,0.6502063571424476,1.6354297202622905,0.04099900468477092,0.04008190530608612,0.013369146272426427,0.05887454110361673,0.05943701891744146,0.10000000000002274,1.0,NORMAL,1.0,0,,134.60291724303121,2.0083161677266332,1,arm_c0001,morse_topology_graph,arm_c0001,arm_c0001,4.20364418289031,16.81457673156124,0.0,1.0,2.0,0.0,1.0,2.0,1.0,0.0232708499747015,0.0,0.0070317157356131026,3.0,13.856406460551018,0.018419467016452914,-0.664759706430293,1.6410890260431863,1.9852013701976232,0.8040505001650191,1.6974510151410702,1.9852013701976232,1.5319479778867247,1.97159253985838,1.0,,,,,,,,
147.139,stsm,stsm,arm,1,0.25452612802879382,-0.16052043064495525,0.16235986719525508,0.6277241507548506,0.0,0.30130759236232824,0.07403908038682139,0.6478932310396793,1.6509640545436794,0.04236973201449242,0.04129772478010564,0.013777475999639193,0.060749609940425865,0.05989641715882106,0.09999999999999432,1.0,NORMAL,1.0,0,,136.15269153270785,1.549774289676634,1,arm_c0001,morse_topology_graph,arm_c0001,arm_c0001,4.20364418289031,16.81457673156124,0.0,1.0,2.0,0.0,1.0,2.0,1.0,0.0232708499747015,0.0,0.0070317157356131026,3.0,13.856406460551018,0.018434598512240406,-0.6649785274506276,1.6567309719986119,1.997889023307537,0.8029737336270503,1.7113495670681136,1.997889023307537,1.5422358240003282,1.9852013701976232,1.0,,,,,,,,
147.241,stsm,stsm,arm,1,0.25868102471754983,-0.15644560364663804,0.16371585693517612,0.6336993866331341,0.0,0.30417570558390433,0.08367833575596444,0.6456055239167047,1.6671589518897076,0.041137590977782704,0.0403448217655173,0.013425640989317379,0.05916294339128798,0.059639609207740696,0.10099999999999909,1.0,NORMAL,1.0,0,,137.53783322059,1.3851416878821396,1,arm_c0001,morse_topology_graph,arm_c0001,arm_c0001,4.20364418289031,16.81457673156124,0.0,1.0,2.0,0.0,1.0,2.0,1.0,0.0232708499747015,0.0,0.0070317157356131026,3.0,13.856406460551018,0.018449178295001676,-0.6652314953187445,1.6734332342032243,2.0094479749446776,0.8019481555593596,1.7261221922857137,2.0094479749446776,1.552737889248244,1.997889023307537,1.0,,,,,,,,
147.342,stsm,stsm,arm,1,0.26223267955927365,-0.15297414956280014,0.16487017794542097,0.6387804456570493,0.0,0.30661461391538364,0.0927275829292374,0.6436494998559819,1.6817721423576524,0.035875301431557496,0.03506519276604304,0.01165980818429261,0.05150297198627828,0.056791780352767836,0.09899999999998954,1.0,NORMAL,1.0,0,,138.72608024506638,1.1882470244763965,1,arm_c0001,morse_topology_graph,arm_c0001,arm_c0001,4.20364418289031,16.81457673156124,0.0,1.0,2.0,0.0,1.0,2.0,1.0,0.0232708499747015,0.0,0.0070317157356131026,3.0,13.856406460551018,0.018462219721082057,-0.6655221919086344,1.6870143692367487,2.018422766900991,0.8011934986745567,1.737878694485196,2.018422766900991,1.561127332324373,2.0094479749446776,1.0,,,,,,,,
147.44,stsm,stsm,arm,1,0.26653099597243518,-0.14875941295737669,0.16626861902258638,0.6449084528988039,0.0,0.3095560573914259,0.10477821982976462,0.6412694313297582,1.7005121614497525,0.042983164131617735,0.042147366054236975,0.013984410771654927,0.061802237893993896,0.058545409045810966,0.09999999999999432,1.0,NORMAL,1.0,0,,139.62933240957088,0.9032521645044937,1,arm_c0001,morse_topology_graph,arm_c0001,arm_c0001,4.20364418289031,16.81457673156124,0.0,1.0,2.0,0.0,1.0,2.0,1.0,0.0232708499747015,0.0,0.0070317157356131026,3.0,13.856406460551018,0.018474608232316395,-0.665743558686453,1.706173657189002,2.028113729788915,0.8003555678858576,1.754602417212806,2.028113729788915,1.572311343019145,2.018422766900991,1.0,,,,,,,,
147.542,stsm,stsm,arm,1,0.27058795838476529,-0.14477458118706898,0.16758894547832698,0.6506659153700202,0.0,0.31231963937760965,0.11731991833392406,0.6390120363928196,1.7193175094743736,0.040569624123291896,0.039848317703067945,0.013203264557402944,0.058379011812830464,0.05848713827537792,0.10000000000002274,1.0,NORMAL,1.0,0,,140.48317850467473,0.8538460951038473,1,arm_c0001,morse_topology_graph,arm_c0001,arm_c0001,4.20364418289031,16.81457673156124,0.0,1.0,2.0,0.0,1.0,2.0,1.0,0.0232708499747015,0.0,0.0070317157356131026,3.0,13.072401527189342,0.018185053258002844,-0.6305007930985127,1.7254366131044994,2.03611219226197,0.7996473452438009,1.7713339317116856,2.03611219226197,1.583132520580489,2.028113729788915,1.0,,,,,,,,
147.639,stsm,stsm,arm,1,0.27440922108787236,-0.14100413066109721,0.16883549914234686,0.6560686563032224,0.0,0.3149129550255467,0.13025025943851673,0.6368717631074535,1.7381036338747395,0.03821262703107282,0.03770450525971989,0.01246553664019949,0.055111016913356604,0.05730541202984324,0.09999999999999432,1.0,NORMAL,1.0,0,,141.08761510682143,0.6044366021467056,1,arm_c0001,morse_topology_graph,arm_c0001,arm_c0001,4.20364418289031,16.81457673156124,0.0,1.0,2.0,0.0,1.0,2.0,1.0,0.0232708499747015,0.0,0.0070317157356131026,3.0,11.369733736962017,0.015054795451500801,-0.2609765081430995,1.7435083959582816,2.0426663256121977,0.7990219432256072,1.7868083103586294,2.0426663256121977,1.5930012437886791,2.03611219226197,1.0,,,,,,,,
147.742,stsm,stsm,arm,1,0.27879789750891604,-0.1365407632628923,0.17026784590460203,0.6622961818327765,0.0,0.3179021672797327,0.14669116303260182,0.634401866759856,1.761291378904967,0.0438867642104393,0.04463367398205163,0.01432346762255258,0.0642135083197693,0.059721106686287516,0.09999999999999432,1.0,NORMAL,1.0,0,,141.50761849553132,0.42000338870988685,1,arm_c0001,morse_topology_graph,arm_c0001,arm_c0001,4.20364418289031,16.81457673156124,0.0,1.0,2.0,0.0,1.0,2.0,1.0,0.0232708499747015,0.0,0.0070317157356131026,3.0,13.856406460551018,0.011755043083301294,0.12856069986574825,1.7671215619875453,2.048960670126817,0.7983663232384561,1.8071311616591497,2.048960670126817,1.6053949292529919,2.0426663256121977,1.0,,,,,,,,
147.82,stsm,stsm,arm,1,0.28340915236758141,-0.13174250514347075,0.17177026516276062,0.6688395535860404,0.0,0.3210429857212994,0.16586334129618252,0.631799145394578,1.7875450259981003,0.046112548586656324,0.047982581194218284,0.01502419258158668,0.06822332151064689,0.0626931695280451,0.09999999999999432,1.0,NORMAL,1.0,0,,141.7232628398965,0.2156443443651881,1,arm_c0001,morse_topology_graph,arm_c0001,arm_c0001,4.20364418289031,16.81457673156124,0.0,1.0,2.0,0.0,1.0,2.0,1.0,0.0232708499747015,0.0,0.0070317157356131026,3.0,13.856406460551018,0.011763620821889757,0.12841570829667995,1.7940165003390929,2.0527928989041837,0.7978792623960139,1.8302207842383376,2.0527928989041837,1.618727361469407,2.048960670126817,1.0,,,,,,,,
147.939,stsm,stsm,arm,1,0.28744167072833615,-0.12761454856529736,0.17306337711154873,0.6744905177066013,0.0,0.3237554484991686,0.18401657866099125,0.629549363677739,1.8118119085445001,0.04032518360754973,0.04127956578173621,0.012931119487881906,0.05913828569819355,0.061448595556805735,0.09999999999999432,1.0,NORMAL,1.0,0,,141.53687778122585,-0.18638505867065192,1,arm_c0001,morse_topology_graph,arm_c0001,arm_c0001,4.20364418289031,16.81457673156124,0.0,1.0,2.0,0.0,1.0,2.0,1.0,0.0232708499747015,0.0,0.0070317157356131026,3.0,13.856406460551018,0.011775067360482687,0.12763049176659622,1.8185127620848838,2.0568075456273505,0.7974464872192478,1.8511568887499896,2.0568075456273505,1.630980920920368,2.0527928989041837,1.0,,,,,,,,
148.02,stsm,stsm,arm,1,0.29154355498491058,-0.12335203779755104,0.17439521379283263,0.680222830618214,0.0,0.3265069586967427,0.20411497510630183,0.6272230399133001,1.8380678043345586,0.04101884256573496,0.042625107677453526,0.013318366812835904,0.06063682168870914,0.06116360505706064,0.10000000000002274,1.0,NORMAL,1.0,0,,141.3315503992412,-0.2053273819846595,1,arm_c0001,morse_topology_graph,arm_c0001,arm_c0001,4.20364418289031,16.81457673156124,0.0,1.0,2.0,0.0,1.0,2.0,1.0,0.0232708499747015,0.0,0.0070317157356131026,3.0,13.856406460551018,0.011782572540022221,0.12745696589230007,1.844140886495764,2.0582200829503723,0.7971946296506893,1.8729129084557146,2.0582200829503723,1.643117126888135,2.0568075456273505,1.0,,,,,,,,
148.12,stsm,stsm,arm,1,0.29563347522572936,-0.11917530583870718,0.1756999158720467,0.6858644640039282,0.0,0.3292149427218855,0.22553648285605016,0.624935249874277,1.8655511394561408,0.04089920240819011,0.04176731958844092,0.013047020792141449,0.059895563231174606,0.06071970617581498,0.09999999999999432,1.0,NORMAL,1.0,0,,140.76568065984725,-0.5658697393939462,1,arm_c0001,morse_topology_graph,arm_c0001,arm_c0001,4.20364418289031,16.81457673156124,0.0,1.0,2.0,0.0,1.0,2.0,1.0,0.0232708499747015,0.0,0.0070317157356131026,3.0,13.856406460551018,0.011792796228594606,0.12665779047677858,1.871587173155027,2.0594197556996976,0.7970516220682679,1.8962965919399635,2.0594197556996976,1.656088785715739,2.0582200829503723,1.0,,,,,,,,
148.241,stsm,stsm,arm,1,0.2997972881837942,-0.11488828209773115,0.17703632257404645,0.6915748688692078,0.0,0.33195593705721976,0.24903622397123648,0.6225829369942896,1.8951499668919536,0.04163812958065075,0.04287023740976275,0.013364067019998243,0.06123878981380584,0.06090129712202507,0.09999999999999432,1.0,NORMAL,1.0,0,,140.051303413318,-0.7143772465292386,1,arm_c0001,morse_topology_graph,arm_c0001,arm_c0001,4.20364418289031,16.81457673156124,0.0,1.0,2.0,0.0,1.0,2.0,1.0,0.0232708499747015,0.0,0.0070317157356131026,3.0,13.856406460551018,0.011800401174545689,0.1262059595515045,1.9016812814084312,2.05943234657261,0.7969985884304912,1.9220296021111292,2.05943234657261,1.6700354546306655,2.0594197556996976,1.0,,,,,,,,
148.342,stsm,stsm,arm,1,0.30386334519603164,-0.1106894332034468,0.17834351094557949,0.6971079259703705,0.0,0.3346118044657778,0.2736058404892441,0.6202734718979956,1.925599042823388,0.04025799022017309,0.041572761329548354,0.012942459124089634,0.059300147633120394,0.06034080449068236,0.10099999999999909,1.0,NORMAL,1.0,0,,139.0625223749689,-0.9887810383491171,1,arm_c0001,morse_topology_graph,arm_c0001,arm_c0001,4.20364418289031,16.81457673156124,0.0,1.0,2.0,0.0,1.0,2.0,1.0,0.0232708499747015,0.0,0.0070317157356131026,3.0,13.856406460551018,0.011808690054055578,0.12564591126986963,1.931537752753581,2.0581828353072305,0.7970723742381596,1.947432053370587,2.0581828353072305,1.6835562539173896,2.05943234657261,1.0,,,,,,,,
148.42,stsm,stsm,arm,1,0.3079586125580081,-0.10649306553770901,0.17964986051978218,0.702618882398299,0.0,0.33725706355118346,0.2998511133368863,0.6179571686039028,1.9576842278902715,0.0413663369896656,0.04238755217917408,0.013195450244473087,0.060679472005276604,0.060459306575690444,0.09899999999998954,1.0,NORMAL,1.0,0,,137.87557081184116,-1.1869515631277352,1,arm_c0001,morse_topology_graph,arm_c0001,arm_c0001,4.20364418289031,16.81457673156124,0.0,1.0,2.0,0.0,1.0,2.0,1.0,0.0232708499747015,0.0,0.0070317157356131026,3.0,11.716147440715224,0.009162813276561066,0.43735083967393357,1.964124830670718,2.056566372959657,0.7972207006566729,1.9753743298164559,2.056566372959657,1.698321558525876,2.0581828353072305,1.0,,,,,,,,
148.539,stsm,stsm,arm,1,0.31203985748706986,-0.10243008443539721,0.18092103433341539,0.7080181953545835,0.0,0.3398487337702001,0.3272195598265473,0.6156954010069784,1.9907818899583094,0.04081244929060828,0.040629811023108815,0.01271173813632914,0.05897478993026267,0.059938131237537356,0.10000000000002274,1.0,NORMAL,1.0,0,,136.49466544706257,-1.3809053647785845,1,arm_c0001,morse_topology_graph,arm_c0001,arm_c0001,4.20364418289031,16.81457673156124,0.0,1.0,2.0,0.0,1.0,2.0,1.0,0.0232708499747015,0.0,0.0070317157356131026,3.0,13.856406460551018,0.005067374979982879,0.9192842606490538,1.9966589838661455,2.053985011656982,0.7977195181862273,2.003178063135935,2.053985011656982,1.7128853942113225,2.056566372959657,1.0,,,,,,,,
148.64,stsm,stsm,arm,1,0.31617769128217532,-0.098385532187421548,0.18217315566533043,0.7134158604280496,0.0,0.34243961300546377,0.35624959606704376,0.6134601203338939,2.025565189834451,0.040968651436688104,0.04004507176213561,0.012397240910050072,0.05861509835492265,0.05947244036917054,0.10099999999999909,1.0,NORMAL,1.0,0,,134.94596565762706,-1.548699789435517,1,arm_c0001,morse_topology_graph,arm_c0001,arm_c0001,4.20364418289031,16.81457673156124,0.0,1.0,2.0,0.0,1.0,2.0,1.0,0.0232708499747015,0.0,0.0070317157356131026,3.0,13.856406460551018,0.005069543146997809,0.9190588454588957,2.0314659601823357,2.051301246119924,0.7983216338339671,2.0330756497984233,2.051301246119924,1.7285411224836624,2.053985011656982,1.0,,,,,,,,
148.74,stsm,stsm,arm,1,0.32029389504054201,-0.094371507667998095,0.18341542198279537,0.7187310316996759,0.0,0.3449908952158444,0.38656557837553074,0.6112353000481463,2.061522805339197,0.04157781574108205,0.04054570221640281,0.012548144620859255,0.05941485221261247,0.059450932668681886,0.09899999999998954,1.0,NORMAL,1.0,0,,133.24464629949858,-1.7013193581284725,1,arm_c0001,morse_topology_graph,arm_c0001,arm_c0001,4.20364418289031,16.81457673156124,0.0,1.0,2.0,0.0,1.0,2.0,1.0,0.0232708499747015,0.0,0.0070317157356131026,3.0,13.856406460551018,0.005071135315830394,0.9188454726471987,2.0679877040790338,2.0480295671151927,0.7990401077454418,2.0646225856981584,2.0679877040790338,1.7449199911594566,2.051301246119924,1.0,,,,,,,,
148.821,stsm,stsm,arm,1,0.32446654235764444,-0.090299670436657375,0.18467171969640622,0.7240662699698196,0.0,0.3475518095855134,0.4187369817376263,0.6089782636633351,2.0993333249562944,0.04131333977329175,0.04031522011228471,0.012438591223869958,0.05904936551361031,0.05930983008282579,0.10099999999999909,1.0,NORMAL,1.0,0,,133.49900743585945,0.25436113636087043,1,arm_c0001,morse_topology_graph,arm_c0001,arm_c0001,4.20364418289031,16.81457673156124,0.0,1.0,2.0,0.0,1.0,2.0,1.0,0.0232708499747015,0.0,0.0070317157356131026,3.0,13.856406460551018,0.00507251748198221,0.9186102270690084,2.105342178025652,2.044839986186961,0.7996914744689023,2.096865232954654,2.105342178025652,1.7616847179090422,2.0679877040790338,1.0,,,,,,,,
148.94,stsm,stsm,arm,1,0.32864216758478138,-0.08624067267839311,0.18591950592829826,0.7293445532948477,0.0,0.3500853855815269,0.45223957248629815,0.6067296023691054,2.1383991137317784,0.04217803259734725,0.040999977356209034,0.0126039013322441,0.060156819279159744,0.059605829014024836,0.09899999999998954,1.0,NORMAL,1.0,0,,135.85284296944621,2.3538355335867607,1,arm_c0001,morse_topology_graph,arm_c0001,arm_c0001,4.20364418289031,16.81457673156124,0.0,1.0,2.0,0.0,1.0,2.0,1.0,0.0232708499747015,0.0,0.0070317157356131026,3.0,13.856406460551018,0.005074093469973299,0.918326185751373,2.1444716763692337,2.0397214043393515,0.8008367243717532,2.1308474558358776,2.1444716763692337,1.778969315229054,2.105342178025652,1.0,,,,,,,,
149.02,stsm,stsm,arm,1,0.33277368766377879,-0.082186398188251159,0.18716291232343985,0.7345217121222932,0.0,0.35257042181870074,0.48677713397274947,0.6044821140876578,2.1783513820014013,0.0413152007899648,0.04054274490141029,0.012434063951413058,0.059205286307928345,0.05946562035456355,0.10000000000002274,1.0,NORMAL,1.0,0,,138.29091711736507,2.4380741479188544,1,arm_c0001,morse_topology_graph,arm_c0001,arm_c0001,4.20364418289031,16.81457673156124,0.0,1.0,2.0,0.0,1.0,2.0,1.0,0.0232708499747015,0.0,0.0070317157356131026,3.0,13.856406460551018,0.005074745577612839,0.9180651803645151,2.1848552242650694,2.035717108343591,0.8016495644236525,2.1661323098657164,2.1848552242650694,1.7970885517245072,2.1444716763692337,1.0,,,,,,,,
149.141,stsm,stsm,arm,1,0.33698407220748028,-0.078104176930881702,0.1884080649439957,0.7397233193391287,0.0,0.35506719328278175,0.5229560774651574,0.6022248834980433,2.2199714735851113,0.042103845437017236,0.04082221257369688,0.012451526205559268,0.05995187524042982,0.05963548482335028,0.09999999999999432,1.0,NORMAL,1.0,0,,140.74775621349866,2.456839096133592,1,arm_c0001,morse_topology_graph,arm_c0001,arm_c0001,4.20364418289031,16.81457673156124,0.0,1.0,2.0,0.0,1.0,2.0,1.0,0.0232708499747015,0.0,0.0070317157356131026,3.0,13.856406460551018,0.0050766795800080795,0.9176971108615669,2.226040927094406,2.0295289110480628,0.8030822755054657,2.202166690879378,2.226040927094406,1.8152047011318282,2.1848552242650694,1.0,,,,,,,,
149.222,stsm,stsm,arm,1,0.34078263543660997,-0.074337178764982303,0.18956158138036744,0.7443857308726065,0.0,0.3573051508188511,0.5568250456279298,0.6001280100745662,2.2586439373939537,0.0376095369220765,0.037297011543558745,0.011420954815561862,0.054184707680973006,0.05772738174118379,0.10099999999999909,1.0,NORMAL,1.0,0,,143.2095928248448,2.4618366113461434,1,arm_c0001,morse_topology_graph,arm_c0001,arm_c0001,4.20364418289031,16.81457673156124,0.0,1.0,2.0,0.0,1.0,2.0,1.0,0.0232708499747015,0.0,0.0070317157356131026,3.0,13.856406460551018,0.0003981311794203396,0.9315658619882335,2.2643480738656345,2.0250855713656652,0.8039360916653316,2.2358944648951296,2.2643480738656345,1.83231605044794,2.226040927094406,1.0,,,,,,,,
149.321,stsm,stsm,arm,1,0.34132495607927826,-0.073837123601288579,0.18976789883595169,0.7450370164616663,0.0,0.3576177679015998,0.5616552488628425,0.5997523885206628,2.2640624217467713,0.005477986289579291,0.0050510622595331045,0.0020840147028714164,0.007737226959336439,0.04022496053383726,0.09899999999998954,1.0,NORMAL,1.0,0,,145.44205378433102,2.232460959486218,1,arm_c0001,morse_topology_graph,arm_c0001,arm_c0001,4.20364418289031,16.81457673156124,0.0,1.0,2.0,0.0,1.0,2.0,1.0,0.0232708499747015,0.0,0.0070317157356131026,3.0,13.856406460551018,0.00039890233568112756,0.9311820581069077,2.266875748680311,2.024212866043588,0.8040362027799512,2.237878378523072,2.266875748680311,1.8332507990067306,2.2643480738656345,1.0,,,,,,,,
149.44,stsm,stsm,arm,1,0.34235791654506131,-0.072843420471949416,0.19012014627659884,0.7462856656320187,0.0,0.358217119503369,0.5709790643546928,0.5991106870904449,2.274592536580525,0.01032960465783109,0.009937031293392195,0.0035224744064717766,0.014759849228809562,0.03131067400992826,0.09999999999999432,1.0,NORMAL,1.0,0,,145.52173883444465,0.07968505011362481,1,arm_c0001,morse_topology_graph,arm_c0001,arm_c0001,4.20364418289031,16.81457673156124,0.0,1.0,2.0,0.0,1.0,2.0,1.0,0.0232708499747015,0.0,0.0070317157356131026,3.0,13.856406460551018,0.00039925828007351114,0.9310048243641917,2.276296819612959,2.0222804107390795,0.8043597968763787,2.246169688983307,2.276296819612959,1.8372766790529311,2.266875748680311,1.0,,,,,,,,
149.52,stsm,stsm,arm,1,0.34328803167781158,-0.071948192455282459,0.19043774005683028,0.7474068610108778,0.0,0.3587552932852213,0.5794214567626328,0.5985316854085213,2.2841152964672533,0.009301151327500529,0.008952280166667539,0.003175937802313677,0.013294409243126934,0.02500405102032815,0.10000000000002274,1.0,NORMAL,1.0,0,,146.04509251833642,0.5233536838917701,1,arm_c0001,morse_topology_graph,arm_c0001,arm_c0001,4.20364418289031,16.81457673156124,0.0,1.0,2.0,0.0,1.0,2.0,1.0,0.0232708499747015,0.0,0.0070317157356131026,3.0,13.856406460551018,0.0003997105327019897,0.9307819575174975,2.2851687529416176,2.021076499144663,0.804560084343976,2.254034347867782,2.2851687529416176,1.8412099210745096,2.276296819612959,1.0,,,,,,,,
149.64,stsm,stsm,arm,1,0.34423775742538604,-0.071035890301058516,0.19076014243748651,0.7485480286950301,0.0,0.35930305377361443,0.5880749344945571,0.5979435025377641,2.2938695195009657,0.009497257475745131,0.009123021542239948,0.003224023806562465,0.01355808803357068,0.020997415577277745,0.09999999999999432,1.0,NORMAL,1.0,0,,146.5388988072513,0.4938062889148682,1,arm_c0001,morse_topology_graph,arm_c0001,arm_c0001,4.20364418289031,16.81457673156124,0.0,1.0,2.0,0.0,1.0,2.0,1.0,0.0232708499747015,0.0,0.0070317157356131026,3.0,13.856406460551018,0.0004001375219225702,0.9305681532425847,2.2946143571426467,2.0192731545621156,0.8048826385292757,2.2624588728386743,2.2946143571426467,1.8453072557681782,2.2851687529416176,1.0,,,,,,,,
149.72,stsm,stsm,arm,1,0.34522496449598949,-0.070086814056212782,0.19109473466228449,0.749730985871082,0.0,0.35987087321811934,0.5971145644211471,0.5973326415476465,2.304049065057995,0.009872070706035135,0.00949076244845788,0.003345922247979995,0.014097075851663093,0.018581999411413367,0.09999999999999432,1.0,NORMAL,1.0,0,,147.07793520001948,0.539036392768196,1,arm_c0001,morse_topology_graph,arm_c0001,arm_c0001,4.20364418289031,16.81457673156124,0.0,1.0,2.0,0.0,1.0,2.0,1.0,0.0232708499747015,0.0,0.0070317157356131026,3.0,13.856406460551018,0.0004005709321675406,0.9303557694027524,2.304640023024299,2.0179940086547643,0.8051134278702361,2.2714325416728602,2.304640023024299,1.84979500030554,2.2946143571426467,1.0,,,,,,,,
149.82,stsm,stsm,arm,1,0.34624469008119624,-0.069106256300126429,0.19143957063493966,0.7509492514437215,0.0,0.3604556406929863,0.6064951064510425,0.5967026132538322,2.3146026118415826,0.010197255852068012,0.009805577560864089,0.00344835972655186,0.014561063251643455,0.017174531072253755,0.09999999999999432,1.0,NORMAL,1.0,0,,147.64559421327408,0.5676590132545982,1,arm_c0001,morse_topology_graph,arm_c0001,arm_c0001,4.20364418289031,16.81457673156124,0.0,1.0,2.0,0.0,1.0,2.0,1.0,0.0232708499747015,0.0,0.0070317157356131026,3.0,13.856406460551018,0.0004010371796285411,0.9301232448852926,2.315140137564006,2.0163593341105868,0.8054164992273564,2.2808565696332517,2.315140137564006,1.8544431351338002,2.304640023024299,1.0,,,,,,,,
149.941,stsm,stsm,arm,1,0.34716886400305413,-0.068217350279264705,0.19175125030348328,0.75205013726805,0.0,0.360984065888664,0.615032406156517,0.5961327586805221,2.324199367993753,0.009241739218579485,0.008889060208617744,0.0031167966854363624,0.013196194783156567,0.01578206251442918,0.09999999999999432,1.0,NORMAL,1.0,0,,148.2437872837694,0.5981930704953129,1,arm_c0001,morse_topology_graph,arm_c0001,arm_c0001,4.20364418289031,16.81457673156124,0.0,1.0,2.0,0.0,1.0,2.0,1.0,0.0232708499747015,0.0,0.0070317157356131026,3.0,13.856406460551018,0.0004015284246996888,0.9298794771256175,2.324649703192941,2.014577294499307,0.8057540319536999,2.2894002394068966,2.324649703192941,1.8585953172632113,2.315140137564006,1.0,,,,,,,,
150.04,stsm,stsm,arm,1,0.34807893715648969,-0.067341337009510352,0.19205770231570274,0.7531313214983305,0.0,0.3615030343191986,0.6234727954933649,0.5955720900683046,2.3336792413791985,0.009100731534353463,0.008760132697541535,0.003064520122193906,0.012998250763785227,0.014807710102302049,0.10000000000002274,1.0,NORMAL,1.0,0,,148.78587053558283,0.5420832518134375,1,arm_c0001,morse_topology_graph,arm_c0001,arm_c0001,4.20364418289031,16.81457673156124,0.0,1.0,2.0,0.0,1.0,2.0,1.0,0.0232708499747015,0.0,0.0070317157356131026,3.0,13.856406460551018,0.00040197990002830433,0.9296585889367814,2.3340685787419413,2.0130947862977195,0.8060380213145457,2.297877363578846,2.3340685787419413,1.8627696874832629,2.324649703192941,1.0,,,,,,,,
150.141,stsm,stsm,arm,1,0.34899941204589735,-0.066456530057424357,0.1923663899102635,0.7542214486190816,0.0,0.36202629533715913,0.6320338682099271,0.5950069605800489,2.3432885727462165,0.009204748894077155,0.008848069520860456,0.0030868759456078123,0.013135621018915189,0.014222472487291284,0.09999999999999432,1.0,NORMAL,1.0,0,,149.31874673634545,0.5328762007626153,1,arm_c0001,morse_topology_graph,arm_c0001,arm_c0001,4.20364418289031,16.81457673156124,0.0,1.0,2.0,0.0,1.0,2.0,1.0,0.0232708499747015,0.0,0.0070317157356131026,3.0,13.856406460551018,0.00040243701400099845,0.9294327856918446,2.343645417321747,2.0115987385232965,0.8063319862296379,2.306511184811577,2.343645417321747,1.8670218317215648,2.3340685787419413,1.0,,,,,,,,
150.239,stsm,stsm,arm,1,0.34992277067976679,-0.065568657571019498,0.19267532473868804,0.7553118980264639,0.0,0.3625497110527027,0.640650332620132,0.5944410079762893,2.352952949675588,0.009233586338694947,0.008878724864049092,0.003089348284245517,0.013177061307703939,0.013856577314460305,0.09999999999999432,1.0,NORMAL,1.0,0,,149.859650267312,0.5409035309665455,1,arm_c0001,morse_topology_graph,arm_c0001,arm_c0001,4.20364418289031,16.81457673156124,0.0,1.0,2.0,0.0,1.0,2.0,1.0,0.0232708499747015,0.0,0.0070317157356131026,3.0,13.856406460551018,0.00040290643533426405,0.9292009535894062,2.3532923989382835,2.0100957973584244,0.806632365343908,2.3152222739552473,2.3532923989382835,1.8713107088989658,2.343645417321747,1.0,,,,,,,,
150.321,stsm,stsm,arm,1,0.35093571535481893,-0.06459652436930241,0.19301218637359546,0.7565040328214571,0.0,0.36312193575429935,0.6501240690184975,0.593823474938839,2.363573512533093,0.010129446750521985,0.009721332017171428,0.003368616349074452,0.014438059556844695,0.014060091287999602,0.09999999999999432,1.0,NORMAL,1.0,0,,150.4032306976435,0.5435804303315024,1,arm_c0001,morse_topology_graph,arm_c0001,arm_c0001,4.20364418289031,16.81457673156124,0.0,1.0,2.0,0.0,1.0,2.0,1.0,0.0232708499747015,0.0,0.0070317157356131026,3.0,13.856406460551018,0.000403389067024276,0.9289599176506075,2.3638970454756074,2.0083953005304127,0.806982144967445,2.3248111120434096,2.3638970454756074,1.8760214007542189,2.3532923989382835,1.0,,,,,,,,
150.421,stsm,stsm,arm,1,0.35199828214348966,-0.063571469491362637,0.19336706563203143,0.7577516641181207,0.0,0.3637207987766979,0.660113872022716,0.5931724410635163,2.374758775981051,0.010625667886707872,0.010250548779398322,0.0035487925843598962,0.015184613828617676,0.01445366998059106,0.09999999999999432,1.0,NORMAL,1.0,0,,150.9997249048929,0.5964942072494068,1,arm_c0001,morse_topology_graph,arm_c0001,arm_c0001,4.20364418289031,16.81457673156124,0.0,1.0,2.0,0.0,1.0,2.0,1.0,0.0232708499747015,0.0,0.0070317157356131026,3.0,13.856406460551018,0.00040391956079947867,0.9287022830202043,2.375137991511745,2.006988066655235,0.8072669615201216,2.3350025711748703,2.375137991511745,1.881098897715493,2.3638970454756074,1.0,,,,,,,,
150.54,stsm,stsm,arm,1,0.35289425877569569,-0.062711490879964138,0.19366335637307591,0.7587993474288323,0.0,0.3642236867658395,0.6685413614452678,0.5926285211702224,2.384192916810162,0.008959766322058266,0.008599786113983031,0.0029629074104441304,0.012767636980859443,0.013863550285452617,0.10000000000002274,1.0,NORMAL,1.0,0,,151.62742962373596,0.6277047188430629,1,arm_c0001,morse_topology_graph,arm_c0001,arm_c0001,4.20364418289031,16.81457673156124,0.0,1.0,2.0,0.0,1.0,2.0,1.0,0.0232708499747015,0.0,0.0070317157356131026,3.0,13.856406460551018,0.00040450776790366223,0.9284074406597277,2.384517743670449,2.0052267919658426,0.8076435350920768,2.3435071542786727,2.384517743670449,1.8852238062517603,2.375137991511745,1.0,,,,,,,,
150.641,stsm,stsm,arm,1,0.35381259806968696,-0.061827376402427373,0.19396727216813031,0.7598706226449875,0.0,0.364737898869594,0.6772084429005659,0.5920702576405571,2.3938872220557044,0.009183392939913182,0.008841144775368157,0.003039157950544164,0.013104847495343956,0.013598001092447652,0.09999999999999432,1.0,NORMAL,1.0,0,,152.15334838664438,0.5259187629084181,1,arm_c0001,morse_topology_graph,arm_c0001,arm_c0001,4.20364418289031,16.81457673156124,0.0,1.0,2.0,0.0,1.0,2.0,1.0,0.0232708499747015,0.0,0.0070317157356131026,3.0,13.856406460551018,0.00040500036007906127,0.9281674237620194,2.394198648454616,2.0037136955822605,0.8079679446797435,2.352302854555454,2.394198648454616,1.8895457858180185,2.384517743670449,1.0,,,,,,,,
150.742,stsm,stsm,arm,1,0.35472618129492944,-0.060949668714603597,0.19426805856967866,0.7609327295256466,0.0,0.36524771017231034,0.6858401225953404,0.5915173995868747,2.403537961880172,0.009135832252425388,0.008777076878238255,0.0030078640154836455,0.013021050472469644,0.013396062518168978,0.09999999999999432,1.0,NORMAL,1.0,0,,152.69256566167718,0.5392172750327973,1,arm_c0001,morse_topology_graph,arm_c0001,arm_c0001,4.20364418289031,16.81457673156124,0.0,1.0,2.0,0.0,1.0,2.0,1.0,0.0232708499747015,0.0,0.0070317157356131026,3.0,13.856406460551018,0.00040552287816728944,0.9279095543809752,2.4038481238995564,2.0022111698677265,0.8082990002231918,2.361082818174279,2.4038481238995564,1.8938602780411884,2.394198648454616,1.0,,,,,,,,
150.838,stsm,stsm,arm,1,0.35565103403775988,-0.060061134831046886,0.19457157908008565,0.7620046688377706,0.0,0.3657622410421299,0.6945930597400758,0.5909591722793704,2.413319141899347,0.009248527428304924,0.008885338835567613,0.0030352051040701327,0.013179414851909316,0.013320229846040074,0.09999999999999432,1.0,NORMAL,1.0,0,,153.2290547522815,0.5364890906043343,1,arm_c0001,morse_topology_graph,arm_c0001,arm_c0001,4.20364418289031,16.81457673156124,0.0,1.0,2.0,0.0,1.0,2.0,1.0,0.0232708499747015,0.0,0.0070317157356131026,3.0,13.856406460551018,0.0004060500290321784,0.927649567560391,2.4136267638488174,2.0006823233899764,0.8086420704324047,2.369992949832533,2.4136267638488174,1.8982360268759328,2.4038481238995564,1.0,,,,,,,,
150.939,stsm,stsm,arm,1,0.35659914463205994,-0.059150072735652502,0.19488187166574816,0.7631001718088639,0.0,0.36628808246825467,0.7035802277374033,0.5903881349390466,2.4233566169535683,0.009481105943001096,0.009110620953944359,0.0031029258566252593,0.013510104845654392,0.013386680457933587,0.09999999999999432,1.0,NORMAL,1.0,0,,153.7714014575306,0.5423467052490878,1,arm_c0001,morse_topology_graph,arm_c0001,arm_c0001,4.20364418289031,16.81457673156124,0.0,1.0,2.0,0.0,1.0,2.0,1.0,0.0232708499747015,0.0,0.0070317157356131026,3.0,13.856406460551018,0.0004065944938591518,0.9273812654582207,2.4236987449371536,1.9994325865203058,0.808997586004206,2.379187396726634,2.4236987449371536,1.902829078547075,2.4136267638488174,1.0,,,,,,,,
151.04,stsm,stsm,arm,1,0.35753540988678595,-0.05825035355356218,0.195187341943732,0.7641785655526063,0.0,0.36680571146525104,0.712466320968968,0.5898256236191616,2.433276221605987,0.009362652547257969,0.008997191820901177,0.0030547027798376305,0.01333941274779047,0.01337013108413619,0.10000000000002274,1.0,NORMAL,1.0,0,,154.3254626423979,0.5540611848672938,1,arm_c0001,morse_topology_graph,arm_c0001,arm_c0001,4.20364418289031,16.81457673156124,0.0,1.0,2.0,0.0,1.0,2.0,1.0,0.0232708499747015,0.0,0.0070317157356131026,3.0,13.856406460551018,0.0004071655652912495,0.9270994214221695,2.433604841942208,1.9978922002578876,0.8093533908897912,2.3882398499768986,2.433604841942208,1.9072725707666962,2.4236987449371536,1.0,,,,,,,,
151.14,stsm,stsm,arm,1,0.35845323120495171,-0.05736882709743301,0.19548557767214064,0.7652322884054248,0.0,0.36731149843460387,0.7211838963343821,0.5892761027204426,2.4430037858948532,0.00917821318165809,0.008815264561292198,0.002982357284086637,0.013070690167832803,0.013265319958882745,0.09999999999999432,1.0,NORMAL,1.0,0,,154.8718202926585,0.5463576502606031,1,arm_c0001,morse_topology_graph,arm_c0001,arm_c0001,4.20364418289031,16.81457673156124,0.0,1.0,2.0,0.0,1.0,2.0,1.0,0.0232708499747015,0.0,0.0070317157356131026,3.0,13.856406460551018,0.00040774222651715107,0.9268146630026498,2.443319452388506,1.9960831845085258,0.8097118635689835,2.3971299715467103,2.443319452388506,1.9115611180031813,2.433604841942208,1.0,,,,,,,,
151.241,stsm,stsm,arm,1,0.35938639048922338,-0.05647259978184066,0.19578777934623259,0.7663002208074557,0.0,0.36782410598757875,0.7300534357151485,0.5887189419056518,2.4528967044158345,0.009331592842717316,0.008962273155924013,0.0030220167409196804,0.013286592877259694,0.013272758599978519,0.09999999999999432,1.0,NORMAL,1.0,0,,155.41028288756297,0.5384625949044732,1,arm_c0001,morse_topology_graph,arm_c0001,arm_c0001,4.20364418289031,16.81457673156124,0.0,1.0,2.0,0.0,1.0,2.0,1.0,0.0232708499747015,0.0,0.0070317157356131026,3.0,13.856406460551018,0.0004083183578700375,0.9265305504201693,2.4532097344525967,1.994551569388392,0.8100817460260008,2.4061950129335634,2.4532097344525967,1.9160095157001382,2.443319452388506,1.0,,,,,,,,
151.342,stsm,stsm,arm,1,0.360323211048234,-0.055573029154304746,0.19609006885442493,0.7673688478783617,0.0,0.36833704698161357,0.7389613674932896,0.588161286374374,2.462828548727639,0.009368205590106737,0.008995706275359656,0.0030228950819234986,0.01333506288126792,0.01329455794563577,0.09999999999999432,1.0,NORMAL,1.0,0,,155.95356294211714,0.5432800545541738,1,arm_c0001,morse_topology_graph,arm_c0001,arm_c0001,4.20364418289031,16.81457673156124,0.0,1.0,2.0,0.0,1.0,2.0,1.0,0.0232708499747015,0.0,0.0070317157356131026,3.0,13.856406460551018,0.00040891699098534896,0.9262351438834309,2.463119467205821,1.9930152089777204,0.8104594876971953,2.415289671346711,2.463119467205821,1.9204709588068618,2.4532097344525967,1.0,,,,,,,,
151.44,stsm,stsm,arm,1,0.36126340471901275,-0.054670196579907543,0.19639241551883244,0.7684378243206512,0.0,0.36885015567391255,0.747903500532931,0.5876031944265295,2.472794674954024,0.009401936707787974,0.00902832574397254,0.003023466644075273,0.013380897957325737,0.01332476986661564,0.09999999999999432,1.0,NORMAL,1.0,0,,156.49622641682015,0.542663474703005,1,arm_c0001,morse_topology_graph,arm_c0001,arm_c0001,4.20364418289031,16.81457673156124,0.0,1.0,2.0,0.0,1.0,2.0,1.0,0.0232708499747015,0.0,0.0070317157356131026,3.0,13.856406460551018,0.0004095311903982363,0.9259320165755457,2.473120137771794,1.9914836498501842,0.8108444304670217,2.42448615888334,2.473120137771794,1.924983594243085,2.463119467205821,1.0,,,,,,,,
151.54,stsm,stsm,arm,1,0.36219517348192509,-0.053775930924465393,0.19669075414204562,0.7694936456581855,0.0,0.369356949915929,0.7567633120785686,0.5870521782366132,2.482666085889296,0.00931768762912132,0.008942656554419469,0.002983386232131168,0.01325484826070264,0.013300289154874238,0.10000000000002274,1.0,NORMAL,1.0,0,,157.04409471669146,0.5478682998713111,1,arm_c0001,morse_topology_graph,arm_c0001,arm_c0001,4.20364418289031,16.81457673156124,0.0,1.0,2.0,0.0,1.0,2.0,1.0,0.0232708499747015,0.0,0.0070317157356131026,3.0,13.856406460551018,0.00041016196488613484,0.9256204127218846,2.482985015937917,1.9899589778611957,0.8112348516171299,2.4335675657848856,2.482985015937917,1.929436602800282,2.473120137771794,1.0,,,,,,,,
151.639,stsm,stsm,arm,1,0.36314220920871304,-0.052866803991711966,0.1969929978430183,0.7705632408591894,0.0,0.3698703556124109,0.7657665442061108,0.5864936247684838,2.4926937654461945,0.009470357267880019,0.00909126932753478,0.0030224370097269356,0.013471227495845717,0.013360109965495142,0.09999999999999432,1.0,NORMAL,1.0,0,,157.58248960002118,0.5383948833297154,1,arm_c0001,morse_topology_graph,arm_c0001,arm_c0001,4.20364418289031,16.81457673156124,0.0,1.0,2.0,0.0,1.0,2.0,1.0,0.0232708499747015,0.0,0.0070317157356131026,3.0,13.856406460551018,0.0004108001066311756,0.9253054643026849,2.4929921359172296,1.9884251621868465,0.8116339963887458,2.442792833889101,2.4929921359172296,1.9339610320954808,2.482985015937917,1.0,,,,,,,,
151.742,stsm,stsm,arm,1,0.36407111147176258,-0.051975550976234186,0.19728813722167898,0.7716087527462138,0.0,0.3703722013181826,0.7745907096133321,0.5859478866322323,2.502519550309961,0.009289022630495886,0.00891253015477831,0.0029513937866070274,0.013207189726558786,0.01330657931449649,0.09999999999999432,1.0,NORMAL,1.0,0,,158.12705201988845,0.544562419867276,1,arm_c0001,morse_topology_graph,arm_c0001,arm_c0001,4.20364418289031,16.81457673156124,0.0,1.0,2.0,0.0,1.0,2.0,1.0,0.0232708499747015,0.0,0.0070317157356131026,3.0,13.856406460551018,0.00041146481440687175,0.924976788531471,2.5028442119369974,1.9869185126439408,0.8120359345844008,2.4518918956642874,2.5028442119369974,1.9384226387074066,2.4929921359172296,1.0,,,,,,,,
151.82,stsm,stsm,arm,1,0.36501201047437393,-0.051073074288844264,0.19758580634421036,0.7726641505148039,0.0,0.37087879224710585,0.7835204971261951,0.5853971587449348,2.51246059863304,0.00940899002611404,0.009024766873899734,0.0029766912253139126,0.013372965306565792,0.013329805151291904,0.09999999999999432,1.0,NORMAL,1.0,0,,158.663468066045,0.5364160461565461,1,arm_c0001,morse_topology_graph,arm_c0001,arm_c0001,4.20364418289031,16.81457673156124,0.0,1.0,2.0,0.0,1.0,2.0,1.0,0.0232708499747015,0.0,0.0070317157356131026,3.0,13.856406460551018,0.0004121309964148172,0.9246476311904144,2.5127630063136746,1.9856993414051016,0.8123639832012267,2.4610621566825706,2.5127630063136746,1.9429721219006435,2.5028442119369974,1.0,,,,,,,,
151.92,stsm,stsm,arm,1,0.36603302114461372,-0.050095325634737259,0.19790655584679556,0.7738050396228962,0.0,0.37142641901899015,0.793193291191955,0.58480338041999,2.5232281302538313,0.01021010670239855,0.009777486541070607,0.0032074950258522295,0.014495983798143796,0.013737952176200914,0.09999999999999432,1.0,NORMAL,1.0,0,,159.19843740405778,0.534969338012786,1,arm_c0001,morse_topology_graph,arm_c0001,arm_c0001,4.20364418289031,16.81457673156124,0.0,1.0,2.0,0.0,1.0,2.0,1.0,0.0232708499747015,0.0,0.0070317157356131026,3.0,13.856406460551018,0.00041282010130612326,0.924303443554516,2.5235527501504262,1.9837264136902846,0.8129168488244881,2.4710545840726326,2.5235527501504262,1.9478126491844578,2.5127630063136746,1.0,,,,,,,,
152.039,stsm,stsm,arm,1,0.36708713184628317,-0.049081305153247934,0.1982386850256011,0.7749792916777386,0.0,0.37199006000531454,0.8031828240151261,0.5841881570942878,2.534340332792467,0.01054110701669202,0.010140204814890945,0.0033212917880546477,0.01499898896481661,0.014179306352723027,0.10000000000002274,1.0,NORMAL,1.0,0,,159.78681798269244,0.5883805786346556,1,arm_c0001,morse_topology_graph,arm_c0001,arm_c0001,4.20364418289031,16.81457673156124,0.0,1.0,2.0,0.0,1.0,2.0,1.0,0.0232708499747015,0.0,0.0070317157356131026,3.0,13.856406460551018,0.00041358241144450966,0.9239314443227522,2.534713987100429,1.982081965084389,0.8133766610224199,2.4814149047748852,2.534713987100429,1.9528968794955308,2.5235527501504262,1.0,,,,,,,,
152.14,stsm,stsm,arm,1,0.36798440320642445,-0.048221924514106465,0.1985185074634126,0.7759745304071143,0.0,0.37246777459541486,0.8116571104683343,0.5836695275778169,2.5437689430486805,0.00897271360141334,0.008593806391415177,0.0027982243781151032,0.012735507737675554,0.013673962910865499,0.09999999999999432,1.0,NORMAL,1.0,0,,160.3909787283922,0.6041607456997724,1,arm_c0001,morse_topology_graph,arm_c0001,arm_c0001,4.20364418289031,16.81457673156124,0.0,1.0,2.0,0.0,1.0,2.0,1.0,0.0232708499747015,0.0,0.0070317157356131026,3.0,13.856406460551018,0.0004144074993026937,0.9235208042451928,2.544109797228643,1.9806421491300499,0.8137941364097099,2.4901412814537003,2.544109797228643,1.9571718410555259,2.534713987100429,1.0,,,,,,,,
152.22,stsm,stsm,arm,1,0.36892166642990554,-0.047323457302782049,0.198809853941809,0.7770107195226198,0.0,0.3729651453708575,0.8204954259140143,0.5831292520880198,2.5536005428955115,0.009372632234811417,0.008984672113244673,0.0029134647839642027,0.013306346043859755,0.013545285805432567,0.09999999999999432,1.0,NORMAL,1.0,0,,160.89748711317213,0.5065083847799201,1,arm_c0001,morse_topology_graph,arm_c0001,arm_c0001,4.20364418289031,16.81457673156124,0.0,1.0,2.0,0.0,1.0,2.0,1.0,0.0232708499747015,0.0,0.0070317157356131026,3.0,13.856406460551018,0.00041511670448997936,0.9231701265590904,2.553930339944584,1.9794501704056373,0.8141420713450847,2.4992773664072665,2.553930339944584,1.961699987025643,2.544109797228643,1.0,,,,,,,,
152.339,stsm,stsm,arm,1,0.36983602507292435,-0.04644835064044521,0.1990921229506924,0.778017826881089,0.0,0.3734485569029227,0.8290938528179005,0.5826055322644809,2.563165768866393,0.009143586430188609,0.008751066623368884,0.0028226900888341172,0.012967417599143344,0.013343016283390878,0.09999999999999432,1.0,NORMAL,1.0,0,,161.42390197039325,0.5264148572211127,1,arm_c0001,morse_topology_graph,arm_c0001,arm_c0001,4.20364418289031,16.81457673156124,0.0,1.0,2.0,0.0,1.0,2.0,1.0,0.0232708499747015,0.0,0.0070317157356131026,3.0,13.856406460551018,0.00041587613951967373,0.9227897940407883,2.563463851401277,1.9777307385675402,0.8146639130292717,2.5081562077443413,2.563463851401277,1.9660036776856078,2.553930339944584,1.0,,,,,,,,
152.44,stsm,stsm,arm,1,0.37075597781338815,-0.045566278819519718,0.19937564148450598,0.7790278605014692,0.0,0.37393337304070523,0.8377303844050372,0.5820792205949966,2.5727708385422083,0.009199527404638553,0.008820718209255425,0.002835185338136032,0.013056594123176515,0.013242758575380412,0.09999999999999432,1.0,NORMAL,1.0,0,,161.93880848976048,0.51490651936723,1,arm_c0001,morse_topology_graph,arm_c0001,arm_c0001,4.20364418289031,16.81457673156124,0.0,1.0,2.0,0.0,1.0,2.0,1.0,0.0232708499747015,0.0,0.0070317157356131026,3.0,13.856406460551018,0.00041663332240933764,0.9224181409170148,2.563463851401277,1.9777307385675402,0.8146639130292717,2.5081562077443413,2.563463851401277,1.9660036776856078,2.563463851401277,1.0,,,,,,,,
152.537,stsm,stsm,arm,1,0.37168976950208116,-0.044672303707551902,0.19966173031215123,0.7800492283486193,0.0,0.37442362960733727,0.8464687042842114,0.5815478613380719,2.58248942357824,0.009337916886927963,0.008939751119676119,0.0028608882764518274,0.013240110407366864,0.013241819564067118,0.10000000000002274,1.0,NORMAL,1.0,0,,162.45511519399585,0.516306704235376,1,arm_c0001,morse_topology_graph,arm_c0001,arm_c0001,4.20364418289031,16.81457673156124,0.0,1.0,2.0,0.0,1.0,2.0,1.0,0.0232708499747015,0.0,0.0070317157356131026,3.0,13.856406460551018,0.00041741954203785095,0.9220282798837853,2.5828147517592703,1.9748404278172667,0.8155627748477257,2.5262256820345033,2.5828147517592703,1.9748609091146916,2.5730689539913008,1.0,,,,,,,,
152.64,stsm,stsm,arm,1,0.37260429190726962,-0.043797044177413189,0.19994049322810847,0.7810459220440431,0.0,0.3749020425811407,0.8550007368574104,0.5810298433420108,2.591978544824605,0.009054677279093815,0.008665935941967544,0.0027600288708638115,0.01283368169103568,0.013098958931653918,0.10099999999999909,1.0,NORMAL,1.0,0,,162.97895459821868,0.5238394042228265,1,arm_c0001,morse_topology_graph,arm_c0001,arm_c0001,4.20364418289031,16.81457673156124,0.0,1.0,2.0,0.0,1.0,2.0,1.0,0.0232708499747015,0.0,0.0070317157356131026,3.0,13.856406460551018,0.00041823573457740073,0.9216227752879939,2.5922737630744814,1.9734280306793592,0.8160157067351252,2.5350736854125095,2.5922737630744814,1.9791977964753689,2.5828147517592703,1.0,,,,,,,,
152.741,stsm,stsm,arm,1,0.37352540782009491,-0.042915983536664815,0.20021971302251712,0.7820461492060548,0.0,0.37538215161890626,0.8635652875936246,0.5805107153553375,2.601504303773923,0.009304201139650354,0.008899602431802697,0.002820401963724007,0.013180506421537742,0.013127486716944184,0.09899999999998954,1.0,NORMAL,1.0,0,,163.48532130606972,0.5063667078510434,1,arm_c0001,morse_topology_graph,arm_c0001,arm_c0001,4.20364418289031,16.81457673156124,0.0,1.0,2.0,0.0,1.0,2.0,1.0,0.0232708499747015,0.0,0.0070317157356131026,3.0,13.856406460551018,0.00041905577883372553,0.9212154122902051,2.601826913932912,1.9720154137890487,0.8164814157246555,2.5440254236433746,2.601826913932912,1.9835872917724977,2.5922737630744814,1.0,,,,,,,,
152.84,stsm,stsm,arm,1,0.37446699327745592,-0.042015814833945703,0.20050355132241976,0.7830648115791947,0.0,0.37587110955801345,0.8722881266480165,0.5799827344598488,2.6112067822450733,0.009415854573610586,0.00900168702719163,0.002838382999026551,0.013332108037968205,0.013199089576896994,0.09999999999999432,1.0,NORMAL,1.0,0,,163.99772903968346,0.5124077336137418,1,arm_c0001,morse_topology_graph,arm_c0001,arm_c0001,4.20364418289031,16.81457673156124,0.0,1.0,2.0,0.0,1.0,2.0,1.0,0.0232708499747015,0.0,0.0070317157356131026,3.0,13.856406460551018,0.00041990241464307,0.9207947142905496,2.611523320271231,1.97057955873813,0.8169644824138919,2.5531216565757218,2.611523320271231,1.9880472544997438,2.601826913932912,1.0,,,,,,,,
152.92,stsm,stsm,arm,1,0.37547151404502732,-0.041056638212493585,0.20080421064811244,0.7841472202794847,0.0,0.37639066573415264,0.8815534276305212,0.5794231731147994,2.621514486758958,0.009945750173974387,0.009496798232199274,0.0029768250068582043,0.014070131851111814,0.013503935464341765,0.10099999999999909,1.0,NORMAL,1.0,0,,164.5163831714006,0.5186541317171418,1,arm_c0001,morse_topology_graph,arm_c0001,arm_c0001,4.20364418289031,16.81457673156124,0.0,1.0,2.0,0.0,1.0,2.0,1.0,0.0232708499747015,0.0,0.0070317157356131026,3.0,13.856406460551018,0.0004207907973287549,0.9203530714182877,2.6218245412392864,1.9693618255226055,0.8173830773637907,2.562798070638398,2.6218245412392864,1.9928418786910203,2.611523320271231,1.0,,,,,,,,
153.02,stsm,stsm,arm,1,0.37654687939449577,-0.040030136894894833,0.20112399679643944,0.7853011420337656,0.0,0.37694454817620743,0.8914262921095688,0.5788276882615225,2.6324996705810646,0.0107536534946851,0.010265013175988102,0.003197861483270241,0.015206507720484206,0.014099815360855394,0.09999999999999432,1.0,NORMAL,1.0,0,,165.06435910460226,0.5479759332016556,1,arm_c0001,morse_topology_graph,arm_c0001,arm_c0001,4.20364418289031,16.81457673156124,0.0,1.0,2.0,0.0,1.0,2.0,1.0,0.0232708499747015,0.0,0.0070317157356131026,3.0,13.856406460551018,0.0004217596936438874,0.9198674262280111,2.6328648263462404,1.9677676154064587,0.8179494616092646,2.573187841285943,2.6328648263462404,1.9979424361619766,2.6218245412392864,1.0,,,,,,,,
153.141,stsm,stsm,arm,1,0.37760955214522435,-0.039015431811285639,0.20143824479978403,0.7864366166776964,0.0,0.37748957600529426,0.9011351969762373,0.5782421906779094,2.6433035803371374,0.0107340681891756,0.010249546299080904,0.0031742222560053996,0.015177256213077335,0.014476901093819643,0.09900000000001796,1.0,NORMAL,1.0,0,,165.6553235637379,0.5909644591356482,1,arm_c0001,morse_topology_graph,arm_c0001,arm_c0001,4.20364418289031,16.81457673156124,0.0,1.0,2.0,0.0,1.0,2.0,1.0,0.0232708499747015,0.0,0.0070317157356131026,3.0,13.856406460551018,0.00042283101024929385,0.9193334780010602,2.643657394536664,1.9658937004789454,0.8186297884833065,2.5833569854752936,2.643657394536664,2.002884467243552,2.6328648263462404,1.0,,,,,,,,
153.239,stsm,stsm,arm,1,0.37864659872094081,-0.038022688668454346,0.20174462192091833,0.7875403733581963,0.0,0.3780193792119342,0.9105694898460932,0.5776710493411161,2.6538002917573396,0.01026778787838089,0.009829140028032689,0.0030334368429138256,0.014534139144994001,0.014496922103029157,0.10099999999999909,1.0,NORMAL,1.0,0,,166.2332253794087,0.5779018156707991,1,arm_c0001,morse_topology_graph,arm_c0001,arm_c0001,4.20364418289031,16.81457673156124,0.0,1.0,2.0,0.0,1.0,2.0,1.0,0.0232708499747015,0.0,0.0070317157356131026,3.0,13.856406460551018,0.00042393129522920155,0.9187890695332009,2.654164742683465,1.9644128290968532,0.8191723650469339,2.593277883684684,2.654164742683465,2.007756955127984,2.643657394536664,1.0,,,,,,,,
153.34,stsm,stsm,arm,1,0.37964378701248835,-0.037073424760731138,0.20203443489384371,0.7885965392884221,0.0,0.3785263388584426,0.9195731684259654,0.5771305079790324,2.6638265545518625,0.010072609005531832,0.009588524320437457,0.002927403766923335,0.014211507437162972,0.014396988060025664,0.09899999999998954,1.0,NORMAL,1.0,0,,166.7929694254716,0.5597440460628889,1,arm_c0001,morse_topology_graph,arm_c0001,arm_c0001,4.20364418289031,16.81457673156124,0.0,1.0,2.0,0.0,1.0,2.0,1.0,0.0232708499747015,0.0,0.0070317157356131026,3.0,13.856406460551018,0.0004250525623078384,0.9182228958140689,2.6641827513242324,1.9629354137523913,0.8197428747975537,2.6027420112362556,2.6641827513242324,2.0124007627776086,2.654164742683465,1.0,,,,,,,,
153.44,stsm,stsm,arm,1,0.38070618362738506,-0.036057249465337018,0.20234398815848326,0.7897176874820464,0.0,0.37906448999138226,0.9291268031573995,0.5765528511043153,2.6744618317351434,0.010518778365314056,0.010061141538555734,0.0030648838083124083,0.014874971600507554,0.014564267193725933,0.10099999999999909,1.0,NORMAL,1.0,0,,167.32677941128065,0.5338099858090573,1,arm_c0001,morse_topology_graph,arm_c0001,arm_c0001,4.20364418289031,16.81457673156124,0.0,1.0,2.0,0.0,1.0,2.0,1.0,0.0232708499747015,0.0,0.0070317157356131026,3.0,13.856406460551018,0.00042614555859851993,0.9176832164525295,2.6748313669066133,1.9614614788978852,0.820312094170486,2.61282493873097,2.6748313669066133,2.0173574696764884,2.6641827513242324,1.0,,,,,,,,
153.521,stsm,stsm,arm,1,0.38160434850057207,-0.035202383391355924,0.20260209867436191,0.7906610868130621,0.0,0.3795173216702698,0.9371423161332125,0.5760709582817861,2.6833916828983306,0.009072372456432715,0.00863501084829232,0.002607176928066711,0.012793307854992327,0.013944400725561504,0.09900000000001796,1.0,NORMAL,1.0,0,,167.8932970149999,0.5665176037192339,1,arm_c0001,morse_topology_graph,arm_c0001,arm_c0001,4.20364418289031,16.81457673156124,0.0,1.0,2.0,0.0,1.0,2.0,1.0,0.0232708499747015,0.0,0.0070317157356131026,3.0,13.856406460551018,0.00042737627228042237,0.9170646658962778,2.683731372734596,1.9604492537948233,0.8207170299294623,2.6212566824922474,2.683731372734596,2.0215385847377823,2.6748313669066133,1.0,,,,,,,,
153.62,stsm,stsm,arm,1,0.38262118086973501,-0.034235716849935496,0.20289138434146137,0.7917247147768813,0.0,0.38002786309290304,0.9461578765011354,0.5755306109604348,2.6934410653313545,0.010168323691630033,0.009666665414204823,0.002892856670994757,0.014325077544183388,0.014077596956248817,0.09999999999999432,1.0,NORMAL,1.0,0,,168.36409220045218,0.47079518545228893,1,arm_c0001,morse_topology_graph,arm_c0001,arm_c0001,4.20364418289031,16.81457673156124,0.0,1.0,2.0,0.0,1.0,2.0,1.0,0.0232708499747015,0.0,0.0070317157356131026,3.0,13.856406460551018,0.00042843115341834065,0.916532810175514,2.693788120385142,1.9590515248470484,0.8213011790331675,2.6307958542160517,2.693788120385142,2.0262341696203525,2.683731372734596,1.0,,,,,,,,
153.741,stsm,stsm,arm,1,0.38363729061825896,-0.033267434492399606,0.20317986967174351,0.7927833423197223,0.0,0.3805360043134667,0.9551145470660555,0.5749914965902562,2.7034253902895005,0.0101610974852401,0.009682823575359456,0.0028848533028215636,0.014329248168514986,0.014165653306772398,0.09999999999999432,1.0,NORMAL,1.0,0,,168.8991264625634,0.5350342621112247,1,arm_c0001,morse_topology_graph,arm_c0001,arm_c0001,4.20364418289031,16.81457673156124,0.0,1.0,2.0,0.0,1.0,2.0,1.0,0.0232708499747015,0.0,0.0070317157356131026,3.0,13.856406460551018,0.0004296585305101129,0.9159185208650773,2.7038021242544796,1.957416952929079,0.8219967277218858,2.640312411075838,2.7038021242544796,2.0308820539953203,2.693788120385142,1.0,,,,,,,,
153.82,stsm,stsm,arm,1,0.38453300388434997,-0.032415530856981511,0.20343164427656202,0.793712537638085,0.0,0.3809820180662808,0.9629524567070666,0.574520773855854,2.7121677862672864,0.008957132660910538,0.008519036354181426,0.002517746048185253,0.012615199208580398,0.013622967492498595,0.09999999999999432,1.0,NORMAL,1.0,0,,169.43394068479745,0.5348142222340471,1,arm_c0001,morse_topology_graph,arm_c0001,arm_c0001,4.20364418289031,16.81457673156124,0.0,1.0,2.0,0.0,1.0,2.0,1.0,0.0232708499747015,0.0,0.0070317157356131026,3.0,13.856406460551018,0.0004309516835737417,0.91527185116433,2.7125088879996007,1.9564432782479129,0.8224162567000529,2.6485919105885483,2.7125088879996007,2.0349900833840286,2.7038021242544796,1.0,,,,,,,,
153.941,stsm,stsm,arm,1,0.38556584968711249,-0.031435835996333941,0.20371836067548538,0.7947792540388472,0.0,0.38149404193864667,0.9719187398521176,0.5739844835764811,2.7221765194060925,0.01022619606695581,0.009699949115322565,0.0028387762269639757,0.014377856213860441,0.013887132657805326,0.10099999999999909,1.0,NORMAL,1.0,0,,169.89403789269272,0.46009720789527364,1,arm_c0001,morse_topology_graph,arm_c0001,arm_c0001,4.20364418289031,16.81457673156124,0.0,1.0,2.0,0.0,1.0,2.0,1.0,0.0232708499747015,0.0,0.0070317157356131026,3.0,13.856406460551018,0.0004321198237102362,0.9146814437675381,2.7225255625910476,1.9548008370722632,0.8231667810859562,2.658126838820307,2.7225255625910476,2.0396550048923934,2.7125088879996007,1.0,,,,,,,,
154.041,stsm,stsm,arm,1,0.38663526441709506,-0.030417042923855706,0.20401566262941401,0.7958792627994603,0.0,0.3820220461437409,0.9811431945435661,0.5734281256350552,2.7324726291218226,0.010694147299826259,0.010187930724782936,0.0029730195392864726,0.015066438335065675,0.014299870315589918,0.09999999999999432,1.0,NORMAL,1.0,0,,170.42858957028477,0.5345516775920487,1,arm_c0001,morse_topology_graph,arm_c0001,arm_c0001,4.20364418289031,16.81457673156124,0.0,1.0,2.0,0.0,1.0,2.0,1.0,0.0232708499747015,0.0,0.0070317157356131026,3.0,13.856406460551018,0.0004335079283536085,0.913989731190099,2.7328188933366087,1.9534394790875251,0.8237875270567274,2.6679454651836125,2.7328188933366087,2.0444978411661183,2.7225255625910476,1.0,,,,,,,,
154.142,stsm,stsm,arm,1,0.38753272599411742,-0.02956642719390383,0.2042611117098134,0.7967979395200456,0.0,0.3824630109696219,0.9888110794321454,0.5729685986828672,2.7410406286046802,0.009065268454769695,0.008592078080320418,0.002479283640397432,0.012733803252167337,0.013751707052555785,0.09900000000001796,1.0,NORMAL,1.0,0,,170.97492641801688,0.5463368477321069,1,arm_c0001,morse_topology_graph,arm_c0001,arm_c0001,4.20364418289031,16.81457673156124,0.0,1.0,2.0,0.0,1.0,2.0,1.0,0.0232708499747015,0.0,0.0070317157356131026,3.0,13.856406460551018,0.0004350393197179442,0.9132155490900852,2.7413607616189237,1.9522796816895336,0.8243452866930743,2.6760962242902524,2.7413607616189237,2.048520488572946,2.7328188933366087,1.0,,,,,,,,
154.239,stsm,stsm,arm,1,0.38848042161874252,-0.028667974849453909,0.20451824345882536,0.7977641489404185,0.0,0.38292679149140085,0.9968472304154452,0.5724870026683985,2.750025173515663,0.00947695624625154,0.00898452344449972,0.0025713174901197196,0.013309621889938374,0.013596940474950097,0.09999999999999432,1.0,NORMAL,1.0,0,,171.42820989778917,0.45328347977229555,1,arm_c0001,morse_topology_graph,arm_c0001,arm_c0001,4.20364418289031,16.81457673156124,0.0,1.0,2.0,0.0,1.0,2.0,1.0,0.0232708499747015,0.0,0.0070317157356131026,3.0,13.856406460551018,0.0004363527300721711,0.9125541318267736,2.7503673274794007,1.9510929648886,0.824933219587199,2.684701539525424,2.7503673274794007,2.0527737628701557,2.7413607616189237,1.0,,,,,,,,
154.34,stsm,stsm,arm,1,0.38941683338716432,-0.027782066665820018,0.20476917335382999,0.7987146891806078,0.0,0.38338305080669177,1.0047183397760886,0.5720168293112743,2.7588329090746626,0.009364117684218498,0.008859081836339409,0.0025092989500465107,0.013132654423518382,0.013434393220425672,0.09999999999999432,1.0,NORMAL,1.0,0,,171.90740928527873,0.47919938748955815,1,arm_c0001,morse_topology_graph,arm_c0001,arm_c0001,4.20364418289031,16.81457673156124,0.0,1.0,2.0,0.0,1.0,2.0,1.0,0.0232708499747015,0.0,0.0070317157356131026,3.0,13.856406460551018,0.0004377898094252695,0.9118239732806521,2.759163707844085,1.949941244715482,0.8255245707407578,2.693110242323962,2.759163707844085,2.056934941406072,2.7503673274794007,1.0,,,,,,,,
154.439,stsm,stsm,arm,1,0.39035744040830711,-0.026890665440827036,0.20501997659325799,0.7996656717791729,0.0,0.383839522454003,1.012563630039773,0.571546703753622,2.767615528026571,0.009312940803394064,0.008825754702900897,0.002483200390376251,0.013068706770834831,0.013306371599770501,0.10099999999999909,1.0,NORMAL,1.0,0,,172.3747529833376,0.467343698058869,1,arm_c0001,morse_topology_graph,arm_c0001,arm_c0001,4.20364418289031,16.81457673156124,0.0,1.0,2.0,0.0,1.0,2.0,1.0,0.0232708499747015,0.0,0.0070317157356131026,3.0,13.856406460551018,0.0004392632681483425,0.9110841400946222,2.767933431230861,1.9488005591522763,0.826120651232432,2.701504383753839,2.767933431230861,2.0610897563423523,2.759163707844085,1.0,,,,,,,,
154.539,stsm,stsm,arm,1,0.39128162642405123,-0.026017274562961309,0.20526331377311596,0.8005958999906176,0.0,0.38428603199549644,1.020199601583934,0.5710903931212084,2.7761719266912563,0.00933521228024196,0.00882213007945018,0.0024579513116962408,0.013077373287728282,0.013226179648325785,0.09900000000001796,1.0,NORMAL,1.0,0,,172.84064725919916,0.46589427586155807,1,arm_c0001,morse_topology_graph,arm_c0001,arm_c0001,4.20364418289031,16.81457673156124,0.0,1.0,2.0,0.0,1.0,2.0,1.0,0.0232708499747015,0.0,0.0070317157356131026,3.0,13.856406460551018,0.0004408181756367133,0.9102972239094796,2.7764646571813767,1.9477026419576249,0.8267179286021756,2.709674852802005,2.7764646571813767,2.0651400201357957,2.767933431230861,1.0,,,,,,,,
154.6,stsm,stsm,arm,2,0.39202882950167456,-0.025311478853325048,0.2054582574353126,0.8013451251414678,0.0,0.38464566006790457,1.026323517401442,0.5707247037055734,2.783039006316388,0.00983161944241304,0.009286785653109511,0.002565048186798036,0.013765340563452496,0.013414845323303348,0.0759999999999934,1.0,NORMAL,1.0,0,,173.2938190643174,0.4531718051182452,1,arm_c0001,morse_topology_graph,arm_c0001,arm_c0001,4.20364418289031,16.81457673156124,0.0,1.0,2.0,0.0,1.0,2.0,1.0,0.0,0.0,0.007623727384362291,3.0,13.856406460551018,0.0004408181756367133,0.9102972239094796,2.783337534424157,1.947044540563601,0.8270809678463293,2.7162629227027333,2.783337534424157,2.0684314913842052,2.7764646571813767,1.0,,,,,,,,
154.639,stsm,stsm,arm,3,0.3924018385110859,-0.024957803420916733,0.2055559838019374,0.8017183238428647,0.0,0.38482479544457504,1.0293679993239238,0.5705413391013202,2.786452457712684,0.0100813245786832,0.00955879547049342,0.002641253152021353,0.014141424762751108,0.013669134555669512,0.03700000000000614,1.0,NORMAL,1.0,0,,173.2938190643174,0.4531718051182452,1,arm_c0001,morse_topology_graph,arm_c0001,arm_c0001,4.20364418289031,16.81457673156124,0.0,1.0,2.0,0.0,1.0,2.0,1.0,0.0,0.0,0.007623727384362291,3.0,13.856406460551018,0.0004408181756367133,0.9102972239094796,2.7869273904946943,1.9466095269854764,0.8273326766692418,2.719715897261517,2.7869273904946943,2.0701463728527325,2.7764646571813767,1.0,,,,,,,,
154.741,stsm,stsm,arm,3,0.39294012193909467,-0.024452904512152665,0.20566578750570569,0.8022552383117548,0.0,0.3850825143896423,1.033688307318844,0.5703352800218336,2.7913613400420747,0.0053828342800879845,0.005048989087640963,0.0010980370376829154,0.00746142620617073,0.011494640792491571,0.09999999999999432,1.0,NORMAL,1.0,0,,155.14506193175282,-18.148757132564583,1,arm_c0001,morse_topology_graph,arm_c0001,arm_c0001,4.20364418289031,16.81457673156124,0.0,1.0,2.0,0.0,1.0,2.0,1.0,0.0,0.0,0.007623727384362291,3.0,13.856406460551018,0.0,0.0,2.7916547930169777,1.9459983825131528,0.8278884863620306,2.7241450529729763,2.7916547930169777,2.0724216787162844,2.7869273904946943,1.0,,,,,,,,
154.862,stsm,stsm,arm,3,0.39406600148995558,-0.023401757209063567,0.20586069929407042,0.8033735743506741,0.0,0.3856193156883236,1.042594682309259,0.5699694184556989,2.8015569908039555,0.011258795508609728,0.010511473030891574,0.0019491178836473775,0.015525804394884199,0.012900867444875801,0.09999999999999432,1.0,NORMAL,1.0,0,,155.39357425474068,0.24851232298786385,1,arm_c0001,morse_topology_graph,arm_c0001,arm_c0001,4.20364418289031,16.81457673156124,0.0,1.0,2.0,0.0,1.0,2.0,1.0,0.0,0.0,0.007623727384362291,3.0,13.856406460551018,0.0,0.0,2.801900131158755,1.945256413520251,0.8287466017516778,2.7336640179649114,2.801900131158755,2.077391791098899,2.7916547930169777,1.0,,,,,,,,
154.961,stsm,stsm,arm,3,0.39515266736701954,-0.022385996122378654,0.20604850073350689,0.8044476468402005,0.0,0.38613487048329626,1.0510982126458028,0.5696167979419071,2.811297527911207,0.010759068089742311,0.010057040462226954,0.0018594201924403597,0.014844495696069852,0.013579514767588662,0.10099999999999909,1.0,NORMAL,1.0,0,,155.94701039115668,0.5534361364159963,1,arm_c0001,morse_topology_graph,arm_c0001,arm_c0001,4.20364418289031,16.81457673156124,0.0,1.0,2.0,0.0,1.0,2.0,1.0,0.0,0.0,0.007623727384362291,3.0,13.856406460551018,0.0,0.0,2.8117113834555516,1.9445640084625204,0.8295597089892636,2.742792071777635,2.8117113834555516,2.082156793171243,2.801900131158755,1.0,,,,,,,,
155.039,stsm,stsm,arm,3,0.3961605528794464,-0.021448000138336989,0.20622142358520151,0.8054387188771792,0.0,0.386610585061046,1.0588910850875008,0.5692920226524449,2.820232411678171,0.010180661741686579,0.009474706909512765,0.0017466954716630484,0.014016664709927892,0.013731849195634138,0.09899999999998954,1.0,NORMAL,1.0,0,,156.47804231868716,0.5310319275304778,1,arm_c0001,morse_topology_graph,arm_c0001,arm_c0001,4.20364418289031,16.81457673156124,0.0,1.0,2.0,0.0,1.0,2.0,1.0,0.0,0.0,0.007623727384362291,3.0,13.856406460551018,0.0,0.0,2.820589946738056,1.944042576178192,0.8301870094173096,2.751050536513093,2.820589946738056,2.0864675172116627,2.8117113834555516,1.0,,,,,,,,
155.161,stsm,stsm,arm,3,0.39721143593511965,-0.020469268586685921,0.20640162044207863,0.8064672297126293,0.0,0.38710427026206207,1.0669287523523159,0.5689534930769621,2.829453745403969,0.010508830556730074,0.00978731551650846,0.0018019685687707741,0.014473222012136371,0.013991044795069173,0.10000000000002274,1.0,NORMAL,1.0,0,,156.95631390242616,0.47827158373900147,1,arm_c0001,morse_topology_graph,arm_c0001,arm_c0001,4.20364418289031,16.81457673156124,0.0,1.0,2.0,0.0,1.0,2.0,1.0,0.0,0.0,0.007623727384362291,3.0,13.856406460551018,0.0,0.0,2.8298701068510996,1.9432763532989166,0.831154303980925,2.759700865326,2.8298701068510996,2.0910004073642354,2.820589946738056,1.0,,,,,,,,
155.26,stsm,stsm,arm,3,0.3981174444492771,-0.019625515115668332,0.20655672324252733,0.807349910586339,0.0,0.3875279570814427,1.073783606512416,0.5686620314556319,2.8373235056358297,0.00897038132829169,0.008353994762550459,0.0015356712915712775,0.01235375473220352,0.013417883128050513,0.10099999999999909,1.0,NORMAL,1.0,0,,157.4587873850406,0.5024734826144481,1,arm_c0001,morse_topology_graph,arm_c0001,arm_c0001,4.20364418289031,16.81457673156124,0.0,1.0,2.0,0.0,1.0,2.0,1.0,0.0,0.0,0.007623727384362291,3.0,13.856406460551018,0.0,0.0,2.8376874306089963,1.9427053699140662,0.8318590842885175,2.7669884417577744,2.8376874306089963,2.0948100816423385,2.8298701068510996,1.0,,,,,,,,
155.36,stsm,stsm,arm,3,0.39892077155922823,-0.018879646913053272,0.20669354178263316,0.8081292496693857,0.0,0.3879020398413051,1.0797984320460394,0.568404871054147,2.844234592610877,0.007799292329624062,0.007241438860341782,0.0013283353408335748,0.010725291249598225,0.012475416713901044,0.10299999999998022,1.0,NORMAL,1.0,0,,157.88034876499952,0.4215613799589164,1,arm_c0001,morse_topology_graph,arm_c0001,arm_c0001,4.20364418289031,16.81457673156124,0.0,1.0,2.0,0.0,1.0,2.0,1.0,0.0,0.0,0.007623727384362291,3.0,13.856406460551018,0.0,0.0,2.844540891095634,1.942221624750531,0.8325021754239529,2.7733810976643873,2.844540891095634,2.0981614472336263,2.8376874306089963,1.0,,,,,,,,
155.46,stsm,stsm,arm,3,0.39990396690316005,-0.017968021226803535,0.20686044384222113,0.8090789871804311,0.0,0.38835791384660695,1.0870814530085129,0.5680910935639245,2.8526094475994754,0.010136034473523035,0.0093982029510274,0.0017206397895665518,0.013929322124302645,0.012984241283860897,0.09700000000000841,1.0,NORMAL,1.0,0,,158.2497220225533,0.36937325755377515,1,arm_c0001,morse_topology_graph,arm_c0001,arm_c0001,4.20364418289031,16.81457673156124,0.0,1.0,2.0,0.0,1.0,2.0,1.0,0.0,0.0,0.007623727384362291,3.0,13.856406460551018,0.0,0.0,2.852897042517947,1.9416479863181788,0.8332804200538457,2.781185421935384,2.852897042517947,2.102252717706339,2.844540891095634,1.0,,,,,,,,
155.561,stsm,stsm,arm,3,0.40088405301393532,-0.017059372948581189,0.20702656850012344,0.8100213123339403,0.0,0.3888102299202913,1.0942565872757855,0.5677786983092007,2.8608668278392178,0.009608687360541488,0.008908316453159917,0.0016286731166892097,0.013203694594441949,0.013061031910878826,0.10200000000000387,1.0,NORMAL,1.0,0,,158.7020536431976,0.4523316206442871,1,arm_c0001,morse_topology_graph,arm_c0001,arm_c0001,4.20364418289031,16.81457673156124,0.0,1.0,2.0,0.0,1.0,2.0,1.0,0.0,0.0,0.007623727384362291,3.0,13.856406460551018,0.0,0.0,2.86121180879941,1.9410989212618432,0.8340493718238744,2.7889643306380165,2.86121180879941,2.106331108130786,2.852897042517947,1.0,,,,,,,,
155.661,stsm,stsm,arm,3,0.40174529850719393,-0.016263148071564565,0.20717176453193697,0.8108455904407655,0.0,0.3892058834115674,1.100486868783186,0.567505594532331,2.86804393716785,0.008788219318964237,0.008124743643025683,0.0014815921613624346,0.01205982476637671,0.012710592471074323,0.09800000000001319,1.0,NORMAL,1.0,0,,159.1546746543738,0.45262101117620546,1,arm_c0001,morse_topology_graph,arm_c0001,arm_c0001,4.20364418289031,16.81457673156124,0.0,1.0,2.0,0.0,1.0,2.0,1.0,0.0,0.0,0.007623727384362291,3.0,13.856406460551018,0.0,0.0,2.8683591792897007,1.9406210493913665,0.834741791654235,2.7956507999203173,2.8683591792897007,2.1098432050639047,2.86121180879941,1.0,,,,,,,,
155.739,stsm,stsm,arm,3,0.40245917781143725,-0.015604368136957689,0.20729163599361161,0.8115261729540133,0.0,0.3895325630179264,1.1055982524587797,0.5672800793335023,2.8739370677642215,0.008705845173699768,0.008033901641547894,0.0014618470935932426,0.011936176636576073,0.012439532366454625,0.08199999999999363,1.0,NORMAL,1.0,0,,159.5421336654927,0.38745901111892067,1,arm_c0001,morse_topology_graph,arm_c0001,arm_c0001,4.20364418289031,16.81457673156124,0.0,1.0,2.0,0.0,1.0,2.0,1.0,0.0,0.0,0.007623727384362291,3.0,13.856406460551018,0.0,0.0,2.874201081919391,1.9402309855754973,0.8353156917987388,2.801117848802847,2.874201081919391,2.1127164020241187,2.8683591792897007,1.0,,,,,,,,
155.799,stsm,stsm,arm,3,0.4028161827208947,-0.015273869730090581,0.20735178883255712,0.8118657115904376,0.0,0.3896955415634101,1.108138735163009,0.5671668979224483,2.876866886239305,0.009153972037373448,0.008474318124800408,0.0015423804857826616,0.012569336072532186,0.01248496183102568,0.03899999999998727,1.0,NORMAL,1.0,0,,159.5421336654927,0.38745901111892067,1,arm_c0001,morse_topology_graph,arm_c0001,arm_c0001,4.20364418289031,16.81457673156124,0.0,1.0,2.0,0.0,1.0,2.0,1.0,0.0,0.0,0.007623727384362291,3.0,13.856406460551018,0.0,0.0,2.8770744831519544,1.939966405693942,0.8356967972678576,2.803807293441839,2.8770744831519544,2.1141362448888983,2.8683591792897007,1.0,,,,,,,,
155.941,stsm,stsm,arm,3,0.40311045827895464,-0.015000875032838451,0.20740148630092492,0.812145180532589,0.0,0.3898296866556427,1.1102249290273543,0.5670733812282134,2.879273177443799,0.0018507896733330645,0.0017169477814600233,0.0003125626941371494,0.0025438214436046963,0.009005562184656157,0.15899999999999181,1.0,NORMAL,1.0,0,,159.5421336654927,0.38745901111892067,1,arm_c0001,morse_topology_graph,arm_c0001,arm_c0001,4.20364418289031,16.81457673156124,0.0,1.0,2.0,0.0,1.0,2.0,1.0,0.0,0.0,0.007623727384362291,3.0,13.856406460551018,0.0,0.0,2.879388164148426,1.9399590468590282,0.8356869318271003,2.805971136029621,2.879388164148426,2.115251319716044,2.8683591792897007,1.0,,,,,,,,
156.081,stsm,stsm,arm,3,0.4031104582789542,-0.015000875032839353,0.20740148630092614,0.8121451805325886,0.0,0.3898296866556425,1.1102249290273523,0.567073381228211,2.8792731774437943,-3.1720657846429697e-15,-6.443258625056032e-15,8.723180907768165e-15,1.1299179979145062e-14,0.00585361542002455,0.14000000000001478,1.0,NORMAL,1.0,0,,159.5421336654927,0.38745901111892067,1,arm_c0001,morse_topology_graph,arm_c0001,arm_c0001,4.20364418289031,16.81457673156124,0.0,1.0,2.0,0.0,1.0,2.0,1.0,0.0,0.0,0.007623727384362291,3.0,13.856406460551018,0.0,0.0,2.879321759326499,1.9399559383505982,0.8356827637864324,2.805904731207699,2.879321759326499,2.115216298167807,2.8683591792897007,1.0,,,,,,,,
156.22,stsm,stsm,arm,3,0.4031104582789547,-0.015000875032839325,0.20740148630092686,0.812145180532589,0.0,0.3898296866556427,1.110224929027356,0.5670733812282096,2.8792731774437974,3.568574007724065e-15,1.9825411154022584e-16,5.1546069000458716e-15,6.272479369065068e-15,0.0038048500230171366,0.13999999999998636,1.0,NORMAL,1.0,0,,159.5421336654927,0.38745901111892067,1,arm_c0001,morse_topology_graph,arm_c0001,arm_c0001,4.20364418289031,16.81457673156124,0.0,1.0,2.0,0.0,1.0,2.0,1.0,0.0,0.0,0.007623727384362291,3.0,13.856406460551018,0.0,0.0,2.87929370328924,1.9399546250057829,0.8356810027892494,2.805876675170442,2.87929370328924,2.1152015015636785,2.8683591792897007,1.0,,,,,,,,
156.382,stsm,stsm,arm,3,0.40311045827895425,-0.015000875032839436,0.20740148630092697,0.8121451805325886,0.0,0.3898296866556425,1.1102249290273536,0.5670733812282096,2.8792731774437943,-3.1948864017987815e-15,-7.987216004496954e-16,7.987216004496954e-16,3.3886887597489108e-15,0.0024731525149601706,0.13900000000001,1.0,NORMAL,1.0,0,,159.5421336654927,0.38745901111892067,1,arm_c0001,morse_topology_graph,arm_c0001,arm_c0001,4.20364418289031,16.81457673156124,0.0,1.0,2.0,0.0,1.0,2.0,1.0,0.0,0.0,0.007623727384362291,3.0,13.856406460551018,0.0,0.0,2.879281849613494,1.9399540701175955,0.8356802587679395,2.805864821494696,2.879281849613494,2.1151952499984312,2.8683591792897007,1.0,,,,,,,,
156.523,stsm,stsm,arm,3,0.40311045827895475,-0.015000875032839159,0.20740148630092631,0.812145180532589,0.0,0.3898296866556427,1.1102249290273558,0.5670733812282108,2.8792731774437983,2.806743601580495e-15,1.5593020008780528e-15,-3.742324802107326e-15,4.93094588283252e-15,0.0016075491347250328,0.17799999999999727,1.0,NORMAL,1.0,0,,159.5421336654927,0.38745901111892067,1,arm_c0001,morse_topology_graph,arm_c0001,arm_c0001,4.20364418289031,16.81457673156124,0.0,1.0,2.0,0.0,1.0,2.0,1.0,0.0,0.0,0.007623727384362291,3.0,13.856406460551018,0.0,0.0,2.879276841435497,1.9399538356773391,0.8356799444189363,2.8058598133166965,2.879276841435497,2.115192608712117,2.8683591792897007,1.0,,,,,,,,
156.663,stsm,stsm,arm,3,0.40311045827895425,-0.015000875032839422,0.20740148630092659,0.8121451805325886,0.0,0.3898296866556425,1.110224929027353,0.5670733812282103,2.8792731774437943,-3.96508223080398e-15,-2.0926822884798783e-15,2.2028234615577667e-15,4.995360593625268e-15,0.001044906937569862,0.12600000000000477,1.0,NORMAL,1.0,0,,159.5421336654927,0.38745901111892067,1,arm_c0001,morse_topology_graph,arm_c0001,arm_c0001,4.20364418289031,16.81457673156124,0.0,1.0,2.0,0.0,1.0,2.0,1.0,0.0,0.0,0.007623727384362291,3.0,13.856406460551018,0.0,0.0,2.879274725480287,1.9399537366263302,0.8356798116064824,2.805857697361488,2.879274725480287,2.115191492768647,2.8683591792897007,1.0,,,,,,,,
156.8,stsm,stsm,arm,3,0.40311045827895425,-0.015000875032839409,0.20740148630092625,0.8121451805325886,0.0,0.3898296866556425,1.1102249290273525,0.5670733812282108,2.8792731774437943,0.0,9.984020005621192e-17,-2.3961648013490864e-15,2.398243903520151e-15,0.0006791895094203304,0.13900000000001,1.0,NORMAL,1.0,0,,159.5421336654927,0.38745901111892067,1,arm_c0001,morse_topology_graph,arm_c0001,arm_c0001,4.20364418289031,16.81457673156124,0.0,1.0,2.0,0.0,1.0,2.0,1.0,0.0,0.0,0.007623727384362291,3.0,13.856406460551018,0.0,0.0,2.8792738314892126,1.9399536947772784,0.8356797554932206,2.8058568033704123,2.8792738314892126,2.115191021282531,2.8683591792897007,1.0,,,,,,,,
156.942,stsm,stsm,arm,3,0.40311045827895425,-0.015000875032839409,0.20740148630092625,0.8121451805325886,0.0,0.3898296866556425,1.1102249290273525,0.5670733812282108,2.8792731774437943,0.0,0.0,0.0,0.0,0.0004414731811232148,0.13700000000000045,1.0,NORMAL,1.0,0,,159.5421336654927,0.38745901111892067,1,arm_c0001,morse_topology_graph,arm_c0001,arm_c0001,4.20364418289031,16.81457673156124,0.0,1.0,2.0,0.0,1.0,2.0,1.0,0.0,0.0,0.007623727384362291,3.0,13.856406460551018,0.0,0.0,2.8792734537779836,1.9399536770960575,0.8356797317853681,2.805856425659184,2.8792734537779836,2.115190822079648,2.8683591792897007,1.0,,,,,,,,
156.999,stsm,stsm,arm,4,0.40311045827895436,-0.015000875032839256,0.20740148630092542,0.8121451805325887,0.0,0.38982968665564255,1.1102249290273523,0.5670733812282125,2.8792731774437956,1.762258769246611e-15,2.42310580771409e-15,-1.3216940769349582e-14,1.355228840549298e-14,0.0002869575677305398,0.06299999999998818,1.0,NORMAL,1.0,0,,159.5421336654927,0.38745901111892067,1,arm_c0001,morse_topology_graph,arm_c0001,arm_c0001,4.20364418289031,16.81457673156124,0.0,1.0,2.0,0.0,1.0,2.0,1.0,0.0,0.0,0.007623727384362291,3.0,13.856406460551018,0.0,0.0,2.8792732941949906,1.9399536696257371,0.8356797217687996,2.8058562660761877,2.8792732941949906,2.1151907379164285,2.8683591792897007,1.0,,,,,,,,
157.06,stsm,stsm,arm,4,0.40311045827895425,-0.015000875032838992,0.20740148630092509,0.8121451805325886,0.0,0.3898296866556425,1.1102249290273511,0.5670733812282129,2.879273177443795,-2.0185873175000343e-15,4.794144879062582e-15,-6.055761952500103e-15,7.983155560626502e-15,0.00018652241902520633,0.05500000000000682,1.0,NORMAL,1.0,0,,160.12866600952486,0.5865323440321504,1,arm_c0001,morse_topology_graph,arm_c0001,arm_c0001,4.20364418289031,16.81457673156124,0.0,1.0,2.0,0.0,1.0,2.0,1.0,0.0,0.0,0.007623727384362291,3.0,13.856406460551018,0.0,0.0,2.8792732267711747,1.9399536664695227,0.8356797175367985,2.805856198652371,2.8792732267711747,2.1151907023574665,2.8792732941949906,1.0,,,,,,,,
157.1,stsm,stsm,arm,4,0.4031104582789547,-0.015000875032839325,0.20740148630092686,0.812145180532589,0.0,0.3898296866556427,1.110224929027356,0.5670733812282096,2.8792731774437974,7.280150981147726e-15,-5.4601132358607945e-15,2.9120603924590904e-14,3.0509392124223444e-14,0.00012123957236820835,0.06100000000000705,1.0,NORMAL,1.0,0,,160.12866063855571,-5.370969148543736e-06,1,arm_c0001,morse_topology_graph,arm_c0001,arm_c0001,4.20364418289031,16.81457673156124,0.0,1.0,2.0,0.0,1.0,2.0,1.0,0.0,0.0,0.007623727384362291,3.0,13.856406460551018,0.0,0.0,2.8792731982846154,1.9399536651360274,0.835679715748779,2.805856170165818,2.8792731982846154,2.11519068733381,2.8792732267711747,1.0,,,,,,,,
157.14,stsm,stsm,arm,4,0.4031104582789542,-0.015000875032839714,0.20740148630092614,0.8121451805325886,0.0,0.3898296866556425,1.1102249290273516,0.567073381228211,2.8792731774437934,-1.2490009027035496e-14,-9.714451465472052e-15,-1.8041124150162385e-14,2.3996938416640002e-14,7.880572203308088e-05,0.03999999999999204,1.0,NORMAL,1.0,0,,160.12865836932008,-2.269235636731537e-06,1,arm_c0001,morse_topology_graph,arm_c0001,arm_c0001,4.20364418289031,16.81457673156124,0.0,1.0,2.0,0.0,1.0,2.0,1.0,0.0,0.0,0.007623727384362291,3.0,13.856406460551018,0.0,0.0,2.8792731862490393,1.9399536645726267,0.8356797149933408,2.805856158130239,2.8792731862490393,2.1151906809863115,2.8792731982846154,1.0,,,,,,,,
157.18,stsm,stsm,arm,4,0.4031104582789547,-0.015000875032839187,0.20740148630092672,0.812145180532589,0.0,0.3898296866556427,1.110224929027356,0.5670733812282099,2.879273177443798,1.2490009027035496e-14,1.3183898417426358e-14,1.457167719820808e-14,2.3284099281381333e-14,5.122371932842607e-05,0.03999999999999204,1.0,NORMAL,1.0,0,,160.12865741056703,-9.587530485077878e-07,1,arm_c0001,morse_topology_graph,arm_c0001,arm_c0001,4.20364418289031,16.81457673156124,0.0,1.0,2.0,0.0,1.0,2.0,1.0,0.0,0.0,0.007623727384362291,3.0,13.856406460551018,0.0,0.0,2.879273181164014,1.9399536643345865,0.8356797146741679,2.805856153045215,2.879273181164014,2.115190678304496,2.8792731862490393,1.0,,,,,,,,
157.22,stsm,stsm,arm,4,0.4031104582789547,-0.015000875032839187,0.20740148630092672,0.812145180532589,0.0,0.3898296866556427,1.110224929027356,0.5670733812282099,2.879273177443798,0.0,0.0,0.0,0.0,3.3295417563476945e-05,0.02199999999999136,1.0,NORMAL,1.0,0,,160.12865700549628,-4.050707502756268e-07,1,arm_c0001,morse_topology_graph,arm_c0001,arm_c0001,4.20364418289031,16.81457673156124,0.0,1.0,2.0,0.0,1.0,2.0,1.0,0.0,0.0,0.007623727384362291,3.0,13.856406460551018,0.0,0.0,2.879273179015589,1.939953664234018,0.8356797145393176,2.8058561508967905,2.879273179015589,2.115190677171429,2.879273181164014,1.0,,,,,,,,
157.28,stsm,stsm,arm,4,0.40311045827895464,-0.015000875032839228,0.20740148630092634,0.8121451805325889,0.0,0.38982968665564266,1.1102249290273551,0.5670733812282107,2.8792731774437974,-9.570888143316825e-16,-7.178166107487619e-16,-6.699621700321778e-15,6.8056014144679486e-15,2.16420214155574e-05,0.058000000000021146,1.0,NORMAL,1.0,0,,160.12865683435302,-1.71143256011419e-07,1,arm_c0001,morse_topology_graph,arm_c0001,arm_c0001,4.20364418289031,16.81457673156124,0.0,1.0,2.0,0.0,1.0,2.0,1.0,0.0,0.0,0.007623727384362291,3.0,13.856406460551018,0.0,0.0,2.879273178107879,1.9399536641915245,0.8356797144823431,2.8058561499890793,2.879273178107879,2.1151906766927064,2.879273179015589,1.0,,,,,,,,
157.34,stsm,stsm,arm,4,0.40311045827895425,-0.015000875032839422,0.20740148630092659,0.8121451805325886,0.0,0.3898296866556425,1.110224929027353,0.5670733812282103,2.8792731774437943,-6.476300976979835e-15,-3.2381504884899174e-15,4.163336342344179e-15,8.352332753789282e-15,1.4067313917877503e-05,0.060000000000002274,1.0,NORMAL,1.0,0,,160.12865676204427,-7.230875098684919e-08,1,arm_c0001,morse_topology_graph,arm_c0001,arm_c0001,4.20364418289031,16.81457673156124,0.0,1.0,2.0,0.0,1.0,2.0,1.0,0.0,0.0,0.007623727384362291,3.0,13.856406460551018,0.0,0.0,2.879273177724369,1.9399536641735713,0.8356797144582713,2.80585614960557,2.879273177724369,2.115190676490445,2.879273178107879,1.0,,,,,,,,
157.399,stsm,stsm,arm,4,0.40311045827895436,-0.015000875032840047,0.20740148630092586,0.8121451805325886,0.0,0.3898296866556425,1.1102249290273516,0.5670733812282117,2.8792731774437943,1.8200377452877795e-15,-1.023771231724376e-14,-1.1830245344370567e-14,1.5750491922251774e-14,9.143754044157315e-06,0.06099999999997863,1.0,NORMAL,1.0,0,,160.1286567314941,-3.055018282793753e-08,1,arm_c0001,morse_topology_graph,arm_c0001,arm_c0001,4.20364418289031,16.81457673156124,0.0,1.0,2.0,0.0,1.0,2.0,1.0,0.0,0.0,0.007623727384362291,3.0,13.856406460551018,0.0,0.0,2.8792731775623372,1.9399536641659918,0.8356797144481019,2.8058561494435357,2.8792731775623372,2.1151906764049917,2.879273177724369,1.0,,,,,,,,
157.44,stsm,stsm,arm,4,0.40311045827895425,-0.0150008750328397,0.20740148630092578,0.8121451805325886,0.0,0.3898296866556425,1.1102249290273511,0.5670733812282117,2.879273177443794,-1.881733940042718e-15,5.8804185626334935e-15,-1.4113004550320384e-15,6.333404618942871e-15,5.943440129549499e-06,0.0589999999999975,1.0,NORMAL,1.0,0,,160.12865671858617,-1.2907918289783993e-08,1,arm_c0001,morse_topology_graph,arm_c0001,arm_c0001,4.20364418289031,16.81457673156124,0.0,1.0,2.0,0.0,1.0,2.0,1.0,0.0,0.0,0.007623727384362291,3.0,13.856406460551018,0.0,0.0,2.8792731774938782,1.9399536641627868,0.8356797144438048,2.8058561493750767,2.8792731774938782,2.1151906763688864,2.8792731775623372,1.0,,,,,,,,
157.52,stsm,stsm,arm,4,0.40304140059508808,-0.014981269887342955,0.20748134145794861,0.8120845643259149,0.0,0.38980059087643915,1.1099713891305534,0.5669231015958889,2.8787796459287964,-0.0009865383409449727,0.0002800735070962782,0.0011407879574686333,0.0015339805185976532,0.000535927250460744,0.0700000000000216,1.0,NORMAL,1.0,0,,160.12865671313276,-5.453415496958769e-09,1,arm_c0001,morse_topology_graph,arm_c0001,arm_c0001,4.20364418289031,16.81457673156124,0.0,1.0,2.0,0.0,1.0,2.0,1.0,0.0,0.0,0.007623727384362291,3.0,13.856406460551018,0.00182708618612746,0.16497728444350968,2.8787796459287964,1.9369245788630853,0.8350116765014112,2.805716181899717,2.8787796459287964,2.1141080207982523,2.8792731774938782,1.0,,,,,,,,
157.62,stsm,stsm,arm,4,0.40207275115358393,-0.014708028407006593,0.20859676710858033,0.8112333462026242,0.0,0.3893920061772596,1.1063159745964704,0.5648221132021608,2.8717634401785146,-0.009686494415042097,0.0027324148033637695,0.011154256506317819,0.015023704700206824,0.005606636386783275,0.09999999999999432,1.0,NORMAL,1.0,0,,160.13214432200994,0.003487608877179582,1,arm_c0001,morse_topology_graph,arm_c0001,arm_c0001,4.20364418289031,16.81457673156124,0.0,1.0,2.0,0.0,1.0,2.0,1.0,0.0,0.0,0.007623727384362291,3.0,13.856406460551018,0.0018277549165184707,0.16462431474603217,2.871763440178515,1.9264220403747487,0.8326898317716902,2.8036547322849663,2.871763440178515,2.1086325111524804,2.8787796459287964,1.0,,,,,,,,
157.721,stsm,stsm,arm,4,0.40121656725215038,-0.014468457213062114,0.20957954944312807,0.8104794984607655,0.0,0.3890301592611674,1.1029390312227474,0.5629681346344992,2.8654168235791797,-0.00856183901433598,0.0023957119394449307,0.00982782334547794,0.01325257087187712,0.008282707263081834,0.09999999999999432,1.0,NORMAL,1.0,0,,159.67378254652598,-0.45836177548395085,1,arm_c0001,morse_topology_graph,arm_c0001,arm_c0001,4.20364418289031,16.81457673156124,0.0,1.0,2.0,0.0,1.0,2.0,1.0,0.0,0.0,0.007623727384362291,3.0,13.856406460551018,0.0018370964394389074,0.15951064528409498,2.8654168235791793,1.9164247234442109,0.8304711172122021,2.801693838165413,2.8654168235791793,2.1035016256002512,2.871763440178515,1.0,,,,,,,,
157.8,stsm,stsm,arm,4,0.40026023872083094,-0.014206055963733311,0.21066655122695344,0.8096357000001795,0.0,0.38862513600008614,1.0989956434613755,0.5609145413565152,2.8581710208181565,-0.009563285313194935,0.0026240124932881796,0.010870017838254316,0.014713910267174711,0.010533573327683374,0.09999999999999432,1.0,NORMAL,1.0,0,,159.27887010829187,-0.39491243823411537,1,arm_c0001,morse_topology_graph,arm_c0001,arm_c0001,4.20364418289031,16.81457673156124,0.0,1.0,2.0,0.0,1.0,2.0,1.0,0.0,0.0,0.007623727384362291,3.0,13.856406460551018,0.0018458122047933468,0.15474221762162924,2.858171020818156,1.9079864500319936,0.8285904916825196,2.7993247097132867,2.858171020818156,2.098518168061489,2.8654168235791793,1.0,,,,,,,,
157.862,stsm,stsm,arm,4,0.39993596983923668,-0.014118402071876868,0.21103315408158413,0.8093491619288822,0.0,0.38848759772586344,1.0976188381463006,0.5602212475951193,2.8556768453961654,-0.010808962719808206,0.0029217963952146526,0.012220095154355976,0.016574115205186892,0.012647693975782925,0.030000000000001137,1.0,NORMAL,1.0,0,,158.79426640999154,-0.484603698300333,1,arm_c0001,morse_topology_graph,arm_c0001,arm_c0001,4.20364418289031,16.81457673156124,0.0,1.0,2.0,0.0,1.0,2.0,1.0,0.0,0.0,0.007623727384362291,3.0,13.856406460551018,0.0018458122047933468,0.15474221762162924,2.855676845396166,1.902639461576971,0.8273949484848736,2.798480499290096,2.855676845396166,2.0960479386870268,2.858171020818156,1.0,,,,,,,,
157.962,stsm,stsm,arm,4,0.399121444873416,-0.013900077826910689,0.21194940746039714,0.8086285307137172,0.0,0.38814169474258425,1.0940744368316677,0.5584869863064071,2.8493316485943763,-0.007612382858137285,0.0020404135043568185,0.008563115689841312,0.011637809517483543,0.01229418216390281,0.10699999999999932,1.0,NORMAL,1.0,0,,158.66927520766484,-0.12499120232669725,1,arm_c0001,morse_topology_graph,arm_c0001,arm_c0001,4.20364418289031,16.81457673156124,0.0,1.0,2.0,0.0,1.0,2.0,1.0,0.0,0.0,0.007623727384362291,3.0,13.856406460551018,0.0018557228512932722,0.14932076106035164,2.8493316485943763,1.8937026006101667,0.8253902889187468,2.796269749108814,2.8493316485943763,2.091173571808026,2.855676845396166,1.0,,,,,,,,
158.059,stsm,stsm,arm,4,0.3982837336950763,-0.013679113687315267,0.21288582526853306,0.8078860368008203,0.0,0.38778529766439374,1.0903028886760413,0.5567123787386484,2.8426866018799037,-0.00891182104616753,0.002350682336121665,0.009961891575914608,0.013571497543548663,0.012741149847705234,0.09399999999999409,1.0,NORMAL,1.0,0,,158.28351113647645,-0.3857640711883903,1,arm_c0001,morse_topology_graph,arm_c0001,arm_c0001,4.20364418289031,16.81457673156124,0.0,1.0,2.0,0.0,1.0,2.0,1.0,0.0,0.0,0.007623727384362291,3.0,13.856406460551018,0.0018636123590483667,0.14500174897843207,2.8426866018799037,1.8847828214665578,0.8233809743623317,2.793863973516391,2.8426866018799037,2.086178592806296,2.8493316485943763,1.0,,,,,,,,
158.163,stsm,stsm,arm,4,0.39751187633746804,-0.013479125418620203,0.21374205013355649,0.8072006918752885,0.0,0.38745633210013847,1.0867152623697138,0.5550878645416962,2.836460150886837,-0.007642152055525277,0.001980081868267425,0.008477473911120765,0.011584074246936776,0.012336054378938692,0.10100000000002751,1.0,NORMAL,1.0,0,,157.8815962517341,-0.4019148847423537,1,arm_c0001,morse_topology_graph,arm_c0001,arm_c0001,4.20364418289031,16.81457673156124,0.0,1.0,2.0,0.0,1.0,2.0,1.0,0.0,0.0,0.007623727384362291,3.0,13.856406460551018,0.001872080109636742,0.14036342002533025,2.836460150886837,1.8765547732213546,0.8215194197943699,2.7915256329158993,2.836460150886837,2.081514994204615,2.8426866018799037,1.0,,,,,,,,
158.221,stsm,stsm,arm,4,0.39707886512138263,-0.013368501263015822,0.21421943949657005,0.8068157036586112,0.0,0.3872715377561334,1.0846560489869674,0.5541813510255948,2.832924641427307,-0.007216853601426653,0.0018437359267404736,0.007956489383562774,0.010898993594948368,0.011832959211481744,0.05999999999997385,1.0,NORMAL,1.0,0,,157.51080226636532,-0.3707939853687776,1,arm_c0001,morse_topology_graph,arm_c0001,arm_c0001,4.20364418289031,16.81457673156124,0.0,1.0,2.0,0.0,1.0,2.0,1.0,0.0,0.0,0.007623727384362291,3.0,13.856406460551018,0.001872080109636742,0.14036342002533025,2.832924641427307,1.8721380509649257,0.8205166011325383,2.790162536612739,2.832924641427307,2.0789354575343775,2.836460150886837,1.0,,,,,,,,
158.322,stsm,stsm,arm,4,0.39638668730418347,-0.013193725514884347,0.21497834783437197,0.806199550815563,0.0,0.38697578439147023,1.081296641588333,0.552739159368568,2.8272111361639345,-0.006529979407537809,0.0016488278125607319,0.007159512620771353,0.009829439718789974,0.011131615466560009,0.10600000000002296,1.0,NORMAL,1.0,0,,157.29936136419062,-0.2114409021747008,1,arm_c0001,morse_topology_graph,arm_c0001,arm_c0001,4.20364418289031,16.81457673156124,0.0,1.0,2.0,0.0,1.0,2.0,1.0,0.0,0.0,0.007623727384362291,3.0,13.856406460551018,0.0018782712076809665,0.13698311631231241,2.8272111361639345,1.8646247373073004,0.8188059043300517,2.7879084291769094,2.8272111361639345,2.0746375517445492,2.832924641427307,1.0,,,,,,,,
158.421,stsm,stsm,arm,4,0.39557054106060957,-0.012988531186466271,0.21587239179754433,0.8054720040175717,0.0,0.3866265619284344,1.0772369106226556,0.5510384623500845,2.8203739389187463,-0.008413878799732672,0.00211540544760947,0.009216948073943741,0.012657820841761902,0.011665712075098195,0.09699999999997999,1.0,NORMAL,1.0,0,,156.96814684172722,-0.331214522463398,1,arm_c0001,morse_topology_graph,arm_c0001,arm_c0001,4.20364418289031,16.81457673156124,0.0,1.0,2.0,0.0,1.0,2.0,1.0,0.0,0.0,0.007623727384362291,3.0,13.856406460551018,0.0018847481666240792,0.1334373102558239,2.8203739389187463,1.8561107015111196,0.816860723034695,2.785149923759645,2.8203739389187463,2.0696238218060516,2.8272111361639345,1.0,,,,,,,,
158.521,stsm,stsm,arm,4,0.39476834215987117,-0.012790620169909978,0.21674432143258587,0.8047556566173194,0.0,0.3862827151763133,1.0731372688434073,0.5493781052093943,2.813553745846434,-0.008185703068758128,0.002019500168941494,0.008897241173892075,0.01225744737572352,0.011872705615267175,0.09800000000001319,1.0,NORMAL,1.0,0,,156.57032921670182,-0.39781762502539664,1,arm_c0001,morse_topology_graph,arm_c0001,arm_c0001,4.20364418289031,16.81457673156124,0.0,1.0,2.0,0.0,1.0,2.0,1.0,0.0,0.0,0.007623727384362291,3.0,13.856406460551018,0.0018927596866565451,0.12904778360435504,2.8135537458464346,1.8476154337369304,0.8149104572475044,2.7823146039914084,2.8135537458464346,2.0645985602055696,2.8203739389187463,1.0,,,,,,,,
158.62,stsm,stsm,arm,4,0.39387769700532027,-0.012574723771167112,0.21770478604738497,0.8039589383625169,0.0,0.3859002904140081,1.068462758132979,0.5475472376186734,2.8058692245281773,-0.00908821586276565,0.0022030244769683555,0.009800659334686164,0.013546287602473157,0.012458304979966467,0.09799999999998477,1.0,NORMAL,1.0,0,,156.18046248457176,-0.3898667321300593,1,arm_c0001,morse_topology_graph,arm_c0001,arm_c0001,4.20364418289031,16.81457673156124,0.0,1.0,2.0,0.0,1.0,2.0,1.0,0.0,0.0,0.007623727384362291,3.0,13.856406460551018,0.0019008280582783863,0.12462739703271748,2.8058692245281773,1.8387077170173027,0.812855541215673,2.7790256154763195,2.8058692245281773,2.0591145245593685,2.8135537458464346,1.0,,,,,,,,
158.64,stsm,stsm,arm,4,0.39356409426110867,-0.012499861888382535,0.21804116479220512,0.8036780531250418,0.0,0.38576546550002005,1.0667865382418635,0.5469055570592624,2.803135613926188,-0.005406943865715359,0.0012907221169749959,0.005799633531379753,0.00803347712068378,0.010909518223428056,0.058000000000021146,1.0,NORMAL,1.0,0,,155.7381273682311,-0.44233511634067213,1,arm_c0001,morse_topology_graph,arm_c0001,arm_c0001,4.20364418289031,16.81457673156124,0.0,1.0,2.0,0.0,1.0,2.0,1.0,0.0,0.0,0.007623727384362291,3.0,13.856406460551018,0.0019008280582783863,0.12462739703271748,2.803135613926188,1.8371333268342216,0.8124912182969753,2.7778325288659067,2.803135613926188,2.057648171980823,2.8058692245281773,1.0,,,,,,,,
158.742,stsm,stsm,arm,4,0.39293443948081092,-0.012350462007921156,0.21871435898845795,0.8031135791029811,0.0,0.3854945179694309,1.0633754597874947,0.5456206538152938,2.7976042106752006,-0.009125431598519654,0.002165215658860927,0.009756437626854327,0.013533282524034455,0.011827723873152415,0.0689999999999884,1.0,NORMAL,1.0,0,,155.55708086517714,-0.18104650305394898,1,arm_c0001,morse_topology_graph,arm_c0001,arm_c0001,4.20364418289031,16.81457673156124,0.0,1.0,2.0,0.0,1.0,2.0,1.0,0.0,0.0,0.007623727384362291,3.0,13.856406460551018,0.001903695442997139,0.12306914265105308,2.7976042106752006,1.8290077260378323,0.8106065720834019,2.7753847999920747,2.7976042106752006,2.0531508271971273,2.803135613926188,1.0,,,,,,,,
158.841,stsm,stsm,arm,4,0.39206176221182221,-0.012143651285169726,0.21964698185360679,0.80233020359773,0.0,0.38511849772691037,1.0585520337388432,0.5438390584076229,2.7898397934711063,-0.009283800733923016,0.00220011407182386,0.009921519842009513,0.013764665414444892,0.012505607269978902,0.09399999999999409,1.0,NORMAL,1.0,0,,155.2723965060334,-0.28468435914373913,1,arm_c0001,morse_topology_graph,arm_c0001,arm_c0001,4.20364418289031,16.81457673156124,0.0,1.0,2.0,0.0,1.0,2.0,1.0,0.0,0.0,0.007623727384362291,3.0,13.856406460551018,0.0019095244870781594,0.11987908486005988,2.7898397934711063,1.8203977104460378,0.8086017758952498,2.7718891626391633,2.7898397934711063,2.0476821106128895,2.7976042106752006,1.0,,,,,,,,
158.962,stsm,stsm,arm,4,0.39111572470597655,-0.011923304000158202,0.22065096523838595,0.8014794585763831,0.0,0.3847101401166639,1.053194152779353,0.5419192147115665,2.7813029661839668,-0.007883645882046816,0.0018362273750959638,0.00836652820649274,0.011641408746221573,0.012203061844345922,0.12000000000000455,1.0,NORMAL,1.0,0,,154.83326859379304,-0.43912791224036596,1,arm_c0001,morse_topology_graph,arm_c0001,arm_c0001,4.20364418289031,16.81457673156124,0.0,1.0,2.0,0.0,1.0,2.0,1.0,0.0,0.0,0.007623727384362291,3.0,13.856406460551018,0.001918018831436797,0.11522201896498951,2.7813029661839663,1.811164010348355,0.806440428481348,2.7679469686776805,2.7813029661839663,2.0417135934228376,2.7898397934711063,1.0,,,,,,,,
159.002,stsm,stsm,arm,4,0.39068715984773089,-0.011825461377790017,0.22110235659866556,0.8010935173570741,0.0,0.3845248883313956,1.0507230267818914,0.541055418590078,2.7773968510604394,-0.007025653413862489,0.0016039774158717085,0.007399858365238606,0.010329107089576326,0.011547066681142207,0.06100000000000705,1.0,NORMAL,1.0,0,,154.35397242700657,-0.4792961667864688,1,arm_c0001,morse_topology_graph,arm_c0001,arm_c0001,4.20364418289031,16.81457673156124,0.0,1.0,2.0,0.0,1.0,2.0,1.0,0.0,0.0,0.007623727384362291,3.0,13.856406460551018,0.001918018831436797,0.11522201896498951,2.7773968510604394,1.8069755430399783,0.8054556568973615,2.766106570800737,2.7773968510604394,2.0389836554496292,2.7813029661839663,1.0,,,,,,,,
159.121,stsm,stsm,arm,4,0.39002524825775087,-0.01167563447717998,0.2217961854569917,0.8004968273160133,0.0,0.3842384771116864,1.0468551322762998,0.5397269397855128,2.7713173764895123,-0.0065535800988121805,0.001483434659505327,0.0068695926566945155,0.009609437744711185,0.010868802451397552,0.10099999999999909,1.0,NORMAL,1.0,0,,154.1365577185613,-0.21741470844526134,1,arm_c0001,morse_topology_graph,arm_c0001,arm_c0001,4.20364418289031,16.81457673156124,0.0,1.0,2.0,0.0,1.0,2.0,1.0,0.0,0.0,0.007623727384362291,3.0,13.856406460551018,0.0019203620017842057,0.11395738343449997,2.7713173764895127,1.800427623005245,0.8039119156410562,2.763200868296381,2.7713173764895127,2.034714445858049,2.7773968510604394,1.0,,,,,,,,
159.181,stsm,stsm,arm,4,0.38952076927821272,-0.011560097013393084,0.2223284868298408,0.80004166980721,0.0,0.3840200015074608,1.0438687999702345,0.5387071375707471,2.7666376088556524,-0.00885050841295183,0.0020269730488933525,0.009338620576301934,0.01302497421021635,0.011623451645789075,0.05699999999998795,1.0,NORMAL,1.0,0,,153.80142766715383,-0.3351300514074751,1,arm_c0001,morse_topology_graph,arm_c0001,arm_c0001,4.20364418289031,16.81457673156124,0.0,1.0,2.0,0.0,1.0,2.0,1.0,0.0,0.0,0.007623727384362291,3.0,13.856406460551018,0.0019262527845170137,0.11072693091356879,2.7666376088556524,1.7951987295585858,0.8026764489319465,2.7609495863737683,2.7666376088556524,2.0313655934299883,2.7713173764895127,1.0,,,,,,,,
159.28,stsm,stsm,arm,4,0.38861100506010954,-0.011355937278972966,0.22328015588579364,0.7992196881001732,0.0,0.3836254502880831,1.038392493396067,0.5368826294937457,2.7581202612780693,-0.008582681302858346,0.0019260352303780484,0.008978009961817317,0.012568877950301795,0.011954290482581838,0.10600000000002296,1.0,NORMAL,1.0,0,,153.54817049546546,-0.25325717168837514,1,arm_c0001,morse_topology_graph,arm_c0001,arm_c0001,4.20364418289031,16.81457673156124,0.0,1.0,2.0,0.0,1.0,2.0,1.0,0.0,0.0,0.007623727384362291,3.0,13.856406460551018,0.0019310573654097252,0.10809666356435478,2.7581202612780693,1.7865128827336987,0.8006145442298125,2.756771314859283,2.7581202612780693,2.025504750775216,2.7666376088556524,1.0,,,,,,,,
159.381,stsm,stsm,arm,4,0.38774282366851509,-0.011163832121852485,0.22418323997698472,0.7984339966711449,0.0,0.3832483184021495,1.033062708028636,0.5351498103133955,2.749894833415326,-0.008950323624686866,0.001980465537324958,0.009310145270013065,0.01306557850536693,0.012343162330135488,0.09699999999997999,1.0,NORMAL,1.0,0,,153.07887819244655,-0.46929230301890357,1,arm_c0001,morse_topology_graph,arm_c0001,arm_c0001,4.20364418289031,16.81457673156124,0.0,1.0,2.0,0.0,1.0,2.0,1.0,0.0,0.0,0.007623727384362291,3.0,13.856406460551018,0.0019398181786517464,0.10329182587805548,2.7498948334153264,1.7781763799968315,0.7986250525733462,2.7526550580450193,2.7526550580450193,2.0198378310076306,2.7581202612780693,1.0,,,,,,,,
159.44,stsm,stsm,arm,4,0.38720804552998522,-0.011047736073257944,0.22473549439579921,0.7979493740796884,0.0,0.3830156995582504,1.0297298732382498,0.5340894787564284,2.7447844256326173,-0.00922031273327474,0.0020016560102509603,0.009521627910595765,0.013404558618268576,0.012714533506836254,0.057999999999992724,1.0,NORMAL,1.0,0,,152.92568282580817,-0.15319536663838562,1,arm_c0001,morse_topology_graph,arm_c0001,arm_c0001,4.20364418289031,16.81457673156124,0.0,1.0,2.0,0.0,1.0,2.0,1.0,0.0,0.0,0.007623727384362291,3.0,13.856406460551018,0.0019398181786517464,0.10329182587805548,2.744784425632617,1.7731199395266029,0.7974127302733911,2.7500539016455803,2.7500539016455803,2.016342749269548,2.7526550580450193,1.0,,,,,,,,
159.541,stsm,stsm,arm,4,0.38651140877990342,-0.010897886815112168,0.22545112292413633,0.7973173790508936,0.0,0.38271234194442894,1.025333832545468,0.532714725695122,2.7380782792359124,-0.006572044812091054,0.0014136722466579587,0.006751212531480802,0.009527282554764885,0.011598912805036157,0.10600000000002296,1.0,NORMAL,1.0,0,,152.91618778679367,-0.009495039014495887,1,arm_c0001,morse_topology_graph,arm_c0001,arm_c0001,4.20364418289031,16.81457673156124,0.0,1.0,2.0,0.0,1.0,2.0,1.0,0.0,0.0,0.007623727384362291,3.0,13.856406460551018,0.001939877391237444,0.1032839292111159,2.7380782792359124,1.7667410788600664,0.7958785578274259,2.7465938364859532,2.7465938364859532,2.0118229381023394,2.7500539016455803,1.0,,,,,,,,
159.62,stsm,stsm,arm,4,0.38560205297014538,-0.010699899547474204,0.22639161458356594,0.7964914250784403,0.0,0.3823158840376513,1.0195057065432909,0.5309067652212509,2.7292197808806336,-0.009003522868891556,0.001960269976613523,0.009311798608214041,0.013100216629957024,0.012124360610867116,0.10099999999999909,1.0,NORMAL,1.0,0,,152.8973676718216,-0.018820114972072588,1,arm_c0001,morse_topology_graph,arm_c0001,arm_c0001,4.20364418289031,16.81457673156124,0.0,1.0,2.0,0.0,1.0,2.0,1.0,0.0,0.0,0.007623727384362291,3.0,13.856406460551018,0.0019460103122388441,0.09992138304564532,2.7292197808806336,1.759722209006415,0.794186100374849,2.741981403906392,2.741981403906392,2.0062773735420727,2.7465938364859532,1.0,,,,,,,,
159.741,stsm,stsm,arm,4,0.38471501080904058,-0.010511421566487433,0.22730024219487521,0.7956843771658597,0.0,0.3819285010396126,1.0137221168412194,0.5291587740747296,2.720493769121421,-0.008960021829342368,0.0019038179897655585,0.009178056679892648,0.012967005766165478,0.012419214778917395,0.09899999999998954,1.0,NORMAL,1.0,0,,152.84899852478154,-0.0483691470400629,1,arm_c0001,morse_topology_graph,arm_c0001,arm_c0001,4.20364418289031,16.81457673156124,0.0,1.0,2.0,0.0,1.0,2.0,1.0,0.0,0.0,0.007623727384362291,3.0,13.856406460551018,0.001954702145130177,0.09515032174557952,2.720493769121421,1.749875270312069,0.7917965649658645,2.7373458431962416,2.7373458431962416,1.999877861898899,2.741981403906392,1.0,,,,,,,,
159.82,stsm,stsm,arm,4,0.38381941563384242,-0.010325227902238429,0.2282095383412085,0.7948682221335847,0.0,0.3815367466241206,1.0077882140131504,0.527408283741443,2.711601466512299,-0.008955951751982114,0.0018619366424901477,0.009092961463333344,0.012897977671640784,0.01258665083043701,0.09999999999999432,1.0,NORMAL,1.0,0,,152.84388024141467,-0.005118283366869036,1,arm_c0001,morse_topology_graph,arm_c0001,arm_c0001,4.20364418289031,16.81457673156124,0.0,1.0,2.0,0.0,1.0,2.0,1.0,0.0,0.0,0.007623727384362291,3.0,13.856406460551018,0.001963364326538333,0.0904005141781412,2.711601466512299,1.7433217895574595,0.7901966787666171,2.7325331040781418,2.7325331040781418,1.9944132597286293,2.7373458431962416,1.0,,,,,,,,
159.883,stsm,stsm,arm,4,0.38345019938064689,-0.010249476603326882,0.22858284075065957,0.7945313789644429,0.0,0.3813750619029326,1.005314926208591,0.5266892978246333,2.7079106649005995,-0.011538007912356324,0.002367228090985059,0.011665700295342234,0.016577634294467163,0.013983366886122634,0.03200000000001069,1.0,NORMAL,1.0,0,,152.77771020627227,-0.06617003514239173,1,arm_c0001,morse_topology_graph,arm_c0001,arm_c0001,4.20364418289031,16.81457673156124,0.0,1.0,2.0,0.0,1.0,2.0,1.0,0.0,0.0,0.007623727384362291,3.0,13.856406460551018,0.001963364326538333,0.0904005141781412,2.7079106649005995,1.738302959407659,0.7889665010831921,2.730512131478068,2.730512131478068,1.9914230642173798,2.7325331040781418,1.0,,,,,,,,
159.981,stsm,stsm,arm,4,0.38258082461341558,-0.010072790362694303,0.22945724699713554,0.7937373945573917,0.0,0.380993949387548,0.9994316505639043,0.5250044307458371,2.699167425254681,-0.008440531720691645,0.001715400394490911,0.008489381033746596,0.012093583611881047,0.01332185478607247,0.10300000000000864,1.0,NORMAL,1.0,0,,152.7862044318865,0.008494225614214201,1,arm_c0001,morse_topology_graph,arm_c0001,arm_c0001,4.20364418289031,16.81457673156124,0.0,1.0,2.0,0.0,1.0,2.0,1.0,0.0,0.0,0.007623727384362291,3.0,13.856406460551018,0.001959355887643741,0.092627885401049,2.6991674252546813,1.7308364866621582,0.7871293816612526,2.7256685521453172,2.7256685521453172,1.9857004614308522,2.730512131478068,1.0,,,,,,,,
160.08,stsm,stsm,arm,4,0.38175236391382944,-0.0099002033326706512,0.2302997132969368,0.7929799335726399,0.0,0.3806303681148671,0.9937457434092034,0.5233801499156985,2.6907361950124087,-0.0083682898948104,0.0017433033335724271,0.008509760604053963,0.01206165029399955,0.012880782348078018,0.09899999999998954,1.0,NORMAL,1.0,0,,152.73170666647206,-0.05449776541442475,1,arm_c0001,morse_topology_graph,arm_c0001,arm_c0001,4.20364418289031,16.81457673156124,0.0,1.0,2.0,0.0,1.0,2.0,1.0,0.0,0.0,0.007623727384362291,3.0,13.856406460551018,0.0019669772956412545,0.08844612984968728,2.6907361950124087,1.7232038349102266,0.7852462031922458,2.7209678213781654,2.7209678213781654,1.9800385136232617,2.7256685521453172,1.0,,,,,,,,
160.18,stsm,stsm,arm,4,0.3809110751399829,-0.0097303995220205386,0.23114501720813374,0.7922095379676226,0.0,0.38026057822445886,0.9878972458917451,0.5217494938346204,2.682116855918447,-0.008329591820262827,0.0016812258480209323,0.008369345655415352,0.011927051896594688,0.012546918654149695,0.10099999999999909,1.0,NORMAL,1.0,0,,152.68570967738367,-0.045996989088394,1,arm_c0001,morse_topology_graph,arm_c0001,arm_c0001,4.20364418289031,16.81457673156124,0.0,1.0,2.0,0.0,1.0,2.0,1.0,0.0,0.0,0.007623727384362291,3.0,13.856406460551018,0.001975050662644422,0.08401550910999454,2.682116855918447,1.7155914375408112,0.7833554949839859,2.7160767200045495,2.7160767200045495,1.9742851271119484,2.7209678213781654,1.0,,,,,,,,
160.24,stsm,stsm,arm,4,0.3803573224341375,-0.0096202461981272636,0.23169842989006131,0.7917018438932663,0.0,0.3800168850687678,0.984007688594929,0.5206814468475536,2.6764078644045166,-0.009547460445611554,0.001899195239539463,0.009541597964269698,0.013630958705467572,0.012926249451357747,0.057999999999992724,1.0,NORMAL,1.0,0,,152.6303926532762,-0.05531702410746675,1,arm_c0001,morse_topology_graph,arm_c0001,arm_c0001,4.20364418289031,16.81457673156124,0.0,1.0,2.0,0.0,1.0,2.0,1.0,0.0,0.0,0.007623727384362291,3.0,13.856406460551018,0.001975050662644422,0.08401550910999454,2.676407864404517,1.7107293579545213,0.7821422373426532,2.7127981294044483,2.7127981294044483,1.9705193972765351,2.7160767200045495,1.0,,,,,,,,
160.339,stsm,stsm,arm,4,0.37951032701811843,-0.0094525754972483722,0.23254235982662369,0.7909244369591848,0.0,0.37964372974040866,0.9779987169632853,0.5190520331844918,2.6676189168473705,-0.008303876627637622,0.0016438304007733824,0.008273822907473966,0.011836920669573404,0.012544930853313822,0.10200000000000387,1.0,NORMAL,1.0,0,,152.5885756236558,-0.0418170296204039,1,arm_c0001,morse_topology_graph,arm_c0001,arm_c0001,4.20364418289031,16.81457673156124,0.0,1.0,2.0,0.0,1.0,2.0,1.0,0.0,0.0,0.007623727384362291,3.0,13.856406460551018,0.001970831681457861,0.0863608169394122,2.6676189168473705,1.7032598975593125,0.7802721845288876,2.7076972213939348,2.7076972213939348,1.9647120550823762,2.7127981294044483,1.0,,,,,,,,
160.439,stsm,stsm,arm,4,0.37855222815836675,-0.0092584837421617744,0.2335017333852917,0.7900440057230191,0.0,0.37922112274704917,0.9711139645663556,0.517198761213735,2.657577854250159,-0.009301930677199968,0.0018843859717143838,0.009314306394834307,0.013297861799202122,0.012808453430675017,0.10300000000000864,1.0,NORMAL,1.0,0,,152.5208931775356,-0.06768244612018748,1,arm_c0001,morse_topology_graph,arm_c0001,arm_c0001,4.20364418289031,16.81457673156124,0.0,1.0,2.0,0.0,1.0,2.0,1.0,0.0,0.0,0.007623727384362291,3.0,12.411992297887975,0.0022650324577167453,-0.07373882380717457,2.6575778542501594,1.6950886878649438,0.7782206390156494,2.70181545503727,2.70181545503727,1.9581756590420056,2.7076972213939348,1.0,,,,,,,,
160.543,stsm,stsm,arm,4,0.37766682299429077,-0.0090707210895460688,0.23435645700983793,0.7892295274067538,0.0,0.3788301731552418,0.964705087066394,0.5155468263697263,2.648311613998116,-0.008854051640760311,0.0018776265261571624,0.008547236245462705,0.012448893897239657,0.012681962196690245,0.09999999999999432,1.0,NORMAL,1.0,0,,152.4351734110703,-0.08571976646530288,1,arm_c0001,morse_topology_graph,arm_c0001,arm_c0001,4.20364418289031,16.81457673156124,0.0,1.0,2.0,0.0,1.0,2.0,1.0,0.0,0.0,0.007623727384362291,3.0,11.395874671463668,0.002715593757934671,-0.31943246841601836,2.648311613998116,1.6876228567650253,0.776339621388256,2.696244112794461,2.696244112794461,1.9521295512364645,2.70181545503727,1.0,,,,,,,,
160.58,stsm,stsm,arm,4,0.37714977292761026,-0.0089594098955285001,0.23482372701283116,0.788753443914435,0.0,0.3786016530789288,0.9609597550484938,0.5146434164076075,2.6429582684494655,-0.009071053801414432,0.0019528279652209167,0.008197719350760267,0.012381444046787654,0.012573663329218795,0.05699999999998795,1.0,NORMAL,1.0,0,,152.34373123923498,-0.09144217183532533,1,arm_c0001,morse_topology_graph,arm_c0001,arm_c0001,4.20364418289031,16.81457673156124,0.0,1.0,2.0,0.0,1.0,2.0,1.0,0.0,0.0,0.007623727384362291,3.0,11.395874671463668,0.002715593757934671,-0.31943246841601836,2.642958268449465,1.6847960281498888,0.7756243980264304,2.6929165861313473,2.6929165861313473,1.949073820189283,2.696244112794461,1.0,,,,,,,,
160.661,stsm,stsm,arm,4,0.37663281863232884,-0.0088487760719852121,0.23528739052529685,0.788277050800607,0.0,0.37837298438429134,0.9571960622555857,0.5137467699281993,2.6375928673686833,-0.009069373601425892,0.0019409442726887056,0.008134447587114927,0.012336532727612074,0.01248901615931273,0.05700000000001637,1.0,NORMAL,1.0,0,,152.25751805902115,-0.08621318021383217,1,arm_c0001,morse_topology_graph,arm_c0001,arm_c0001,4.20364418289031,16.81457673156124,0.0,1.0,2.0,0.0,1.0,2.0,1.0,0.0,0.0,0.007623727384362291,3.0,11.764291801285047,0.0031925317165585007,-0.5802323440076146,2.6375928673686833,1.678978152224825,0.7741456313936647,2.6895539833822157,2.6895539833822157,1.9450676585923472,2.6929165861313473,1.0,,,,,,,,
160.722,stsm,stsm,arm,4,0.37579610810297959,-0.0086771426049488815,0.23598484193414812,0.7875049527432283,0.0,0.37800237731674957,0.9511078295209351,0.512397639206405,2.629012798787318,-0.010329759621597092,0.002118931691806843,0.008610511220387283,0.013613769089819924,0.012877694623145686,0.08099999999998886,1.0,NORMAL,1.0,0,,152.21782049905872,-0.03969755996243407,1,arm_c0001,morse_topology_graph,arm_c0001,arm_c0001,4.20364418289031,16.81457673156124,0.0,1.0,2.0,0.0,1.0,2.0,1.0,0.0,0.0,0.007623727384362291,3.0,12.345026577796071,0.0033156656588132633,-0.647887538836955,2.629012798787318,1.6722655568223566,0.772422313144095,2.68399902860335,2.68399902860335,1.9394249243392798,2.6895539833822157,1.0,,,,,,,,
160.842,stsm,stsm,arm,4,0.37465186060792566,-0.0084526511926400066,0.23691298532660818,0.78644717662063,0.0,0.3774946447779024,0.9427237204599377,0.5106015940597515,2.6172671359182216,-0.011442474950539945,0.0022449141230888757,0.009281433924601096,0.014903519319627634,0.013582787271299782,0.09999999999999432,1.0,NORMAL,1.0,0,,152.097023628687,-0.12079687037171993,1,arm_c0001,morse_topology_graph,arm_c0001,arm_c0001,4.20364418289031,16.81457673156124,0.0,1.0,2.0,0.0,1.0,2.0,1.0,0.0,0.0,0.007623727384362291,3.0,13.55484034883026,0.0034332200549206963,-0.7126947969800864,2.6172671359182216,1.663944527490406,0.7702651801114851,2.6762560082329343,2.6762560082329343,1.9319332129382616,2.68399902860335,1.0,,,,,,,,
160.942,stsm,stsm,arm,4,0.37375842194910391,-0.0082966344281738269,0.23759709548527863,0.7856194148968257,0.0,0.37709731915047634,0.9361518985771493,0.509277313998065,2.6081459466225163,-0.008428666592656132,0.0014718562685485466,0.0064538694214179735,0.010717332313320192,0.012575110632920095,0.10600000000002296,1.0,NORMAL,1.0,0,,151.90699957878982,-0.19002404989717547,1,arm_c0001,morse_topology_graph,arm_c0001,arm_c0001,4.20364418289031,16.81457673156124,0.0,1.0,2.0,0.0,1.0,2.0,1.0,0.0,0.0,0.007623727384362291,3.0,13.856406460551018,0.003453792447496666,-0.7240526203907854,2.6081459466225163,1.6572268585000238,0.7684984680611039,2.6700792399522664,2.6700792399522664,1.9259876282839776,2.6762560082329343,1.0,,,,,,,,
161.003,stsm,stsm,arm,4,0.37314404383161315,-0.0081909028965376079,0.2380700350206785,0.7850495411398266,0.0,0.3768237797471168,0.9316022964560844,0.5083615947563308,2.6018372120993583,-0.011170511227109221,0.0019223914842956451,0.008598900643637357,0.014227332932528588,0.013150856432276106,0.0549999999999784,1.0,NORMAL,1.0,0,,151.75031008878128,-0.15668949000854582,1,arm_c0001,morse_topology_graph,arm_c0001,arm_c0001,4.20364418289031,16.81457673156124,0.0,1.0,2.0,0.0,1.0,2.0,1.0,0.0,0.0,0.007623727384362291,3.0,13.856406460551018,0.003453792447496666,-0.7240526203907854,2.6018372120993587,1.6527519176531307,0.7673161966647751,2.665788172416069,2.665788172416069,1.9219233747083333,2.6700792399522664,1.0,,,,,,,,
161.1,stsm,stsm,arm,4,0.37220796387431637,-0.0080304877337025043,0.23878935431622533,0.7841802987112622,0.0,0.37640654338140583,0.9246307487006069,0.5069685052249898,2.5921860960182648,-0.009088154925210654,0.0015574287653892247,0.006983682481036628,0.01156684768205367,0.012595518428171809,0.10300000000000864,1.0,NORMAL,1.0,0,,151.6381281527151,-0.11218193606617888,1,arm_c0001,morse_topology_graph,arm_c0001,arm_c0001,4.20364418289031,16.81457673156124,0.0,1.0,2.0,0.0,1.0,2.0,1.0,0.0,0.0,0.007623727384362291,3.0,13.856406460551018,0.003452985585405863,-0.7232793844251905,2.5921860960182648,1.645913139919227,0.7655035885291691,2.65918052746046,2.65918052746046,1.9156958379817803,2.665788172416069,1.0,,,,,,,,
161.199,stsm,stsm,arm,4,0.37115458843375115,-0.0078437755858295766,0.2396165038895896,0.7832009562783729,0.0,0.375936459013619,0.9167101225562536,0.5053661298454267,2.5812136676936723,-0.010640155965306361,0.0018859812916459345,0.00835504619559959,0.013659306033949388,0.012967774989337303,0.09899999999998954,1.0,NORMAL,1.0,0,,151.4634402463824,-0.17468790633270714,1,arm_c0001,morse_topology_graph,arm_c0001,arm_c0001,4.20364418289031,16.81457673156124,0.0,1.0,2.0,0.0,1.0,2.0,1.0,0.0,0.0,0.007623727384362291,3.0,13.856406460551018,0.003456246446370766,-0.7250253473405524,2.5812136676936723,1.6384597074445733,0.7635221381509669,2.651658124657043,2.651658124657043,1.9087134094865639,2.65918052746046,1.0,,,,,,,,
161.28,stsm,stsm,arm,4,0.3704022131861201,-0.0077141020746042399,0.24020731757657304,0.7825004667458207,0.0,0.3756002240379939,0.9110138574656369,0.5042213127703782,2.57333586101983,-0.009523737311784563,0.0016414368509534679,0.007478654265612407,0.012219908221591034,0.012705959643916865,0.07900000000000773,1.0,NORMAL,1.0,0,,151.26008656319246,-0.2033536831899312,1,arm_c0001,morse_topology_graph,arm_c0001,arm_c0001,4.20364418289031,16.81457673156124,0.0,1.0,2.0,0.0,1.0,2.0,1.0,0.0,0.0,0.007623727384362291,3.0,13.856406460551018,0.0034602286775720953,-0.7271720267257573,2.57333586101983,1.6326893010439147,0.7619781643821967,2.6462185014780686,2.6462185014780686,1.9035554569810023,2.651658124657043,1.0,,,,,,,,
161.32,stsm,stsm,arm,4,0.36970944275640039,-0.0075965920788779173,0.24075111764532903,0.7818547715516597,0.0,0.37529029034479666,0.9057418979204455,0.5031674023015721,2.566054362118474,-0.012153867188061659,0.0020615788723910324,0.009540352083435576,0.01558797334319136,0.01371460003120163,0.05700000000001637,1.0,NORMAL,1.0,0,,151.11841783393237,-0.14166872926008978,1,arm_c0001,morse_topology_graph,arm_c0001,arm_c0001,4.20364418289031,16.81457673156124,0.0,1.0,2.0,0.0,1.0,2.0,1.0,0.0,0.0,0.007623727384362291,3.0,13.856406460551018,0.0034602286775720953,-0.7271720267257573,2.5660543621184737,1.6293810451605542,0.7610892374693283,2.6411616583415727,2.6411616583415727,1.8994215757724822,2.6462185014780686,1.0,,,,,,,,
161.401,stsm,stsm,arm,4,0.36901781097639941,-0.007478979196777133,0.24129492780114023,0.7812095326489245,0.0,0.37498057567148374,0.9004532430538879,0.5021132993825849,2.558756650756881,-0.011338225901659359,0.0019280800344397633,0.008914920587072024,0.014551586452688415,0.014007528218665171,0.06099999999997863,1.0,NORMAL,1.0,0,,150.95211034500727,-0.16630748892509928,1,arm_c0001,morse_topology_graph,arm_c0001,arm_c0001,4.20364418289031,16.81457673156124,0.0,1.0,2.0,0.0,1.0,2.0,1.0,0.0,0.0,0.007623727384362291,3.0,13.856406460551018,0.0034584251135939366,-0.7258972104351221,2.558756650756881,1.6227980738252443,0.7593159755107256,2.636069076514432,2.636069076514432,1.8942349441518207,2.6411616583415727,1.0,,,,,,,,
161.48,stsm,stsm,arm,4,0.36810259520405431,-0.0073192244486289387,0.24202526764711577,0.7803548825588913,0.0,0.3745703436282678,0.8934058198312611,0.5006973797910643,2.5490284258094844,-0.01144019715431198,0.0019969343518521157,0.009129248074692774,0.014771899950392863,0.014274986402037365,0.0800000000000125,1.0,NORMAL,1.0,0,,150.83761501211134,-0.1144953328959275,1,arm_c0001,morse_topology_graph,arm_c0001,arm_c0001,4.20364418289031,16.81457673156124,0.0,1.0,2.0,0.0,1.0,2.0,1.0,0.0,0.0,0.007623727384362291,3.0,13.856406460551018,0.0034608038560732237,-0.7271702668907493,2.5490284258094844,1.6164244815556001,0.7575935161884232,2.629266862329261,2.629266862329261,1.8880783214706922,2.636069076514432,1.0,,,,,,,,
161.539,stsm,stsm,arm,4,0.36728835917742531,-0.0071791762468863818,0.24267557652287022,0.7795935747667789,0.0,0.3742049158880539,0.8870998016974219,0.4994363907543332,2.540334683106588,-0.010052296625050772,0.0017289901449700767,0.00802850463894502,0.012980560893003526,0.013821901624074874,0.08099999999998886,1.0,NORMAL,1.0,0,,150.64507996757985,-0.19253504453149617,1,arm_c0001,morse_topology_graph,arm_c0001,arm_c0001,4.20364418289031,16.81457673156124,0.0,1.0,2.0,0.0,1.0,2.0,1.0,0.0,0.0,0.007623727384362291,3.0,13.856406460551018,0.003464156506731791,-0.7289757420391322,2.540334683106588,1.6121023806247663,0.7564199146863702,2.623148684958619,2.623148684958619,1.883001415844086,2.629266862329261,1.0,,,,,,,,
161.62,stsm,stsm,arm,4,0.36646442498047149,-0.0070405950358936042,0.24333429664730202,0.7788222612834376,0.0,0.37383468541605,0.8806845268351049,0.4981588929427696,2.531500366477362,-0.010429546796882684,0.0017541925442122023,0.008338229423186523,0.013467691256641913,0.013697883408346498,0.07900000000000773,1.0,NORMAL,1.0,0,,150.4475683451043,-0.19751162247555953,1,arm_c0001,morse_topology_graph,arm_c0001,arm_c0001,4.20364418289031,16.81457673156124,0.0,1.0,2.0,0.0,1.0,2.0,1.0,0.0,0.0,0.007623727384362291,3.0,13.856406460551018,0.003467211336688247,-0.7306216680544766,2.531500366477362,1.6062904135446343,0.7548338845766398,2.6168940552014837,2.6168940552014837,1.87737967995003,2.623148684958619,1.0,,,,,,,,
161.68,stsm,stsm,arm,4,0.36605737055385218,-0.0069733134116859025,0.24365946304335956,0.7784408575961661,0.0,0.37365161164615973,0.8775036131672888,0.4975282088629734,2.527124291272588,-0.010437292990242208,0.0017251698514800962,0.008337599898913894,0.013469553372513285,0.013617926235817538,0.03899999999998727,1.0,NORMAL,1.0,0,,150.26766748333884,-0.1799008617654465,1,arm_c0001,morse_topology_graph,arm_c0001,arm_c0001,4.20364418289031,16.81457673156124,0.0,1.0,2.0,0.0,1.0,2.0,1.0,0.0,0.0,0.007623727384362291,3.0,13.856406460551018,0.003467211336688247,-0.7306216680544766,2.527124291272588,1.6020147858026355,0.7536611126510575,2.6137806317122694,2.6137806317122694,1.8741452053596377,2.6168940552014837,1.0,,,,,,,,
161.742,stsm,stsm,arm,4,0.36524221237908505,-0.0068398397800974453,0.2443075411745067,0.7776764129035124,0.0,0.37328467819368594,0.8711159816750452,0.49627109021396854,2.518348162986212,-0.010063681169962393,0.0016478226122028231,0.008000964582061813,0.012961806675589254,0.013388257484838502,0.08100000000001728,1.0,NORMAL,1.0,0,,150.20056562565512,-0.06710185768372412,1,arm_c0001,morse_topology_graph,arm_c0001,arm_c0001,4.20364418289031,16.81457673156124,0.0,1.0,2.0,0.0,1.0,2.0,1.0,0.0,0.0,0.007623727384362291,3.0,13.856406460551018,0.0034638839442575377,-0.7285527044934158,2.518348162986212,1.5963337086248135,0.7520972234390801,2.607500465644037,2.607500465644037,1.8685698901735357,2.6137806317122694,1.0,,,,,,,,
161.838,stsm,stsm,arm,4,0.36442651754462796,-0.0066989497567431222,0.24497013055842454,0.7769108238223578,0.0,0.37291719543473173,0.8646776560814852,0.49498566806299177,2.5094913434015664,-0.010196185430715684,0.0017611252919293892,0.008282367298974563,0.013253730331741903,0.01334101562611901,0.07999999999998408,1.0,NORMAL,1.0,0,,150.0152306080559,-0.18533501759921478,1,arm_c0001,morse_topology_graph,arm_c0001,arm_c0001,4.20364418289031,16.81457673156124,0.0,1.0,2.0,0.0,1.0,2.0,1.0,0.0,0.0,0.007623727384362291,3.0,13.856406460551018,0.00346658788985508,-0.7299980627380146,2.5094913434015664,1.590617922195376,0.750522401284061,2.60116019461047,2.60116019461047,1.8629479653728684,2.607500465644037,1.0,,,,,,,,
161.942,stsm,stsm,arm,4,0.36340001557320567,-0.0065261014129574663,0.24580180140695815,0.7759460893843636,0.0,0.37245412290449453,0.8565376288766666,0.49337203437405575,2.4983098755395807,-0.009966038557497114,0.0016781392600547713,0.008074474257607198,0.012935811162908093,0.01319915355080424,0.10300000000000864,1.0,NORMAL,1.0,0,,149.82840685967074,-0.1868237483851658,1,arm_c0001,morse_topology_graph,arm_c0001,arm_c0001,4.20364418289031,16.81457673156124,0.0,1.0,2.0,0.0,1.0,2.0,1.0,0.0,0.0,0.007623727384362291,3.0,13.856406460551018,0.003469591512466926,-0.7316151270985526,2.4983098755395803,1.5836779991526926,0.7485973868708274,2.5930947547809504,2.5930947547809504,1.8559200040860127,2.60116019461047,1.0,,,,,,,,
162.04,stsm,stsm,arm,4,0.36249590202218795,-0.0063771672710209032,0.24653514716584179,0.7750952229685381,0.0,0.37204570702489825,0.8493311592672883,0.491949022029701,2.4884211112904255,-0.00904113551017767,0.0014893414193657153,0.0073334575888368845,0.011736263007623133,0.012687102605236636,0.09999999999999432,1.0,NORMAL,1.0,0,,149.5832889509699,-0.24511790870084837,1,arm_c0001,morse_topology_graph,arm_c0001,arm_c0001,4.20364418289031,16.81457673156124,0.0,1.0,2.0,0.0,1.0,2.0,1.0,0.0,0.0,0.007623727384362291,3.0,13.856406460551018,0.0034734334725880023,-0.7336820379279301,2.4884211112904255,1.5773136951773588,0.7468205716396078,2.5859125593961845,2.5859125593961845,1.849616984375894,2.5930947547809504,1.0,,,,,,,,
162.1,stsm,stsm,arm,4,0.36188505127151283,-0.0062785494378891638,0.24703050568696011,0.774519734736163,0.0,0.3717694726733582,0.8444443600178384,0.4909877418243184,2.481721309251678,-0.010716679836402699,0.001730137423363353,0.008690500370494285,0.013905588765285843,0.013113525573253872,0.05700000000001637,1.0,NORMAL,1.0,0,,149.36657778181498,-0.2167111691549053,1,arm_c0001,morse_topology_graph,arm_c0001,arm_c0001,4.20364418289031,16.81457673156124,0.0,1.0,2.0,0.0,1.0,2.0,1.0,0.0,0.0,0.007623727384362291,3.0,13.856406460551018,0.0034734334725880023,-0.7336820379279301,2.481721309251678,1.5731516115795354,0.7456522751582275,2.581019070888729,2.581019070888729,1.8453860667195425,2.5859125593961845,1.0,,,,,,,,
162.179,stsm,stsm,arm,4,0.3610999482863978,-0.006153209289974676,0.24766368950389883,0.7737793844895765,0.0,0.3714141045549967,0.8381495567904834,0.48975893608637655,2.4731019819214333,-0.009813787313939792,0.001566751848931409,0.007914797711735581,0.01270469029992744,0.012970405522701385,0.07999999999998408,1.0,NORMAL,1.0,0,,149.21514804500242,-0.15142973681255967,1,arm_c0001,morse_topology_graph,arm_c0001,arm_c0001,4.20364418289031,16.81457673156124,0.0,1.0,2.0,0.0,1.0,2.0,1.0,0.0,0.0,0.007623727384362291,3.0,13.856406460551018,0.0034703173775213116,-0.7317490688770366,2.4731019819214333,1.5679948865744462,0.744199880742893,2.5746834202091877,2.5746834202091877,1.83999504236199,2.581019070888729,1.0,,,,,,,,
162.277,stsm,stsm,arm,4,0.36007667528982734,-0.005981006023181093,0.24850588945009283,0.7728135227987307,0.0,0.3709504909433907,0.8298884488453084,0.4881244095364965,2.4617768721239264,-0.009839163428560815,0.0016558006422457768,0.008098076405710494,0.012850278371051545,0.01292822649394459,0.10400000000001342,1.0,NORMAL,1.0,0,,149.0136902426761,-0.20145780232633115,1,arm_c0001,morse_topology_graph,arm_c0001,arm_c0001,4.20364418289031,16.81457673156124,0.0,1.0,2.0,0.0,1.0,2.0,1.0,0.0,0.0,0.007623727384362291,3.0,13.856406460551018,0.0034729376191414774,-0.7331484997763974,2.4617768721239264,1.5610461386126828,0.7422394518918491,2.5663461902473177,2.5663461902473177,1.832852163218944,2.5746834202091877,1.0,,,,,,,,
162.362,stsm,stsm,arm,4,0.35918208576009658,-0.0058348287613603778,0.24924110102263475,0.7719679917744736,0.0,0.3705446360517473,0.8226385724227253,0.486697468834028,2.451848669082974,-0.009128464589090812,0.0014916047124565097,0.007502158903490107,0.011909497830963454,0.01257162831897036,0.09799999999998477,1.0,NORMAL,1.0,0,,148.75154452585676,-0.2621457168193331,1,arm_c0001,morse_topology_graph,arm_c0001,arm_c0001,4.20364418289031,16.81457673156124,0.0,1.0,2.0,0.0,1.0,2.0,1.0,0.0,0.0,0.007623727384362291,3.0,13.856406460551018,0.0034767458997181583,-0.7351974744269486,2.4617768721239264,1.5610461386126828,0.7422394518918491,2.5663461902473177,2.5663461902473177,1.832852163218944,2.5663461902473177,1.0,,,,,,,,
162.42,stsm,stsm,arm,4,0.35857752537471499,-0.0057378282997847946,0.24973813704972447,0.7713960041292999,0.0,0.3702700819820639,0.8177243904700653,0.4857327768897337,2.445123253471163,-0.010606322550551195,0.0017017624837816722,0.008719930299817243,0.013835723979293906,0.013014022661282793,0.05700000000001637,1.0,NORMAL,1.0,0,,148.5187565822419,-0.2327879436148521,1,arm_c0001,morse_topology_graph,arm_c0001,arm_c0001,4.20364418289031,16.81457673156124,0.0,1.0,2.0,0.0,1.0,2.0,1.0,0.0,0.0,0.007623727384362291,3.0,13.856406460551018,0.0034767458997181583,-0.7351974744269486,2.445123253471163,1.5521809178657016,0.7397170392042627,2.5539698520004084,2.5539698520004084,1.8227477656353839,2.558983683217843,1.0,,,,,,,,
162.522,stsm,stsm,arm,4,0.35779039392194512,-0.0056129719290579083,0.25038171774741985,0.7706506011996347,0.0,0.36991228857582464,0.8113165706220543,0.48448365309069663,2.43636311348821,-0.008745905030776041,0.0013872930080764615,0.007150896641059489,0.011382036701255508,0.012442812617079498,0.09000000000000341,1.0,NORMAL,1.0,0,,148.3341165818584,-0.18464000038349582,1,arm_c0001,morse_topology_graph,arm_c0001,arm_c0001,4.20364418289031,16.81457673156124,0.0,1.0,2.0,0.0,1.0,2.0,1.0,0.0,0.0,0.007623727384362291,3.0,13.856406460551018,0.0034732203105650493,-0.7330722001525878,2.4363631134882104,1.5458615264350417,0.7379066187380994,2.547398737129449,2.547398737129449,1.8168824989477002,2.5539698520004084,1.0,,,,,,,,
162.6,stsm,stsm,arm,4,0.35705624939563158,-0.0054894941175016448,0.25099499422298016,0.7699548603217854,0.0,0.36957833295445697,0.8053035657419089,0.4832933555488008,2.428130114566952,-0.00992087197721217,0.0016686190750850056,0.008287519940005988,0.013034223304898843,0.012649631778678479,0.07399999999998386,1.0,NORMAL,1.0,0,,148.13706811286517,-0.1970484689932448,1,arm_c0001,morse_topology_graph,arm_c0001,arm_c0001,4.20364418289031,16.81457673156124,0.0,1.0,2.0,0.0,1.0,2.0,1.0,0.0,0.0,0.007623727384362291,3.0,13.856406460551018,0.003475814558053191,-0.7344566618875018,2.428130114566952,1.5405693967624772,0.7363887140019882,2.541220720208801,2.541220720208801,1.8115772363850544,2.547398737129449,1.0,,,,,,,,
162.701,stsm,stsm,arm,4,0.35595667756740651,-0.0053100052161146327,0.25190887144459934,0.7689115041360604,0.0,0.36907752198530897,0.7962784033690264,0.48151967465075907,2.415787104141155,-0.011220120696172628,0.0018315194019080405,0.009325277771622979,0.014703957877869909,0.013368618517766299,0.09800000000001319,1.0,NORMAL,1.0,0,,147.9413361653691,-0.19573194749605705,1,arm_c0001,morse_topology_graph,arm_c0001,arm_c0001,4.20364418289031,16.81457673156124,0.0,1.0,2.0,0.0,1.0,2.0,1.0,0.0,0.0,0.007623727384362291,3.0,13.856406460551018,0.003478513838000228,-0.7359077920213957,2.4157871041411547,1.533549182466133,0.7343610195254989,2.53188738687238,2.53188738687238,1.8038961732512917,2.541220720208801,1.0,,,,,,,,
162.8,stsm,stsm,arm,4,0.35501156417463831,-0.0051588940757675145,0.2526945427929092,0.7680135151898382,0.0,0.3686464872911223,0.7884971479878631,0.47999489671870554,2.405152047187529,-0.009001079931126633,0.0014391537175917426,0.007482584269618527,0.011793204428879007,0.012817200347356563,0.10499999999998977,1.0,NORMAL,1.0,0,,147.62652734808762,-0.314808817281488,1,arm_c0001,morse_topology_graph,arm_c0001,arm_c0001,4.20364418289031,16.81457673156124,0.0,1.0,2.0,0.0,1.0,2.0,1.0,0.0,0.0,0.007623727384362291,3.0,13.856406460551018,0.0034825989026229624,-0.738102750058671,2.405152047187529,1.5273385304524374,0.7325549337379508,2.523788333718108,2.523788333718108,1.7972084612740065,2.53188738687238,1.0,,,,,,,,
162.86,stsm,stsm,arm,4,0.35442872259954816,-0.0050678876973912074,0.25317942087896833,0.7674591758869914,0.0,0.36838040442575587,0.7836877091117487,0.47905392742041697,2.398581216844913,-0.010997010850757978,0.0017171014787983356,0.00914864313319153,0.01440764922944311,0.013373811023962713,0.05299999999999727,1.0,NORMAL,1.0,0,,147.35317656066613,-0.2733507874214922,1,arm_c0001,morse_topology_graph,arm_c0001,arm_c0001,4.20364418289031,16.81457673156124,0.0,1.0,2.0,0.0,1.0,2.0,1.0,0.0,0.0,0.007623727384362291,3.0,13.856406460551018,0.0034825989026229624,-0.738102750058671,2.3985812168449128,1.5235604829353195,0.7314501945607987,2.518758614317339,2.518758614317339,1.7930876271645926,2.523788333718108,1.0,,,,,,,,
162.94,stsm,stsm,arm,4,0.35365041623323956,-0.0049477702299127596,0.25382340453602115,0.7667182939266991,0.0,0.36802478108481557,0.777261630582944,0.47780426546107946,2.389808971055538,-0.009608720571709074,0.0014829316972644708,0.007950415519168868,0.012559287574196954,0.013088699114068267,0.08100000000001728,1.0,NORMAL,1.0,0,,147.18112578194683,-0.17205077871929575,1,arm_c0001,morse_topology_graph,arm_c0001,arm_c0001,4.20364418289031,16.81457673156124,0.0,1.0,2.0,0.0,1.0,2.0,1.0,0.0,0.0,0.007623727384362291,3.0,13.856406460551018,0.0034784880841762663,-0.7356800178551988,2.3898089710555377,1.5197426981261848,0.7303290842012454,2.5120047802624983,2.5120047802624983,1.7879713834113664,2.518758614317339,1.0,,,,,,,,
163.0,stsm,stsm,arm,4,0.3530465297229245,-0.0048485808678258718,0.25433222235575659,0.7661430742065235,0.0,0.36774867561913127,0.7722518972834167,0.47681696355336334,2.3829606106624346,-0.007364469637989181,0.0012096263669133594,0.0062050953626278105,0.009705762074958445,0.01190457634834308,0.08199999999999363,1.0,NORMAL,1.0,0,,146.92732682770833,-0.25379895423850485,1,arm_c0001,morse_topology_graph,arm_c0001,arm_c0001,4.20364418289031,16.81457673156124,0.0,1.0,2.0,0.0,1.0,2.0,1.0,0.0,0.0,0.007623727384362291,3.0,13.856406460551018,0.003481036191617758,-0.7370418868997722,2.3829606106624346,1.5158894904323597,0.729200019211643,2.506728106391736,2.506728106391736,1.7836945566745435,2.5120047802624983,1.0,,,,,,,,
163.04,stsm,stsm,arm,4,0.35264210001448404,-0.004783703167624942,0.25467258044022001,0.765757580264206,0.0,0.3675636385268189,0.7688936650251765,0.47615657624983065,2.378371460066032,-0.010930532660551075,0.0017534513567815974,0.00919886714765851,0.014393411433855561,0.012775628507192905,0.03700000000000614,1.0,NORMAL,1.0,0,,146.7437087467631,-0.18361808094522303,1,arm_c0001,morse_topology_graph,arm_c0001,arm_c0001,4.20364418289031,16.81457673156124,0.0,1.0,2.0,0.0,1.0,2.0,1.0,0.0,0.0,0.007623727384362291,3.0,13.856406460551018,0.003483249998834351,-0.7382334981648362,2.378371460066032,1.5132835940557363,0.7284331280423458,2.5031789451808644,2.5031789451808644,1.7808167818362446,2.506728106391736,1.0,,,,,,,,
163.141,stsm,stsm,arm,4,0.35183484891952699,-0.0046564293100096327,0.25535149740062718,0.7649875272884378,0.0,0.3671940130984501,0.7621831936428509,0.4748393944296474,2.369204128459386,-0.009844525548257484,0.0015521202148209656,0.008279475126917376,0.012956599430745465,0.012838950391427377,0.08199999999999363,1.0,NORMAL,1.0,0,,146.6199129142739,-0.12379583248920767,1,arm_c0001,morse_topology_graph,arm_c0001,arm_c0001,4.20364418289031,16.81457673156124,0.0,1.0,2.0,0.0,1.0,2.0,1.0,0.0,0.0,0.007623727384362291,3.0,13.856406460551018,0.0034847461886221643,-0.7390348281520287,2.369204128459386,1.506850153702242,0.7265303215331377,2.4960587914932337,2.4960587914932337,1.774660848797,2.5031789451808644,1.0,,,,,,,,
163.2,stsm,stsm,arm,4,0.35123910349979981,-0.0045635442771740919,0.25585186391402326,0.7644187410654804,0.0,0.36692099571143055,0.7572261125203674,0.47386871820545595,2.362434567502734,-0.009929090328785929,0.0015480838805922868,0.008339441889934313,0.013058701677200957,0.012915851234536362,0.060000000000002274,1.0,NORMAL,1.0,0,,146.39062728083894,-0.22928563343495512,1,arm_c0001,morse_topology_graph,arm_c0001,arm_c0001,4.20364418289031,16.81457673156124,0.0,1.0,2.0,0.0,1.0,2.0,1.0,0.0,0.0,0.007623727384362291,3.0,13.856406460551018,0.0034847461886221643,-0.7390348281520287,2.362434567502734,1.5030705012294627,0.725406340986794,2.4907745995689634,2.4907745995689634,1.7704215023219885,2.4960587914932337,1.0,,,,,,,,
163.282,stsm,stsm,arm,4,0.35049328432951043,-0.0044486188907056773,0.25647491254977933,0.7637060848723618,0.0,0.36657892073873366,0.7510207598308034,0.4726601737387176,2.3539659391806165,-0.009322739628619037,0.001436567330855469,0.007788107946952472,0.012232408809081278,0.012676630109773664,0.07999999999998408,1.0,NORMAL,1.0,0,,146.20261990600017,-0.18800737483877583,1,arm_c0001,morse_topology_graph,arm_c0001,arm_c0001,4.20364418289031,16.81457673156124,0.0,1.0,2.0,0.0,1.0,2.0,1.0,0.0,0.0,0.007623727384362291,3.0,13.856406460551018,0.003479997292950889,-0.736290569992268,2.3539659391806165,1.498416479779336,0.7240179422625914,2.4841273512634414,2.4841273512634414,1.7651319281214963,2.4907745995689634,1.0,,,,,,,,
163.381,stsm,stsm,arm,4,0.3494568808207385,-0.0042791153232433349,0.25735439909678431,0.7627148838128378,0.0,0.36610314423016216,0.7423620661368479,0.4709544752346422,2.34213456941449,-0.00987050960735003,0.001614319690117267,0.008376062352426947,0.013045742926427517,0.012805729485859476,0.10500000000001819,1.0,NORMAL,1.0,0,,145.96274361846167,-0.23987628753849322,1,arm_c0001,morse_topology_graph,arm_c0001,arm_c0001,4.20364418289031,16.81457673156124,0.0,1.0,2.0,0.0,1.0,2.0,1.0,0.0,0.0,0.007623727384362291,3.0,13.856406460551018,0.0034824092878491036,-0.7375769954867403,2.34213456941449,1.4919563946454608,0.7220875629566607,2.4748154876288417,2.4748154876288417,1.7577485036613631,2.4841273512634414,1.0,,,,,,,,
163.462,stsm,stsm,arm,4,0.34876761413433471,-0.0041692985319891906,0.25793861524830131,0.7620549641326875,0.0,0.36578638278368997,0.7365988606930758,0.46982162142332107,2.3342618290327746,-0.009190222485385244,0.0014642238833888117,0.007789548686894406,0.012135947002894545,0.012571287805583205,0.07499999999998863,1.0,NORMAL,1.0,0,,145.62492519391097,-0.3378184245507043,1,arm_c0001,morse_topology_graph,arm_c0001,arm_c0001,4.20364418289031,16.81457673156124,0.0,1.0,2.0,0.0,1.0,2.0,1.0,0.0,0.0,0.007623727384362291,3.0,13.856406460551018,0.0034861976567990274,-0.7396113503473317,2.3342618290327746,1.4874811385804754,0.7207417993414992,2.4685820723917824,2.4685820723917824,1.7527667098366329,2.4748154876288417,1.0,,,,,,,,
163.562,stsm,stsm,arm,4,0.34773866505469719,-0.0040089727043845502,0.25881052896576212,0.7610687854595485,0.0,0.3653130170205833,0.7279890384107086,0.4681312046485803,2.3225020455394207,-0.009989796889683822,0.001556561433054631,0.008465181722919823,0.013186289356527311,0.012786519627684975,0.10300000000000864,1.0,NORMAL,1.0,0,,145.39973591318196,-0.2251892807290119,1,arm_c0001,morse_topology_graph,arm_c0001,arm_c0001,4.20364418289031,16.81457673156124,0.0,1.0,2.0,0.0,1.0,2.0,1.0,0.0,0.0,0.007623727384362291,3.0,13.856406460551018,0.0034887626838486546,-0.7409858855158993,2.3225020455394207,1.4812563472456362,0.7188587181846455,2.4592177344570847,2.4592177344570847,1.7454587113566966,2.4685820723917824,1.0,,,,,,,,
163.6,stsm,stsm,arm,4,0.34721641937248249,-0.0039290255623998793,0.2592534518975721,0.7605677794487042,0.0,0.36507253413537805,0.7236159398448136,0.4672726447760305,2.3165288982049264,-0.00900423590025468,0.0013783989997358781,0.00763660227258673,0.011886712843321524,0.012471561736894569,0.057999999999992724,1.0,NORMAL,1.0,0,,145.0506970650346,-0.34903884814735875,1,arm_c0001,morse_topology_graph,arm_c0001,arm_c0001,4.20364418289031,16.81457673156124,0.0,1.0,2.0,0.0,1.0,2.0,1.0,0.0,0.0,0.007623727384362291,3.0,13.856406460551018,0.0034887626838486546,-0.7409858855158993,2.3165288982049264,1.479131056364173,0.7182129367773885,2.4544379616009016,2.4544379616009016,1.7420777132368475,2.4592177344570847,1.0,,,,,,,,
163.64,stsm,stsm,arm,4,0.34687135971265803,-0.0038766289810592269,0.2595452052775164,0.7602365829287338,0.0,0.3649135598057922,0.7207278596660444,0.4667071713914601,2.3125851737920304,-0.009325936752010716,0.0014161238200173973,0.00788522648497988,0.012294523158526848,0.012409582229671694,0.03700000000000614,1.0,NORMAL,1.0,0,,144.85369459396003,-0.19700247107456903,1,arm_c0001,morse_topology_graph,arm_c0001,arm_c0001,4.20364418289031,16.81457673156124,0.0,1.0,2.0,0.0,1.0,2.0,1.0,0.0,0.0,0.007623727384362291,3.0,13.856406460551018,0.00348402828427151,-0.7382709756420074,2.3125851737920304,1.4770134677094544,0.7175678745480284,2.4512714610275244,2.4512714610275244,1.7396094942692595,2.4544379616009016,1.0,,,,,,,,
163.7,stsm,stsm,arm,4,0.3462585490981247,-0.0037779552163981073,0.26006981781756178,0.7596481497576596,0.0,0.3646311118836766,0.7155852118840788,0.46569049821600617,2.305554971741421,-0.010046075648086255,0.0016176026993624305,0.008600205574513386,0.01332305559336699,0.012729221818034845,0.06100000000000705,1.0,NORMAL,1.0,0,,144.73469660182295,-0.11899799213708206,1,arm_c0001,morse_topology_graph,arm_c0001,arm_c0001,4.20364418289031,16.81457673156124,0.0,1.0,2.0,0.0,1.0,2.0,1.0,0.0,0.0,0.007623727384362291,3.0,13.856406460551018,0.0034851548985109686,-0.7388695932290759,2.305554971741421,1.4732315979368007,0.7164179628332563,2.4456228230780885,2.4456228230780885,1.7352068388973916,2.4512714610275244,1.0,,,,,,,,
163.76,stsm,stsm,arm,4,0.3456389241709899,-0.0036796693123615082,0.26060024375993102,0.759052733210593,0.0,0.3643453119410846,0.7103844795330339,0.46466273032179184,2.298445255006503,-0.010327082118912919,0.0016380984006099228,0.008840432372820319,0.013692524821933361,0.013066355873758945,0.060000000000002274,1.0,NORMAL,1.0,0,,144.52239510516924,-0.21230149665370845,1,arm_c0001,morse_topology_graph,arm_c0001,arm_c0001,4.20364418289031,16.81457673156124,0.0,1.0,2.0,0.0,1.0,2.0,1.0,0.0,0.0,0.007623727384362291,3.0,13.856406460551018,0.0034873427122024134,-0.7400433696505451,2.298445255006503,1.4694311508028701,0.715257545914892,2.4398873594236257,2.4398873594236257,1.7307553277869727,2.4456228230780885,1.0,,,,,,,,
163.82,stsm,stsm,arm,4,0.34496620752066975,-0.0035745755025832354,0.26117583880159295,0.7584058030644824,0.0,0.3640347854709515,0.7047383711249224,0.4635476467597297,2.290726606420086,-0.009892891916475157,0.0015454972026220303,0.008464632965618743,0.013111364662650931,0.01308209984320364,0.06799999999998363,1.0,NORMAL,1.0,0,,144.30512505490796,-0.217270050261277,1,arm_c0001,morse_topology_graph,arm_c0001,arm_c0001,4.20364418289031,16.81457673156124,0.0,1.0,2.0,0.0,1.0,2.0,1.0,0.0,0.0,0.007623727384362291,3.0,13.856406460551018,0.003489590023183567,-0.74124817940677,2.290726606420086,1.465332076130064,0.7140004033073137,2.433634129540974,2.433634129540974,1.7259233038496093,2.4398873594236257,1.0,,,,,,,,
163.94,stsm,stsm,arm,4,0.34389974218829972,-0.0034112819260307542,0.26208698364896721,0.7573791705424401,0.0,0.3635420018603712,0.6957915702634507,0.46178297594680845,2.2784957186130703,-0.010772377094647975,0.0016494300661868532,0.009203483306811646,0.014264250165756984,0.013495836853853136,0.09899999999998954,1.0,NORMAL,1.0,0,,144.06626916459174,-0.23885589031621635,1,arm_c0001,morse_topology_graph,arm_c0001,arm_c0001,4.20364418289031,16.81457673156124,0.0,1.0,2.0,0.0,1.0,2.0,1.0,0.0,0.0,0.007623727384362291,3.0,13.856406460551018,0.0034920690029463207,-0.742577372678033,2.2784957186130703,1.4577680836541067,0.7116652086679143,2.423667517971865,2.423667517971865,1.7178991322267392,2.433634129540974,1.0,,,,,,,,
164.0,stsm,stsm,arm,4,0.34333703993369069,-0.0033267972808566498,0.26256677648612625,0.756836972251637,0.0,0.3632817466807858,0.691074461575155,0.46085397268870587,2.272047153196284,-0.010420412122388987,0.0015645304661870585,0.008885052539981945,0.013783210911043132,0.013596391365863734,0.054000000000002046,1.0,NORMAL,1.0,0,,143.70040214233043,-0.3658670222613125,1,arm_c0001,morse_topology_graph,arm_c0001,arm_c0001,4.20364418289031,16.81457673156124,0.0,1.0,2.0,0.0,1.0,2.0,1.0,0.0,0.0,0.007623727384362291,3.0,13.856406460551018,0.0034920690029463207,-0.742577372678033,2.272047153196284,1.4544071303222341,0.7106209316989257,2.4183837815349256,2.4183837815349256,1.7138647491880925,2.423667517971865,1.0,,,,,,,,
164.06,stsm,stsm,arm,4,0.34278299282138047,-0.0032444802416225493,0.26303704859941024,0.756302773516666,0.0,0.36302533128799963,0.6864362667728472,0.4599435737420007,2.2657079453195137,-0.0069255889038766505,0.0010289629904260953,0.00587840141604892,0.009142108603017793,0.012037369304735637,0.0800000000000125,1.0,NORMAL,1.0,0,,143.4940354881877,-0.2063666541427267,1,arm_c0001,morse_topology_graph,arm_c0001,arm_c0001,4.20364418289031,16.81457673156124,0.0,1.0,2.0,0.0,1.0,2.0,1.0,0.0,0.0,0.007623727384362291,3.0,13.856406460551018,0.003487215315867707,-0.7398060581938504,2.2657079453195137,1.452233228393157,0.7099431927126253,2.4131673530955196,2.4131673530955196,1.7102629298802037,2.4183837815349256,1.0,,,,,,,,
164.141,stsm,stsm,arm,4,0.34212295892112965,-0.0031400628604483644,0.2636062708966796,0.7556660329347404,0.0,0.3627196958086754,0.6808942916149362,0.4588418508754759,2.258121871233828,-0.0100005136401636,0.0015820815329421365,0.008624580261656585,0.01330024961170771,0.012479305421947457,0.0660000000000025,1.0,NORMAL,1.0,0,,143.26968562884872,-0.22434985933898588,1,arm_c0001,morse_topology_graph,arm_c0001,arm_c0001,4.20364418289031,16.81457673156124,0.0,1.0,2.0,0.0,1.0,2.0,1.0,0.0,0.0,0.007623727384362291,3.0,13.856406460551018,0.0034889973650834537,-0.740756508924942,2.258121871233828,1.446981970519353,0.7083090097706729,2.4069190367989153,2.4069190367989153,1.7050829720806924,2.4131673530955196,1.0,,,,,,,,
164.22,stsm,stsm,arm,4,0.34104452064521185,-0.0029728937953687196,0.26453348630974116,0.7546246174166151,0.0,0.36221981635997524,0.6718526169784824,0.45704781098008623,2.245744861735159,-0.010677606692255577,0.0016551392582143199,0.009180350624372025,0.014178491041891277,0.013074012907769198,0.10099999999999909,1.0,NORMAL,1.0,0,,143.04586119321823,-0.22382443563049037,1,arm_c0001,morse_topology_graph,arm_c0001,arm_c0001,4.20364418289031,16.81457673156124,0.0,1.0,2.0,0.0,1.0,2.0,1.0,0.0,0.0,0.007623727384362291,3.0,13.785083972065655,0.003501340529780808,-0.7474460632782752,2.245744861735159,1.4419030937094035,0.7067186848447419,2.396663703863328,2.396663703863328,1.697757586038158,2.4069190367989153,1.0,,,,,,,,
164.26,stsm,stsm,arm,4,0.34085234301251677,-0.0029436749615244645,0.26469902468602963,0.7544389019936422,0.0,0.36213067295694823,0.670241765032854,0.4567275937885632,2.2435389337720077,-0.00640592108983571,0.0009739611281417982,0.005517945876281973,0.008510708077587342,0.011476845056076102,0.030000000000001137,1.0,NORMAL,1.0,0,,142.61517334375844,-0.4306878494597868,1,arm_c0001,morse_topology_graph,arm_c0001,arm_c0001,4.20364418289031,16.81457673156124,0.0,1.0,2.0,0.0,1.0,2.0,1.0,0.0,0.0,0.007623727384362291,3.0,13.785083972065655,0.003501340529780808,-0.7474460632782752,2.2435389337720077,1.4396430651052219,0.7060080667994223,2.3948292915078007,2.3948292915078007,1.6960048392961131,2.396663703863328,1.0,,,,,,,,
164.361,stsm,stsm,arm,4,0.33989013044404193,-0.0027989772055621864,0.2655239525138865,0.7535084462480067,0.0,0.3616840541990432,0.662191423092757,0.455132221208693,2.2325161447485,-0.011454911529461953,0.0017225923328841974,0.009820569379248073,0.015186372358984773,0.012775168033198057,0.08400000000000318,1.0,NORMAL,1.0,0,,142.56088971441247,-0.054283629345974305,1,arm_c0001,morse_topology_graph,arm_c0001,arm_c0001,4.20364418289031,16.81457673156124,0.0,1.0,2.0,0.0,1.0,2.0,1.0,0.0,0.0,0.007623727384362291,3.0,13.629413891814774,0.003517887946305062,-0.7563377364871485,2.2325161447485,1.4341122256527288,0.7042622226000231,2.3856230785713275,2.3856230785713275,1.6891284178931447,2.3948292915078007,1.0,,,,,,,,
164.44,stsm,stsm,arm,4,0.33899532704130791,-0.0026585000126440744,0.26629968241761398,0.752642366425831,0.0,0.3612683358843989,0.654696683870656,0.45363257346365526,2.2222399596445412,-0.009038418209435423,0.0014189615446275439,0.007835655593207742,0.01204591026735437,0.01251988008711552,0.09899999999998954,1.0,NORMAL,1.0,0,,142.1871875691772,-0.37370214523525647,1,arm_c0001,morse_topology_graph,arm_c0001,arm_c0001,4.20364418289031,16.81457673156124,0.0,1.0,2.0,0.0,1.0,2.0,1.0,0.0,0.0,0.007623727384362291,3.0,13.376950316765136,0.003558158888100872,-0.778194779684396,2.2222399596445412,1.429922357908179,0.7029375996381801,2.3770080118825336,2.3770080118825336,1.6830269822683586,2.3856230785713275,1.0,,,,,,,,
164.542,stsm,stsm,arm,4,0.3381976888206592,-0.0025411120051620495,0.26698902917377937,0.7518695564121459,0.0,0.36089738707783003,0.6480295210080764,0.45230041502654184,2.213096879524594,-0.009168255409756448,0.001349287442322295,0.007923525932936484,0.012192610346863956,0.012405291631987269,0.08699999999998909,1.0,NORMAL,1.0,0,,141.81906004071715,-0.36812752846006447,1,arm_c0001,morse_topology_graph,arm_c0001,arm_c0001,4.20364418289031,16.81457673156124,0.0,1.0,2.0,0.0,1.0,2.0,1.0,0.0,0.0,0.007623727384362291,3.0,13.144886328320483,0.0035968361298629897,-0.7991877730692261,2.213096879524594,1.4242385273194615,0.7011249627689575,2.369299075640513,2.369299075640513,1.6769398613133815,2.3770080118825336,1.0,,,,,,,,
164.62,stsm,stsm,arm,4,0.33718502876279388,-0.0024008740281829949,0.26786505868553429,0.7508874010615063,0.0,0.36042595250952303,0.6395772888657226,0.45060819304272126,2.201498835479473,-0.010228889473385237,0.0014165452220103955,0.008848782947017754,0.013599181588175224,0.012822998834587807,0.09900000000001796,1.0,NORMAL,1.0,0,,141.52058502715917,-0.2984750135579759,1,arm_c0001,morse_topology_graph,arm_c0001,arm_c0001,4.20364418289031,16.81457673156124,0.0,1.0,2.0,0.0,1.0,2.0,1.0,0.0,0.0,0.007623727384362291,3.0,12.959624699134618,0.0036288516974963938,-0.8165528075434915,2.201498835479473,1.4195382239981023,0.6996145186916,2.359468114942286,2.359468114942286,1.6700299232778653,2.369299075640513,1.0,,,,,,,,
164.66,stsm,stsm,arm,4,0.33673196517130427,-0.0023398805565869457,0.26825608894297881,0.7504476347532228,0.0,0.36021486468154695,0.6358038068755428,0.4498531038699629,2.1963194101802754,-0.014158237234058185,0.0019060459873775932,0.012219695545148165,0.01879919285761981,0.014914515024957008,0.031999999999982265,1.0,NORMAL,1.0,0,,141.0936596450017,-0.4269253821574637,1,arm_c0001,morse_topology_graph,arm_c0001,arm_c0001,4.20364418289031,16.81457673156124,0.0,1.0,2.0,0.0,1.0,2.0,1.0,0.0,0.0,0.007623727384362291,3.0,12.959624699134618,0.0036288516974963938,-0.8165528075434915,2.1963194101802754,1.4169738768430211,0.6987865273083516,2.355056917426183,2.355056917426183,1.6667841829394578,2.359468114942286,1.0,,,,,,,,
164.74,stsm,stsm,arm,4,0.33605433458233402,-0.0022480840127245966,0.26884087830468678,0.7497895132266053,0.0,0.3598989663487705,0.6301678440886521,0.4487241729748476,2.1885804966388758,-0.00996515572014891,0.0013499491744460718,0.008599843554527467,0.01323193109348563,0.014325579732942328,0.06800000000001205,1.0,NORMAL,1.0,0,,140.9088113119082,-0.18484833309349824,1,arm_c0001,morse_topology_graph,arm_c0001,arm_c0001,4.20364418289031,16.81457673156124,0.0,1.0,2.0,0.0,1.0,2.0,1.0,0.0,0.0,0.007623727384362291,3.0,12.846045403732807,0.0036423523318618142,-0.8237911717846005,2.1885804966388753,1.4118921326238636,0.6971416488956388,2.348443730071611,2.348443730071611,1.6615145020574973,2.355056917426183,1.0,,,,,,,,
164.82,stsm,stsm,arm,4,0.33498983441548508,-0.002100643288765594,0.26976609787952832,0.7487547597556129,0.0,0.3594022846826942,0.6213190250724298,0.4469388333676765,2.176414902878413,-0.010645001668490079,0.0014744072395901093,0.00925219574841593,0.014180728591906626,0.014274860865323783,0.09999999999999432,1.0,NORMAL,1.0,0,,140.65177826096283,-0.2570330509453811,1,arm_c0001,morse_topology_graph,arm_c0001,arm_c0001,4.20364418289031,16.81457673156124,0.0,1.0,2.0,0.0,1.0,2.0,1.0,0.0,0.0,0.007623727384362291,3.0,12.719099850606044,0.0036654150196823677,-0.8362930759452502,2.176414902878413,1.407171026969474,0.6956080001866716,2.3380060753124905,2.3380060753124905,1.6543000013367624,2.348443730071611,1.0,,,,,,,,
164.92,stsm,stsm,arm,4,0.3339388767823821,-0.0019640791795334511,0.27067885931077013,0.7477320017166994,0.0,0.3589113608240157,0.6126095130802587,0.4451785192817969,2.164431394902771,-0.010509576331030376,0.0013656410923215067,0.00912761431241856,0.013986762073012436,0.014173941046234904,0.09999999999999432,1.0,NORMAL,1.0,0,,140.1871826653053,-0.46459559565752784,1,arm_c0001,morse_topology_graph,arm_c0001,arm_c0001,4.20364418289031,16.81457673156124,0.0,1.0,2.0,0.0,1.0,2.0,1.0,0.0,0.0,0.007623727384362291,3.0,12.526405005129144,0.00370156477711918,-0.8558879182157204,2.1644313949027705,1.401337101409556,0.6936980820722689,2.3276592937860903,2.3276592937860903,1.6467814680426716,2.3380060753124905,1.0,,,,,,,,
165.04,stsm,stsm,arm,4,0.33287771879522243,-0.0018331964009715707,0.27159765300467442,0.7466981748235445,0.0,0.35841512391530134,0.6038503744221537,0.4434076041732511,2.1523712773342507,-0.010611579871594253,0.0013088277856185071,0.009187936939040874,0.014097405532204255,0.014147010549064268,0.10000000000002274,1.0,NORMAL,1.0,0,,139.743007246416,-0.44417541888930145,1,arm_c0001,morse_topology_graph,arm_c0001,arm_c0001,4.20364418289031,16.81457673156124,0.0,1.0,2.0,0.0,1.0,2.0,1.0,0.0,0.0,0.007623727384362291,3.0,12.359721019312417,0.0037339359995530183,-0.8734215944255396,2.1523712773342507,1.3945111964764272,0.6914434656919783,2.317177540905431,2.317177540905431,1.638875870102022,2.3276592937860903,1.0,,,,,,,,
165.103,stsm,stsm,arm,4,0.33232120399356041,-0.0017682339099467093,0.27207999811989958,0.7461555355557414,0.0,0.35815465706675587,0.5992676608186576,0.4424783446704199,2.146056198111575,-0.010500279276642474,0.0012257073778276367,0.009100851230663825,0.013949326743116448,0.014077623310348389,0.05299999999999727,1.0,NORMAL,1.0,0,,139.30513111460223,-0.4378761318137663,1,arm_c0001,morse_topology_graph,arm_c0001,arm_c0001,4.20364418289031,16.81457673156124,0.0,1.0,2.0,0.0,1.0,2.0,1.0,0.0,0.0,0.007623727384362291,3.0,12.359721019312417,0.0037339359995530183,-0.8734215944255396,2.146056198111575,1.3914937247746673,0.6904398773245226,2.3116642411459463,2.3116642411459463,1.6349135103391779,2.317177540905431,1.0,,,,,,,,
165.202,stsm,stsm,arm,4,0.33166076407589057,-0.0016909726137531306,0.27265112202966552,0.7455111798621966,0.0,0.3578453663338544,0.5938440052555686,0.4413784421501099,2.138578993601729,-0.006289903977808629,0.0007358218685103449,0.005439275331104682,0.008348056180919891,0.012072219659964386,0.10499999999998977,1.0,NORMAL,1.0,0,,139.0635822556946,-0.24154885890763467,1,arm_c0001,morse_topology_graph,arm_c0001,arm_c0001,4.20364418289031,16.81457673156124,0.0,1.0,2.0,0.0,1.0,2.0,1.0,0.0,0.0,0.007623727384362291,3.0,12.296658349819822,0.0037408035045274654,-0.8770558657686232,2.1385789936017296,1.3876848766936365,0.6891715357743153,2.3051116075950353,2.3051116075950353,1.6301367534161795,2.3116642411459463,1.0,,,,,,,,
165.281,stsm,stsm,arm,4,0.33074965288263225,-0.001577231393993947,0.27344636961980107,0.7446216186354307,0.0,0.3574183769450067,0.5863665478993472,0.4398476386730442,2.128254182152829,-0.011988305174452596,0.0014965949968314932,0.010463784080731835,0.015982804348064983,0.013440899523850304,0.0759999999999934,1.0,NORMAL,1.0,0,,138.7789091330325,-0.2846731226620989,1,arm_c0001,morse_topology_graph,arm_c0001,arm_c0001,4.20364418289031,16.81457673156124,0.0,1.0,2.0,0.0,1.0,2.0,1.0,0.0,0.0,0.007623727384362291,3.0,12.216255733633881,0.0037570986678542905,-0.8858691056922141,2.128254182152829,1.3828267030581394,0.6875504967561608,2.2960356645847453,2.2960356645847453,1.6236667616379685,2.3051116075950353,1.0,,,,,,,,
165.381,stsm,stsm,arm,4,0.3296544533994481,-0.0014454633660176824,0.27439983439683202,0.7435512537125679,0.0,0.3569046017820326,0.5774191513608959,0.4380134311935982,2.1158884380490948,-0.010430471268418675,0.0012549335997737304,0.009080616924102756,0.013886223134583785,0.013596745684239665,0.10500000000001819,1.0,NORMAL,1.0,0,,138.37582883491993,-0.4030802981125703,1,arm_c0001,morse_topology_graph,arm_c0001,arm_c0001,4.20364418289031,16.81457673156124,0.0,1.0,2.0,0.0,1.0,2.0,1.0,0.0,0.0,0.007623727384362291,3.0,12.10422926830014,0.0037803424725959415,-0.8984461998480582,2.1158884380490948,1.3772182640224413,0.6856662651949557,2.285099922317209,2.285099922317209,1.615968222395925,2.2960356645847453,1.0,,,,,,,,
171.502,stsm,stsm,arm,4,2.3513368579322729e-05,-4.5077519178302619e-06,0.93899999914932764,0.41113432295239183,0.0,0.19734447501714808,7.513521165231865e-07,0.0004193446218923056,0.6088988939435487,0.0,0.0,0.0,0.0,0.013596745684239665,0.0,0.0,NORMAL,1.0,0,,137.88213779836556,-0.49369103655436675,1,arm_c0001,morse_topology_graph,arm_c0001,arm_c0001,4.20364418289031,16.81457673156124,0.0,1.0,2.0,0.0,1.0,2.0,1.0,0.0,0.0,0.007623727384362291,3.0,12.10422926830014,0.0037803424725959415,-0.8984461998480582,0.6088988939435487,0.6120873093139126,0.6989738269876542,0.6093519246271164,0.6989738269876542,0.632327988718058,2.285099922317209,1.0,,,,,,,,
171.601,stsm,stsm,arm,4,2.3513368465633544e-05,-4.5077519178243234e-06,0.93899999914932764,0.41113432295228525,0.0,0.1973444750170969,7.51352116521118e-07,0.0004193446218921145,0.6088988939433908,-1.1483756131005841e-12,5.998533326465179e-17,0.0,1.1483756146672492e-12,0.008837884695057804,0.09899999999998954,1.0,NORMAL,1.0,0,,137.88213779836556,-0.49369103655436675,1,arm_c0001,morse_topology_graph,arm_c0001,arm_c0001,4.20364418289031,16.81457673156124,0.0,1.0,2.0,0.0,1.0,2.0,1.0,0.0,0.0,0.007623727384362291,3.0,12.10422926830014,0.0037803424725959415,-0.8984461998480582,0.6088988939433908,0.6120873093139514,0.6989738269876757,0.6093519246269583,0.6989738269876757,0.632327988717994,2.285099922317209,1.0,,,,,,,,
171.68,stsm,stsm,arm,4,2.3513368463644466e-05,-4.5077519178241836e-06,0.93899999914932764,0.4111343229522834,0.0,0.19734447501709604,7.513521165210819e-07,0.0004193446218921116,0.6088988939433881,-1.9693834709325983e-14,1.383766696009513e-18,0.0,1.9693834757940442e-14,0.005744625051792752,0.10099999999999909,1.0,NORMAL,1.0,0,,137.88213779836556,-0.49369103655436675,1,arm_c0001,morse_topology_graph,arm_c0001,arm_c0001,4.20364418289031,16.81457673156124,0.0,1.0,2.0,0.0,1.0,2.0,1.0,0.0,0.0,0.007623727384362291,3.0,12.10422926830014,0.0037803424725959415,-0.8984461998480582,0.608898893943388,0.6120873093139514,0.6989738269876757,0.6093519246269555,0.6989738269876757,0.6323279887179927,2.285099922317209,1.0,,,,,,,,
171.78,stsm,stsm,arm,4,2.3513368464831519e-05,-4.507751917824276e-06,0.93899999914932764,0.41113432295228447,0.0,0.19734447501709654,7.513521165211047e-07,0.00041934462189211304,0.6088988939433897,1.1870523010729781e-14,-9.2326591250724e-19,0.0,1.1870523046634684e-14,0.003734006283662167,0.09999999999999432,1.0,NORMAL,1.0,0,,137.88213779836556,-0.49369103655436675,1,arm_c0001,morse_topology_graph,arm_c0001,arm_c0001,4.20364418289031,16.81457673156124,0.0,1.0,2.0,0.0,1.0,2.0,1.0,0.0,0.0,0.007623727384362291,3.0,12.10422926830014,0.0037803424725959415,-0.8984461998480582,0.6088988939433896,0.6120873093139528,0.6989738269876763,0.6093519246269571,0.6989738269876763,0.632327988717994,2.285099922317209,1.0,,,,,,,,
171.899,stsm,stsm,arm,4,2.3513368465633544e-05,-4.5077519178243361e-06,0.93899999914932764,0.41113432295228525,0.0,0.1973444750170969,7.51352116521118e-07,0.0004193446218921145,0.6088988939433908,8.020250045690414e-15,-6.013933925505874e-19,0.0,8.020250068237966e-15,0.0024271040843782997,0.09999999999999432,1.0,NORMAL,1.0,0,,137.88213779836556,-0.49369103655436675,1,arm_c0001,morse_topology_graph,arm_c0001,arm_c0001,4.20364418289031,16.81457673156124,0.0,1.0,2.0,0.0,1.0,2.0,1.0,0.0,0.0,0.007623727384362291,3.0,12.10422926830014,0.0037803424725959415,-0.8984461998480582,0.6088988939433908,0.6120873093139528,0.6989738269876763,0.6093519246269583,0.6989738269876763,0.6323279887179946,2.285099922317209,1.0,,,,,,,,
172.001,stsm,stsm,arm,4,2.351336846497052e-05,-4.5077519178242768e-06,0.93899999914932764,0.41113432295228464,0.0,0.19734447501709662,7.513521165211047e-07,0.00041934462189211386,0.6088988939433899,-6.697207169622786e-15,5.989121849271744e-19,0.0,6.697207196402292e-15,0.0015776176548476563,0.09900000000001796,1.0,NORMAL,1.0,0,,137.88213779836556,-0.49369103655436675,1,arm_c0001,morse_topology_graph,arm_c0001,arm_c0001,4.20364418289031,16.81457673156124,0.0,1.0,2.0,0.0,1.0,2.0,1.0,0.0,0.0,0.007623727384362291,3.0,12.10422926830014,0.0037803424725959415,-0.8984461998480582,0.6088988939433899,0.6120873093139514,0.6989738269876757,0.6093519246269574,0.6989738269876757,0.6323279887179936,2.285099922317209,1.0,,,,,,,,
