t,mode,variant,target,phase,x,y,z,phi_prox,phi_close,phi_dir,phi_body,phi_env,phi_total,vx,vy,vz,speed_raw,speed_filtered,dt_used,velocity_valid,gate_state,gate_scale,gate_stop,gate_reason,adp_value,adp_delta,adp_enabled,selected_corridor_label,selected_corridor_type,corridor_id,execution_corridor_id,path_adp_mean,path_adp_max,path_adp_delta,adp_path_enabled,protected_saddle_count,protected_saddle_max_dist,protected_saddle_ok,mandatory_topology_node_count,mandatory_saddle_reached,mandatory_saddle_max_dist,corridor_violation_count,topology_tracking_error,mpc_segment_count,arm_adp_grad_norm,arm_adp_soft_cost,arm_v_adp_alignment,phi_ee_point,phi_wrist,phi_elbow,phi_object,phi_arm_max_point,phi_arm_mean_point,arm_interest_gate_risk,arm_interest_gate_scale,yaw,phi_center,phi_max_point,phi_mean_point,forbidden_hit,footprint_gate_risk,footprint_gate_scale,footprint_gate_stop
20.642,baseline,baseline,arm,0,-7.6161739270639908e-06,-4.5065229544748484e-06,0.93899999994633943,0.41110515408869536,0.0,0.19733047396257378,7.507860545502467e-07,0.00041929240575739837,0.608855671243081,1.2100470675062e-19,-1.6133960900082665e-19,0.0,2.016745112510333e-19,7.058607893786166e-20,0.04199999999999804,1.0,NORMAL,1.0,0,,0.0,0.0,0,,,,,,,,,,,,,,,,,,,,,0.6088556712430812,0.6120672694878456,0.6989573476007784,0.6093086447894551,0.6989573476007784,0.6322972332802901,0.6989573476007784,1.0,,,,,,,,
20.701,baseline,baseline,arm,0,-7.616173927490765e-06,-4.5065229544748179e-06,0.93899999994633943,0.41110515408869497,0.0,0.19733047396257358,7.507860545502386e-07,0.0004192924057573976,0.6088556712430805,-5.542521588860787e-15,3.9601540391109255e-19,0.0,5.542521603008517e-15,1.9398550302069108e-15,0.07700000000000173,1.0,NORMAL,1.0,0,,0.0,0.0,0,,,,,,,,,,,,,,,,,,,,,0.6088556712430806,0.6120672694878453,0.6989573476007784,0.6093086447894546,0.6989573476007784,0.6322972332802896,0.6989573476007784,1.0,,,,,,,,
20.802,baseline,baseline,arm,0,0.00024483273855849193,-4.5222610967195894e-06,0.9389999573841955,0.41134172872493213,0.0,0.1974440297879674,7.553888649600245e-07,0.00041971608656149744,0.609206229988326,0.0024273933892883133,-1.513282908151122e-07,-4.09251383849997e-07,0.0024273934285046483,0.0008495876999753659,0.1039999999999992,1.0,NORMAL,1.0,0,,0.0,0.0,0,,,,,,,,,,,,,,,,,,0.0,0.0,0.0,0.6092078544426631,0.612765780835698,0.6992465194428189,0.6096612915889948,0.6992465194428189,0.6327203615775436,0.6989573476007784,1.0,,,,,,,,
20.9,baseline,baseline,arm,0,0.0022944882957683923,-4.376875469896649e-06,0.93899625632944106,0.4132646972673181,0.0,0.1983670546883127,7.938187404199763e-07,0.0004231772352755056,0.6120557230096467,0.021575321654841315,1.530375019188865e-06,-3.895847109943016e-05,0.021575356882665524,0.008103606219761571,0.09499999999999886,1.0,NORMAL,1.0,0,,0.0,0.0,0,,,,,,,,,,,,,,,,,,0.0,0.0,0.0,0.6121316823963713,0.614830236376252,0.7000676961887958,0.6125889057029832,0.7000676961887958,0.6349046301661005,0.6992465194428189,1.0,,,,,,,,
21.002,baseline,baseline,arm,0,0.0040205431956514609,-1.6193082257558558e-06,0.93898833282407212,0.41488708718082595,0.0,0.19914580184679645,8.276956687035059e-07,0.00042612262111953365,0.6144598393444106,0.01692210686159866,2.70349729817724e-05,-7.768142518562876e-05,0.016922306755550422,0.01119013642568971,0.10200000000000031,1.0,NORMAL,1.0,0,,0.0,0.0,0,,,,,,,,,,,,,,,,,,0.0,0.0,0.0,0.6146336545758815,0.6165670419575384,0.7006726307583018,0.6150940982219522,0.7006726307583018,0.6367418563784184,0.7000676961887958,1.0,,,,,,,,
21.079,baseline,baseline,arm,0,0.0053473247265894211,5.2176732962741648e-06,0.93897895190618552,0.41613604927124026,0.0,0.19974530365019533,8.547221419943715e-07,0.000428407899317407,0.616310615542895,0.017010019627409875,8.765360925679581e-05,-0.000120268178033377,0.017010670630951984,0.01322726925917092,0.0779999999999994,1.0,NORMAL,1.0,0,,0.0,0.0,0,,,,,,,,,,,,,,,,,,0.0,0.0,0.0,0.616563200452167,0.617876596705227,0.7010281326324633,0.6170261414813616,0.7010281326324633,0.6381235178178047,0.7006726307583018,1.0,,,,,,,,
21.182,baseline,baseline,arm,0,0.0070980504051053068,2.2191062827197375e-05,0.93896181509315957,0.4177865564948785,0.0,0.20053754711754168,8.917552563228866e-07,0.0004314544004394153,0.618756449768116,0.018048718335215073,0.00017498339722601014,-0.00017666817552528677,0.018050431141041393,0.014915246883096294,0.09700000000000131,1.0,NORMAL,1.0,0,,0.0,0.0,0,,,,,,,,,,,,,,,,,,0.0,0.0,0.0,0.6190796284384793,0.6193995551513775,0.7013550980392131,0.6195458968182687,0.7013550980392131,0.6398450446118346,0.7010281326324633,1.0,,,,,,,,
21.281,baseline,baseline,arm,0,0.0082907154752852492,4.2763667563932976e-05,0.93894610445834092,0.4189125464059204,0.0,0.20107802227484178,9.179257722791982e-07,0.00043355631010749235,0.620425042916642,0.01146793336711492,0.00019781350708399767,-0.00015106379633311856,0.011470634078669549,0.013709389821996338,0.1039999999999992,1.0,NORMAL,1.0,0,,0.0,0.0,0,,,,,,,,,,,,,,,,,,0.0,0.0,0.0,0.6207088975692817,0.6203362814028478,0.7013815838898096,0.6211774596622719,0.7013815838898096,0.6409010556310528,0.7013550980392131,1.0,,,,,,,,
21.381,baseline,baseline,arm,0,0.0095016165280758583,7.3997147024528216e-05,0.93892543353942703,0.42005706900354184,0.0,0.20162739312170008,9.453309470600284e-07,0.0004357215833384847,0.6221211290395274,0.012109010527905919,0.000312334794605948,-0.00020670918913889543,0.012114801594649926,0.013150785892675269,0.10000000000000142,1.0,NORMAL,1.0,0,,0.0,0.0,0,,,,,,,,,,,,,,,,,,0.0,0.0,0.0,0.6223851545464048,0.6211775026343007,0.7011702286712366,0.6228560767993584,0.7011702286712366,0.6418972406628252,0.7013815838898096,1.0,,,,,,,,
21.481,baseline,baseline,arm,0,0.010732335808912226,0.00011762956152231712,0.93889775114525376,0.4212216736458852,0.0,0.20218640335002488,9.741090393832424e-07,0.00043796674760545663,0.6238470178525549,0.012431507887236015,0.00044073145957362447,-0.0002796201431644282,0.012442460367400512,0.012902063707744132,0.0990000000000002,1.0,NORMAL,1.0,0,,0.0,0.0,0,,,,,,,,,,,,,,,,,,0.0,0.0,0.0,0.624146138163324,0.6218598814726847,0.7006772415357121,0.6246195034796931,0.7006772415357121,0.6428256911628535,0.7011702286712366,1.0,,,,,,,,
21.581,baseline,baseline,arm,0,0.011885650946174924,0.00017145586088855,0.93886285810866177,0.4223142584175137,0.0,0.20271084404040657,1.0020080226316657e-06,0.00044013070083719015,0.6254662351667801,0.011889846775904378,0.0005549103027446817,-0.000359722026721529,0.01190822328204693,0.012553029628062385,0.09699999999999775,1.0,NORMAL,1.0,0,,0.0,0.0,0,,,,,,,,,,,,,,,,,,0.0,0.0,0.0,0.6257050816722514,0.6222859486826813,0.6999135431676371,0.6261807956907265,0.6999135431676371,0.6435213423033241,0.7006772415357121,1.0,,,,,,,,
21.64,baseline,baseline,arm,0,0.012660826071683562,0.00021910186509457619,0.9388283135957689,0.42304927477118726,0.0,0.20306365189016987,1.0214061715603863e-06,0.0004416594542105938,0.6265556075217393,0.009228275303674299,0.0005672143357860286,-0.000411244201105532,0.009254832195997348,0.01139682759105822,0.08399999999999963,1.0,NORMAL,1.0,0,,0.0,0.0,0,,,,,,,,,,,,,,,,,,0.0,0.0,0.0,0.6267613936410965,0.6223142665438144,0.6991958104336881,0.6272387589947176,0.6991958104336881,0.6438775574033291,0.6999135431676371,1.0,,,,,,,,
21.74,baseline,baseline,arm,0,0.013531122288941044,0.00028302261629204579,0.9387753562392922,0.42387511051933724,0.0,0.20346005304928186,1.0438989875566888e-06,0.0004434714430830965,0.6277796789106898,0.011603949563432659,0.0008522766826328956,-0.000706098086355995,0.011656611665574362,0.011484711202819116,0.07500000000000284,1.0,NORMAL,1.0,0,,0.0,0.0,0,,,,,,,,,,,,,,,,,,0.0,0.0,0.0,0.6279783117707,0.622108073765179,0.6974293402047416,0.6284576245023881,0.6974293402047416,0.643993337560752,0.6991958104336881,1.0,,,,,,,,
21.84,baseline,baseline,arm,0,0.014429656731804037,0.00036280300058011568,0.93869500878870737,0.42472842826313034,0.0,0.20386964556630255,1.0681499136422925e-06,0.00044551608752738353,0.6290446580668739,0.008476740027009513,0.0007526451347931258,-0.0007579948168380121,0.008543778574306937,0.010451238703713017,0.1059999999999981,1.0,NORMAL,1.0,0,,0.0,0.0,0,,,,,,,,,,,,,,,,,,0.0,0.0,0.0,0.6292163568572606,0.6215582602474039,0.6953002504826014,0.6296978495465861,0.6953002504826014,0.643943179283463,0.6974293402047416,1.0,,,,,,,,
21.942,baseline,baseline,arm,0,0.015301226644869817,0.0004557480310932326,0.93857698652621968,0.4255567936419543,0.0,0.20426726094813807,1.0930374464968414e-06,0.00044777228726654723,0.6302729199148054,0.008893570541487645,0.0009484186787052846,-0.0012043088008948457,0.00902471354971706,0.00994284211003273,0.09799999999999898,1.0,NORMAL,1.0,0,,0.0,0.0,0,,,,,,,,,,,,,,,,,,0.0,0.0,0.0,0.6304243389871138,0.6206277044494036,0.6926123667925399,0.6309082116936298,0.6926123667925399,0.6436431554806717,0.6953002504826014,1.0,,,,,,,,
22.021,baseline,baseline,arm,0,0.016032181364807468,0.00055224109201030386,0.93841123787021297,0.4262519958601291,0.0,0.20460095801286196,1.1157817108163796e-06,0.0004501200272881405,0.63130418968199,0.007096647766384864,0.000936825834146309,-0.00160921025249235,0.00733686648375079,0.009009406895598246,0.10300000000000153,1.0,NORMAL,1.0,0,,0.0,0.0,0,,,,,,,,,,,,,,,,,,0.0,0.0,0.0,0.6314428160704483,0.6194957320192727,0.6899746093226113,0.6319291272614111,0.6899746093226113,0.6432105711684359,0.6926123667925399,1.0,,,,,,,,
22.101,baseline,baseline,arm,0,0.016498920282859597,0.00062372338593305794,0.93826109370691058,0.42669612851402805,0.0,0.20481414168673345,1.1315139976799264e-06,0.0004519239588762137,0.6319633256736354,0.008334623536645014,0.0012764695343348727,-0.0026811457732569253,0.008847817054343721,0.008913331276798,0.05600000000000094,1.0,NORMAL,1.0,0,,0.0,0.0,0,,,,,,,,,,,,,,,,,,0.0,0.0,0.0,0.6320711875367568,0.6178807309691609,0.6865568036117362,0.6325593516111816,0.6865568036117362,0.6422670184322089,0.6899746093226113,1.0,,,,,,,,
22.201,baseline,baseline,arm,0,0.017139360102340739,0.00074083892244997834,0.93795458526720954,0.4273058136504536,0.0,0.20510679055221773,1.1556984882272107e-06,0.0004550939829482461,0.6328688538841079,0.006217862325059755,0.0011370440438536185,-0.0029758100941848784,0.006986424462320702,0.008179231387823364,0.10299999999999798,1.0,NORMAL,1.0,0,,0.0,0.0,0,,,,,,,,,,,,,,,,,,0.0,0.0,0.0,0.6329608723704833,0.6154071347542279,0.6817150706960118,0.6334522525505816,0.6817150706960118,0.6408838325928261,0.6865568036117362,1.0,,,,,,,,
22.259,baseline,baseline,arm,0,0.017709302326618263,0.00086457449223156075,0.9375486809535396,0.4278486296202657,0.0,0.20536734221772754,1.180681301969555e-06,0.00045884617702390476,0.6336759986963192,0.007036323756512684,0.0015275996269331253,-0.005011164366295534,0.00877241021229064,0.00826413928542023,0.08099999999999952,1.0,NORMAL,1.0,0,,0.0,0.0,0,,,,,,,,,,,,,,,,,,0.0,0.0,0.0,0.6337777448926303,0.6133644650991504,0.6778996027994537,0.6342728890182106,0.6778996027994537,0.6398286754523612,0.6817150706960118,1.0,,,,,,,,
22.381,baseline,baseline,arm,0,0.018399968150530861,0.0010522063551153991,0.93678906769192172,0.4285066794707074,0.0,0.20568320614593955,1.2179492037888974e-06,0.0004652934816585458,0.6346563970475093,0.006976422463763601,0.0018952713422609895,-0.007672861228463483,0.010542073955581953,0.00885400106714135,0.0990000000000002,1.0,NORMAL,1.0,0,,0.0,0.0,0,,,,,,,,,,,,,,,,,,0.0,0.0,0.0,0.6347405597266818,0.6082344552514661,0.6687747162106443,0.6352421026493598,0.6687747162106443,0.636747958459538,0.6778996027994537,1.0,,,,,,,,
22.481,baseline,baseline,arm,0,0.019012987615330709,0.0012665925680898412,0.93575715968718232,0.42909091220517,0.0,0.2059636378584816,1.2606571635002413e-06,0.00047361526376326723,0.6355294259845783,0.006130194647998386,0.002143862129744391,-0.010319080047393866,0.012192573324701491,0.009766781415789065,0.10000000000000142,1.0,NORMAL,1.0,0,,0.0,0.0,0,,,,,,,,,,,,,,,,,,0.0,0.0,0.0,0.6356135293943361,0.6030772198896313,0.6599665688886377,0.6361232587894559,0.6599665688886377,0.6336951442405152,0.6687747162106443,1.0,,,,,,,,
22.58,baseline,baseline,arm,0,0.019632189276192032,0.0015463777776880418,0.93423009023677195,0.4296810709361424,0.0,0.20624691404934833,1.317505012991051e-06,0.00048566810975498166,0.6364149706002586,0.00619201660861315,0.0027978520959819663,-0.01527069450410346,0.016714160363894663,0.01194049574097817,0.10000000000000142,1.0,NORMAL,1.0,0,,0.0,0.0,0,,,,,,,,,,,,,,,,,,0.0,0.0,0.0,0.6364908419334726,0.5970064158446463,0.6498833309383988,0.6370123443949857,0.6498833309383988,0.6300982332778758,0.6599665688886377,1.0,,,,,,,,
22.682,baseline,baseline,arm,0,0.020183618109190605,0.0018733308114396176,0.93228635117716485,0.43020647981043963,0.0,0.20649911030901102,1.385637118771693e-06,0.0005009867866761424,0.6372079625432456,0.005514288329985843,0.003269530337515828,-0.019437390596071382,0.020467275285157002,0.01473180250898878,0.09999999999999787,1.0,NORMAL,1.0,0,,0.0,0.0,0,,,,,,,,,,,,,,,,,,0.0,0.0,0.0,0.6372674915600058,0.590574854122287,0.6394505222157113,0.6378038617328307,0.6394505222157113,0.6262741824077087,0.6498833309383988,1.0,,,,,,,,
22.781,baseline,baseline,arm,0,0.02067130413699669,0.002240590815615698,0.93000278220761634,0.43067082727284495,0.0,0.20672199709096556,1.464399648767563e-06,0.0005192536028871853,0.6379135423663465,0.004828574532733557,0.0036362376651097395,-0.02260959375790625,0.023403655404079064,0.01764723741423384,0.10099999999999909,1.0,NORMAL,1.0,0,,0.0,0.0,0,,,,,,,,,,,,,,,,,,0.0,0.0,0.0,0.6379712300105262,0.5844323966097061,0.6296413786546391,0.6385252283448963,0.6385252283448963,0.622642558404942,0.6394505222157113,1.0,,,,,,,,
22.882,baseline,baseline,arm,0,0.021035016546364704,0.0025849959313452679,0.92781307789595158,0.4310167082401767,0.0,0.2068880199552848,1.5400890795278427e-06,0.0005371462680215602,0.6384434145525626,0.0036738627208890216,0.0034788395528239317,-0.02211822537035111,0.022689545730575432,0.019343559296956494,0.0990000000000002,1.0,NORMAL,1.0,0,,0.0,0.0,0,,,,,,,,,,,,,,,,,,0.0,0.0,0.0,0.6384832604530276,0.5790535702662608,0.6211829601500928,0.6390544343291413,0.6390544343291413,0.6194435562996307,0.6385252283448963,1.0,,,,,,,,
22.981,baseline,baseline,arm,0,0.021382134443171621,0.0029789273272209965,0.92529658926349323,0.4313462809526226,0.0,0.20704621485725885,1.6288730231769567e-06,0.0005582728125118947,0.6389523974954165,0.0034711789680691293,0.00393931395875723,-0.02516488632458311,0.025706784739115373,0.021527631082021794,0.10000000000000142,1.0,NORMAL,1.0,0,,0.0,0.0,0,,,,,,,,,,,,,,,,,,0.0,0.0,0.0,0.6389840250144199,0.5734717874568068,0.6124923757433813,0.6395753781866249,0.6395753781866249,0.6161308916003082,0.6390544343291413,1.0,,,,,,,,
23.082,baseline,baseline,arm,0,0.021705722735132438,0.0034137060542916184,0.92251154201644958,0.4316528361188746,0.0,0.20719336133705982,1.730219346695709e-06,0.0005824250042989091,0.63943035267958,0.003235882919608117,0.004347787270706157,-0.027850472470436087,0.028372927400027732,0.023896817905639838,0.10000000000000142,1.0,NORMAL,1.0,0,,0.0,0.0,0,,,,,,,,,,,,,,,,,,0.0,0.0,0.0,0.6394588735902239,0.5682304435236396,0.604390868425986,0.6400731737119817,0.6400731737119817,0.6130383398129577,0.6395753781866249,1.0,,,,,,,,
23.177,baseline,baseline,arm,0,0.021954204332485218,0.0037985408314481391,0.92006194284999299,0.4318876274607874,0.0,0.20730606118117795,1.8226247569354036e-06,0.0006043878319979119,0.6397998990987201,0.0024848159735278543,0.003848347771565289,-0.024495991664566476,0.024920627974104523,0.02424130997315816,0.09999999999999787,1.0,NORMAL,1.0,0,,0.0,0.0,0,,,,,,,,,,,,,,,,,,0.0,0.0,0.0,0.6398207555710851,0.5639018619064259,0.597744847969416,0.6404558173205458,0.6404558173205458,0.6104808206918682,0.6400731737119817,1.0,,,,,,,,
23.281,baseline,baseline,arm,0,0.022179552014849224,0.0041943558580828438,0.91756353695004056,0.4320999277847015,0.0,0.20740796533665673,1.9202999078401883e-06,0.0006275146389681183,0.6401373280602343,0.002253476823640031,0.003958150266346991,-0.02498405899952392,0.025395832638788546,0.02463645889196948,0.10000000000000142,1.0,NORMAL,1.0,0,,0.0,0.0,0,,,,,,,,,,,,,,,,,,0.0,0.0,0.0,0.6401518230596,0.5596690073358647,0.5912787159815155,0.6408086438878051,0.6408086438878051,0.6079770475661963,0.6404558173205458,1.0,,,,,,,,
23.382,baseline,baseline,arm,0,0.022392735327768823,0.0046224968242466928,0.91486888727380999,0.43229998875230696,0.0,0.20750399460110733,2.029634423218636e-06,0.0006533061293793826,0.6404593191172169,0.002110725870491095,0.0042390194669688405,-0.0266796997646593,0.027096694065403302,0.025491039099174648,0.10099999999999909,1.0,NORMAL,1.0,0,,0.0,0.0,0,,,,,,,,,,,,,,,,,,0.0,0.0,0.0,0.6404721174910731,0.5556907448226652,0.5852246017489926,0.641153084629669,0.641153084629669,0.6056351371731,0.6408086438878051,1.0,,,,,,,,
23.44,baseline,baseline,arm,0,0.02249123641224493,0.0048350687189861706,0.91354312926314207,0.4323921605470261,0.0,0.20754823706257253,2.085196599879048e-06,0.0006663377768271581,0.6406088205830257,0.001698294559932893,0.003665032667922041,-0.02285789673565388,0.023212068241478388,0.02469022579835818,0.05799999999999983,1.0,NORMAL,1.0,0,,0.0,0.0,0,,,,,,,,,,,,,,,,,,0.0,0.0,0.0,0.6406171587856654,0.5537333599892506,0.5822535851796058,0.6413102811794337,0.6413102811794337,0.6044785962834889,0.641153084629669,1.0,,,,,,,,
23.542,baseline,baseline,arm,0,0.022608160797464805,0.0051117422193616875,0.91181438033298301,0.4325011995901903,0.0,0.20760057580329133,2.159169472969017e-06,0.0006836642297427661,0.6407875987926974,0.0011463175021556263,0.002712485297799177,-0.016948518923128018,0.01720243918734066,0.022067604774311148,0.10200000000000031,1.0,NORMAL,1.0,0,,0.0,0.0,0,,,,,,,,,,,,,,,,,,0.0,0.0,0.0,0.6407937460876285,0.5510731010475032,0.5780297739855401,0.6415029822616132,0.6415029822616132,0.6028499008455712,0.6413102811794337,1.0,,,,,,,,
23.62,baseline,baseline,arm,0,0.023809652798204982,0.0058574370616144376,0.9074432200158612,0.43364330073817403,0.0,0.20814878435432352,2.407968024441677e-06,0.0007317543285466629,0.6425262473890687,0.012260122456532548,0.0076091310433954885,-0.0446036767053251,0.04687960594456719,0.03063222076036706,0.09799999999999898,1.0,NORMAL,1.0,0,,0.0,0.0,0,,,,,,,,,,,,,,,,,,0.0,0.0,0.0,0.6425743400501671,0.5471404523909549,0.5711847167741443,0.6433283714042325,0.6433283714042325,0.6010569701548747,0.6415029822616132,1.0,,,,,,,,
23.701,baseline,baseline,arm,0,0.024352963846701214,0.006213834298700734,0.90536167768455256,0.4341595112557236,0.0,0.2083965654027473,2.5340245301766483e-06,0.0007556635125615381,0.6433142741955626,0.008906738499938246,0.005842577657152405,-0.03412364477555149,0.03574757106649571,0.032403905240342326,0.06099999999999994,1.0,NORMAL,1.0,0,,0.0,0.0,0,,,,,,,,,,,,,,,,,,0.0,0.0,0.0,0.6433720723030085,0.5442683706105329,0.5661620400586104,0.6441482409720937,0.6441482409720937,0.5994876809860614,0.6433283714042325,1.0,,,,,,,,
23.801,baseline,baseline,arm,0,0.025337264018425149,0.0068938835111298181,0.90139970942363734,0.4350941473101493,0.0,0.20884519070887164,2.788073769193359e-06,0.0008030433985057837,0.6447451694912959,0.01004387930330519,0.006939277677847618,-0.04042824756035831,0.04223122407592816,0.03583922350660443,0.09800000000000253,1.0,NORMAL,1.0,0,,0.0,0.0,0,,,,,,,,,,,,,,,,,,0.0,0.0,0.0,0.6448308740413581,0.5406324129675844,0.559782416102918,0.6456506614949963,0.6456506614949963,0.5977240911517141,0.6441482409720937,1.0,,,,,,,,
23.883,baseline,baseline,arm,0,0.026154749304816205,0.0074774522068042724,0.89802008115845833,0.43586994134631,0.0,0.2092175718462288,3.021972244093529e-06,0.0008455547385374572,0.6459360899033204,0.008093913726644196,0.005777907877964946,-0.03346166599187172,0.03490814732712398,0.03551271920427054,0.10099999999999909,1.0,NORMAL,1.0,0,,0.0,0.0,0,,,,,,,,,,,,,,,,,,0.0,0.0,0.0,0.6460275930818487,0.5376283185252929,0.5544583118445668,0.64688625793323,0.64688625793323,0.5962501203462346,0.6456506614949963,1.0,,,,,,,,
24.0,baseline,baseline,arm,0,0.026986536382030475,0.0081128328940290872,0.89433250401679876,0.4366584051451759,0.0,0.20959603446968442,3.293519885482885e-06,0.0008941217441881424,0.6471518548789339,0.008235515615982947,0.006290897893315056,-0.036510664768906964,0.03795296767886167,0.03636656638200788,0.10099999999999909,1.0,NORMAL,1.0,0,,0.0,0.0,0,,,,,,,,,,,,,,,,,,0.0,0.0,0.0,0.6472643874993588,0.5346920497811608,0.5492436221320194,0.6481671672758806,0.6481671672758806,0.5948418066721048,0.64688625793323,1.0,,,,,,,,
24.082,baseline,baseline,arm,0,0.027537527153564688,0.0085338170802961247,0.8919122222261221,0.4371805251628275,0.0,0.2098466520781572,3.484422299573536e-06,0.0009274058638225635,0.6479580675271068,0.0068873846441775,0.005262302328337847,-0.030253522383457545,0.03147067698093018,0.03465294978007179,0.08000000000000185,1.0,NORMAL,1.0,0,,0.0,0.0,0,,,,,,,,,,,,,,,,,,0.0,0.0,0.0,0.6480578612395539,0.532736732939337,0.5457158264490959,0.6489907135910662,0.6489907135910662,0.5938752835547633,0.6481671672758806,1.0,,,,,,,,
24.182,baseline,baseline,arm,0,0.028303535837855824,0.0091447476862987643,0.88840136156790939,0.4379056701006719,0.0,0.2101947216483225,3.776915382136495e-06,0.0009776156481490809,0.6490817843125256,0.007660086842911525,0.0061093060600265255,-0.03510860658212786,0.036450168821483594,0.035281488494698594,0.09999999999999787,1.0,NORMAL,1.0,0,,0.0,0.0,0,,,,,,,,,,,,,,,,,,0.0,0.0,0.0,0.6491689260876214,0.5302583755837905,0.5412264569404845,0.6501468895436038,0.6501468895436038,0.5927001620388751,0.6489907135910662,1.0,,,,,,,,
24.26,baseline,baseline,arm,0,0.028937972727716463,0.0096637622015616001,0.88543219635697457,0.4385057386056011,0.0,0.21048275453068852,4.040789250554311e-06,0.001021981074685485,0.6500145150002257,0.0063443688986062965,0.005190145152628284,-0.029691652109347787,0.030802318555743342,0.03371330842012869,0.10000000000000142,1.0,NORMAL,1.0,0,,0.0,0.0,0,,,,,,,,,,,,,,,,,,0.0,0.0,0.0,0.6500932249839114,0.5285809503417466,0.5381585823436522,0.6511108127533292,0.6511108127533292,0.5919858926056598,0.6501468895436038,1.0,,,,,,,,
24.3,baseline,baseline,arm,0,0.029201584933878311,0.0098858471216340307,0.88416225302037965,0.43875485796172,0.0,0.21060233182162558,4.158078286927576e-06,0.001041490738871902,0.6504028386005044,0.006937163320048582,0.005844340001906028,-0.033419561489339625,0.034628711138687485,0.034032996150270854,0.038000000000000256,1.0,NORMAL,1.0,0,,0.0,0.0,0,,,,,,,,,,,,,,,,,,0.0,0.0,0.0,0.6504776557956267,0.5277164663569457,0.5365727487857892,0.6515125987503908,0.6515125987503908,0.5915698674221881,0.6511108127533292,1.0,,,,,,,,
24.383,baseline,baseline,arm,0,0.029971871242689449,0.010362272551022362,0.88147325355450823,0.43948632172558916,0.0,0.2109534344282828,4.438960954150146e-06,0.0010847525909938685,0.6515289477058199,0.012423972722760775,0.007684281119166929,-0.043370959126960096,0.04576508898851539,0.03811978228539034,0.06199999999999761,1.0,NORMAL,1.0,0,,0.0,0.0,0,,,,,,,,,,,,,,,,,,0.0,0.0,0.0,0.6517014599944557,0.5256387303703116,0.532202392830774,0.6527748584161314,0.6527748584161314,0.5905793604029181,0.6515125987503908,1.0,,,,,,,,
24.481,baseline,baseline,arm,0,0.031584927343770067,0.011296971701455671,0.87620929374799394,0.44101950878033724,0.0,0.21168936421456186,5.053669344110734e-06,0.001174718758358409,0.6538886454226016,0.016130561010805948,0.009346991504332955,-0.052639598065142096,0.05584342873754366,0.04430614897910713,0.10000000000000142,1.0,NORMAL,1.0,0,,0.0,0.0,0,,,,,,,,,,,,,,,,,,0.0,0.0,0.0,0.6541031645174378,0.5231012009652951,0.5265274471558499,0.6552560223199465,0.6552560223199465,0.5897469587396323,0.6527748584161314,1.0,,,,,,,,
24.543,baseline,baseline,arm,0,0.033077951136697106,0.012179919786443854,0.87124611865383705,0.4424382481882874,0.0,0.21237035913037797,5.702266462282995e-06,0.0012656830428120656,0.6560799926279397,0.014930237929270184,0.008829480849881704,-0.0496317509415682,0.05257549275307747,0.047196614372166074,0.10000000000000142,1.0,NORMAL,1.0,0,,0.0,0.0,0,,,,,,,,,,,,,,,,,,0.0,0.0,0.0,0.6563869366336129,0.5209535463561182,0.5215325602037812,0.6576193899041419,0.6576193899041419,0.5891231082744135,0.6552560223199465,1.0,,,,,,,,
24.66,baseline,baseline,arm,0,0.034413745870811557,0.012993471013285195,0.86667287854459663,0.4437069272658199,0.0,0.21297932508759354,6.3626108006687944e-06,0.0013550213852427146,0.6580476363494568,0.013357947341144795,0.008135512268413591,-0.045732401092405256,0.04833294763114428,0.047593982934538634,0.09999999999999787,1.0,NORMAL,1.0,0,,0.0,0.0,0,,,,,,,,,,,,,,,,,,0.0,0.0,0.0,0.6583414735366127,0.5194712469556689,0.517993626988383,0.6596514089434309,0.6596514089434309,0.5888644391060239,0.6576193899041419,1.0,,,,,,,,
24.782,baseline,baseline,arm,0,0.03546211259220157,0.013639242268933854,0.86306214011412852,0.44470233447268437,0.0,0.21345712054688848,6.933000027323295e-06,0.0014295927664575946,0.6595959807860577,0.010379868528614075,0.006393774808402615,-0.035749885450179604,0.03777136927188158,0.04415600165607096,0.10099999999999909,1.0,NORMAL,1.0,0,,0.0,0.0,0,,,,,,,,,,,,,,,,,,0.0,0.0,0.0,0.6598425475354189,0.5178568681256022,0.5139757527780402,0.6612166784660527,0.6612166784660527,0.5882229617262785,0.6596514089434309,1.0,,,,,,,,
24.88,baseline,baseline,arm,0,0.036445604184870806,0.014266452962742763,0.85954416857554405,0.4456353999476573,0.0,0.21390499197487547,7.5279784247640934e-06,0.001505670729006085,0.6610535906299636,0.00983491592669222,0.006272106938089003,-0.035179715385844135,0.03706315247461995,0.041673260346213936,0.10000000000000142,1.0,NORMAL,1.0,0,,0.0,0.0,0,,,,,,,,,,,,,,,,,,0.0,0.0,0.0,0.6612485429361461,0.516640914212633,0.510876726686934,0.6626877177115966,0.6626877177115966,0.5878634753868275,0.6612166784660527,1.0,,,,,,,,
24.981,baseline,baseline,arm,0,0.037362365662017408,0.01485029392443328,0.85628382984783424,0.44650504517120193,0.0,0.2143224216821769,8.122771026903308e-06,0.0015795146894848002,0.6624151043138906,0.00926021694087475,0.005897383451419358,-0.032932714421311154,0.03471447001641786,0.039237623539632054,0.0990000000000002,1.0,NORMAL,1.0,0,,0.0,0.0,0,,,,,,,,,,,,,,,,,,0.0,0.0,0.0,0.6625696353206012,0.5156038604047862,0.5081174870742233,0.6640715589603089,0.6640715589603089,0.5875906354399799,0.6626877177115966,1.0,,,,,,,,
25.062,baseline,baseline,arm,0,0.038220834391727451,0.015404576952674089,0.85319511382050972,0.4473190166396782,0.0,0.21471312798704553,8.724556660359279e-06,0.00165247339010721,0.6636933425734913,0.008584687297100314,0.005542830282408003,-0.030887160273244788,0.03253362096775712,0.036891098981398196,0.10000000000000142,1.0,NORMAL,1.0,0,,0.0,0.0,0,,,,,,,,,,,,,,,,,,0.0,0.0,0.0,0.6638911237769991,0.5146543249866433,0.505505862954172,0.6654546771607632,0.6654546771607632,0.5873764972196445,0.6640715589603089,1.0,,,,,,,,
25.141,baseline,baseline,arm,0,0.038748905260854449,0.015752417985950021,0.85125417715269425,0.44781940909873463,0.0,0.21495331636739262,9.121384492313843e-06,0.0016998264106748942,0.6644816732612945,0.008801181152116823,0.005797350554598992,-0.03234894446359192,0.034022408366161265,0.03588672167272135,0.05999999999999872,1.0,NORMAL,1.0,0,,0.0,0.0,0,,,,,,,,,,,,,,,,,,0.0,0.0,0.0,0.6646284032189326,0.5140844761965994,0.5039183255697137,0.6662317635738971,0.6662317635738971,0.5872157421397858,0.6654546771607632,1.0,,,,,,,,
25.24,baseline,baseline,arm,0,0.039207347433863393,0.016061333407266728,0.84952413251606407,0.4482535264136425,0.0,0.2151616926785484,9.486564155964595e-06,0.001743009775304295,0.6651677154316512,0.0045844217300893735,0.003089154213167027,-0.017300446366301545,0.018162192621633533,0.02968273893849051,0.10000000000000142,1.0,NORMAL,1.0,0,,0.0,0.0,0,,,,,,,,,,,,,,,,,,0.0,0.0,0.0,0.66527436090672,0.5135910662672827,0.5023135172071789,0.6669138902882996,0.6669138902882996,0.5870232086673703,0.6662317635738971,1.0,,,,,,,,
25.34,baseline,baseline,arm,0,0.040966427346146722,0.016993179115670706,0.84435052457835202,0.44992812098239743,0.0,0.21596549807155077,1.0757579242861825e-05,0.0018806716710123364,0.6677850483042034,0.017590799122833664,0.009318457084039984,-0.05173607937712154,0.055433669962603065,0.038679385234613776,0.09999999999999787,1.0,NORMAL,1.0,0,,0.0,0.0,0,,,,,,,,,,,,,,,,,,0.0,0.0,0.0,0.667962883892562,0.5126972327587372,0.498564517764547,0.6697173175060754,0.6697173175060754,0.5872354879804804,0.6669138902882996,1.0,,,,,,,,
25.402,baseline,baseline,arm,0,0.042437440451493627,0.017780971866166673,0.83997145108309201,0.45132836844489443,0.0,0.21663761685354932,1.1951753272784426e-05,0.0020047867371302077,0.6699827237888467,0.014858718235827293,0.007957502530262272,-0.04423306560868689,0.04733568893840287,0.041705915385932955,0.0990000000000002,1.0,NORMAL,1.0,0,,0.0,0.0,0,,,,,,,,,,,,,,,,,,0.0,0.0,0.0,0.6702606123594709,0.5121640804469947,0.4960863468005666,0.672117723570347,0.672117723570347,0.5876571907943449,0.6697173175060754,1.0,,,,,,,,
25.481,baseline,baseline,arm,0,0.043010969935928761,0.018087986127204546,0.83827243916596306,0.4518743514772819,0.0,0.2168996887090953,1.2448501594226568e-05,0.0020549481181989463,0.6708414368061704,0.0139885240106129,0.007488152708240741,-0.04143931505192539,0.0443730556413479,0.04263804589498061,0.04100000000000037,1.0,NORMAL,1.0,0,,0.0,0.0,0,,,,,,,,,,,,,,,,,,0.0,0.0,0.0,0.6711207526785383,0.5118272011232478,0.49431349919206924,0.673019133378115,0.673019133378115,0.5875701465929926,0.672117723570347,1.0,,,,,,,,
25.56,baseline,baseline,arm,0,0.044441330197088805,0.018869279431203,0.83393600683426927,0.4532354496361664,0.0,0.21755301582535988,1.379495382183409e-05,0.0021879886252773877,0.6729902490406255,0.014303602611600233,0.007812933039984427,-0.04336432331693723,0.04632601328728518,0.043928762947938856,0.10000000000000142,1.0,NORMAL,1.0,0,,0.0,0.0,0,,,,,,,,,,,,,,,,,,0.0,0.0,0.0,0.6732849970809269,0.5114103332426069,0.49200561621660943,0.6752921876318896,0.6752921876318896,0.5879982835430082,0.673019133378115,1.0,,,,,,,,
25.66,baseline,baseline,arm,0,0.045706765518915338,0.019562997371681701,0.83009486388956999,0.4544395367042411,0.0,0.2181309776180357,1.5099800075599855e-05,0.002312354010884314,0.6748979681332368,0.012654353218265598,0.0069371794047871655,-0.03841142944699365,0.041032853003760326,0.042915174685831434,0.09999999999999787,1.0,NORMAL,1.0,0,,0.0,0.0,0,,,,,,,,,,,,,,,,,,0.0,0.0,0.0,0.675178148934493,0.5110344547635816,0.48952701869343046,0.6772862826691072,0.6772862826691072,0.588256476265153,0.6752921876318896,1.0,,,,,,,,
25.76,baseline,baseline,arm,0,0.046884890673293447,0.020223247699258075,0.82642892508695698,0.45555991318843775,0.0,0.2186687583304501,1.6440907451218232e-05,0.0024368046242020584,0.6766819170505411,0.011781251543780928,0.00660250327576364,-0.03665938802612959,0.03906791097428482,0.041568474469506796,0.10000000000000142,1.0,NORMAL,1.0,0,,0.0,0.0,0,,,,,,,,,,,,,,,,,,0.0,0.0,0.0,0.6769402793802545,0.5107213115518137,0.4872309698616058,0.6791486855196307,0.6791486855196307,0.5885103115783261,0.6772862826691072,1.0,,,,,,,,
25.881,baseline,baseline,arm,0,0.047919073370156468,0.020804450563342472,0.82321204517672364,0.45654328642642905,0.0,0.21914077748468594,1.770870874107572e-05,0.002551020690365555,0.6782527933102216,0.010341826968630423,0.005812028640844096,-0.03216879910233408,0.034286508974484604,0.0390197238160438,0.09999999999999787,1.0,NORMAL,1.0,0,,0.0,0.0,0,,,,,,,,,,,,,,,,,,0.0,0.0,0.0,0.6784595436704679,0.5104693186411079,0.4848809304880126,0.6807593837229627,0.6807593837229627,0.5886422941306377,0.6791486855196307,1.0,,,,,,,,
25.9,baseline,baseline,arm,0,0.048342565677078023,0.02104619327197059,0.82187070654927707,0.4569457837062135,0.0,0.21933397617898248,1.826060680274965e-05,0.0026000074095643925,0.6788980279015632,0.007429689595114721,0.0042411001513703245,-0.02353225662186866,0.025039055886578288,0.03412629111956646,0.05700000000000216,1.0,NORMAL,1.0,0,,0.0,0.0,0,,,,,,,,,,,,,,,,,,0.0,0.0,0.0,0.6790977226348263,0.5104292954014813,0.484481480294098,0.6814366010175147,0.6814366010175147,0.58886127483698,0.6807593837229627,1.0,,,,,,,,
26.0,baseline,baseline,arm,0,0.048906882492003451,0.021373243923757397,0.82004994752817173,0.45748186984475225,0.0,0.21959129752548107,1.9030881675896895e-05,0.0026677858557428193,0.679759984107652,0.009251095326646369,0.005361486094865701,-0.029848508542710598,0.03170586318194797,0.033278693762614824,0.06099999999999994,1.0,NORMAL,1.0,0,,0.0,0.0,0,,,,,,,,,,,,,,,,,,0.0,0.0,0.0,0.679910177931727,0.5103371605680593,0.48290478037837326,0.682302894960446,0.682302894960446,0.5888637534596515,0.6814366010175147,1.0,,,,,,,,
26.101,baseline,baseline,arm,0,0.050739558810003749,0.022288663469963381,0.81498105535280185,0.45922989919610746,0.0,0.22043035161413158,2.1465316838961614e-05,0.002867443813576778,0.6825491599406548,0.01779297396116829,0.008887568409767007,-0.04921254539194152,0.053079689322517755,0.04020166332047272,0.10299999999999798,1.0,NORMAL,1.0,0,,0.0,0.0,0,,,,,,,,,,,,,,,,,,0.0,0.0,0.0,0.6828072853591242,0.5104483047714375,0.48013680216208016,0.6853579146752152,0.6853579146752152,0.5896875767419643,0.682302894960446,1.0,,,,,,,,
26.159,baseline,baseline,arm,0,0.052075544741049085,0.022962903840091742,0.81124789664393548,0.4605040106939279,0.0,0.22104192513308538,2.3433947823194534e-05,0.0030229519149740187,0.6845923216898104,0.016911214317029435,0.008534688229472863,-0.04725517352995366,0.050910524434509975,0.04394815145269708,0.07900000000000063,1.0,NORMAL,1.0,0,,0.0,0.0,0,,,,,,,,,,,,,,,,,,0.0,0.0,0.0,0.68491343520595,0.5105577128040788,0.4786526651651448,0.6875860231738842,0.6875860231738842,0.5904274590872645,0.6853579146752152,1.0,,,,,,,,
26.282,baseline,baseline,arm,0,0.053766883025918033,0.023823462001594731,0.80648745115106524,0.46211680483750844,0.0,0.22181606632200404,2.6181929798652164e-05,0.003232242494799713,0.6871912955841109,0.016913382848689245,0.008605581615029768,-0.04760445492870179,0.05124746514100063,0.04650254880340893,0.10000000000000142,1.0,NORMAL,1.0,0,,0.0,0.0,0,,,,,,,,,,,,,,,,,,0.0,0.0,0.0,0.6875543953716142,0.5108799184616297,0.4757544678667336,0.6903897809515549,0.6903897809515549,0.5911446406628831,0.6875860231738842,1.0,,,,,,,,
26.381,baseline,baseline,arm,0,0.055131930488347455,0.024537532332131334,0.80251161409005067,0.46341747291356583,0.0,0.2224403869985116,2.8673587512372046e-05,0.0034165254540867865,0.6893030589536766,0.013515321410192422,0.0070700032726396895,-0.03936472337638218,0.042216469601270915,0.04500226823152423,0.10099999999999909,1.0,NORMAL,1.0,0,,0.0,0.0,0,,,,,,,,,,,,,,,,,,0.0,0.0,0.0,0.6896828362985944,0.5111458770720272,0.47387750769942394,0.6926602995726094,0.6926602995726094,0.5918416301606637,0.6903897809515549,1.0,,,,,,,,
26.482,baseline,baseline,arm,0,0.056494879757276059,0.02524246570665015,0.79861007304048148,0.4647165833162927,0.0,0.22306395999182047,3.134831589551658e-05,0.0036068452023214565,0.6914187368263301,0.013767164332612132,0.007120539136553689,-0.039409505551203865,0.04234791634952904,0.04407323244396535,0.0990000000000002,1.0,NORMAL,1.0,0,,0.0,0.0,0,,,,,,,,,,,,,,,,,,0.0,0.0,0.0,0.6917123784501851,0.5114947492591062,0.47209062910509075,0.6948355062608927,0.6948355062608927,0.5925333157688187,0.6926602995726094,1.0,,,,,,,,
26.58,baseline,baseline,arm,0,0.057659768792850091,0.025850372350003134,0.79524557949908359,0.4658265913488025,0.0,0.2235967638474252,3.3831496761288654e-05,0.0037785085097963946,0.6932356952027854,0.011648890355740156,0.006079066433529751,-0.03364493541397847,0.036119708944482194,0.041289486153491484,0.10000000000000142,1.0,NORMAL,1.0,0,,0.0,0.0,0,,,,,,,,,,,,,,,,,,0.0,0.0,0.0,0.6935448014761382,0.5118465711535349,0.4705682741594174,0.696798377530382,0.696798377530382,0.5931895060798681,0.6948355062608927,1.0,,,,,,,,
26.682,baseline,baseline,arm,0,0.058734864630922187,0.026415665684933386,0.79211766460093946,0.4668507541132494,0.0,0.2240883619743597,3.629646991083596e-05,0.003944608678271059,0.694920021235791,0.01064451324823867,0.00559696371218076,-0.030969454437070814,0.03322256421797092,0.03846601612592265,0.10099999999999909,1.0,NORMAL,1.0,0,,0.0,0.0,0,,,,,,,,,,,,,,,,,,0.0,0.0,0.0,0.6951820119494503,0.5122088498505233,0.46919170018115647,0.6985610006579679,0.6985610006579679,0.5937858906597745,0.696798377530382,1.0,,,,,,,,
26.743,baseline,baseline,arm,0,0.059334184653380653,0.026732351928228718,0.79036616922312941,0.46742156565937276,0.0,0.22436235151649891,3.774628508237182e-05,0.004040444258546219,0.6958621077195003,0.010333103835490824,0.005460107643022979,-0.030198196169138932,0.032380810092062715,0.03633613931516882,0.05799999999999983,1.0,NORMAL,1.0,0,,0.0,0.0,0,,,,,,,,,,,,,,,,,,0.0,0.0,0.0,0.6961405803390988,0.5124304280233304,0.4684214905735893,0.6995915810222296,0.6995915810222296,0.594146019989562,0.6985610006579679,1.0,,,,,,,,
26.84,baseline,baseline,arm,0,0.060365054770638971,0.027268703323599298,0.7873928915861248,0.4684038680448483,0.0,0.22483385666152716,4.0343397956270323e-05,0.004208136454407728,0.6974862045587394,0.016363017734259307,0.0085135142122316,-0.04719488312705821,0.050671345620480986,0.04135345057100192,0.06299999999999883,1.0,NORMAL,1.0,0,,0.0,0.0,0,,,,,,,,,,,,,,,,,,0.0,0.0,0.0,0.6977027634034558,0.5129699747646131,0.46696157891633133,0.7012792153730055,0.7012792153730055,0.5947283831143514,0.6995915810222296,1.0,,,,,,,,
26.942,baseline,baseline,arm,0,0.062339534891014847,0.028239244925810564,0.78200325297664031,0.4702888340013274,0.0,0.22573864032063715,4.5586660212259686e-05,0.004529662462005238,0.7006027234441821,0.01451823617923447,0.007136335310376991,-0.03962969565797444,0.04280443016046171,0.041859724999275254,0.13599999999999923,1.0,NORMAL,1.0,0,,0.0,0.0,0,,,,,,,,,,,,,,,,,,0.0,0.0,0.0,0.7009417189920712,0.5139268080081617,0.4648986450773266,0.7047569658517175,0.7047569658517175,0.5961310344823193,0.7012792153730055,1.0,,,,,,,,
27.039,baseline,baseline,arm,0,0.063780644197901651,0.028947724906951508,0.77807817666021828,0.47166464249238005,0.0,0.2263990283963424,4.979944676083975e-05,0.004777633536687701,0.702891103872171,0.014705197009048637,0.00722938756266251,-0.04005179914716251,0.04327416641058219,0.042354046863435794,0.09800000000000253,1.0,NORMAL,1.0,0,,0.0,0.0,0,,,,,,,,,,,,,,,,,,0.0,0.0,0.0,0.7032306988719673,0.5147340804760081,0.46339813400935115,0.7072284464101594,0.7072284464101594,0.5971478399418715,0.7047569658517175,1.0,,,,,,,,
27.1,baseline,baseline,arm,0,0.064628251825276831,0.02936524512866771,0.77576835097460828,0.4724737926350165,0.0,0.2267874204648079,5.2443986914375485e-05,0.004929206257250562,0.7042428633439893,0.01367109076411633,0.006734197124455131,-0.03725525299371112,0.040251732996445605,0.04161796049613633,0.06199999999999761,1.0,NORMAL,1.0,0,,0.0,0.0,0,,,,,,,,,,,,,,,,,,0.0,0.0,0.0,0.7045684941245948,0.5152525200136704,0.46252112347237806,0.7086771118197324,0.7086771118197324,0.597754812357594,0.7072284464101594,1.0,,,,,,,,
27.2,baseline,baseline,arm,0,0.066075585508691456,0.030082450027466977,0.77179981926922159,0.4738551525530974,0.0,0.22745047322548675,5.728218211306683e-05,0.0051996250515065024,0.7065625330122037,0.014619532155703259,0.007244493927265306,-0.040086178842289724,0.04327950030776536,0.042199451739427046,0.0990000000000002,1.0,NORMAL,1.0,0,,0.0,0.0,0,,,,,,,,,,,,,,,,,,0.0,0.0,0.0,0.7068969426295957,0.5161610773117093,0.46108637742008723,0.7112021071501421,0.7112021071501421,0.5988366261278836,0.7086771118197324,1.0,,,,,,,,
27.283,baseline,baseline,arm,0,0.067175986234274537,0.030629919011224395,0.76877102473035097,0.47490520754709276,0.0,0.2279544996226045,6.12434978906854e-05,0.005414841772871399,0.7083357924404593,0.013257840067265724,0.006596011852498858,-0.03649150046831982,0.03938156043171585,0.041213186810525965,0.08300000000000196,1.0,NORMAL,1.0,0,,0.0,0.0,0,,,,,,,,,,,,,,,,,,0.0,0.0,0.0,0.708712270747481,0.5169245625334155,0.4599940568755362,0.7131727629604389,0.7131727629604389,0.5997009132792178,0.7112021071501421,1.0,,,,,,,,
27.382,baseline,baseline,arm,0,0.068560202197014725,0.031324063145117015,0.76492772323785951,0.4762256314257534,0.0,0.22858830308436162,6.661687852849802e-05,0.005699241818133565,0.7105797932067771,0.013842159627402168,0.0069414413389263475,-0.038433014924915396,0.041435318596953104,0.0412909098328756,0.09999999999999787,1.0,NORMAL,1.0,0,,0.0,0.0,0,,,,,,,,,,,,,,,,,,0.0,0.0,0.0,0.7109317598508048,0.5178615920814619,0.45871632797495243,0.715596065240748,0.715596065240748,0.6007764362869918,0.7131727629604389,1.0,,,,,,,,
27.482,baseline,baseline,arm,0,0.069739856568179895,0.031917565586283669,0.76164543927196915,0.4773506891990666,0.0,0.22912833081555195,7.154313437564898e-05,0.0059526218637931715,0.7125031850127874,0.011796543711651534,0.005935024411666461,-0.03282283965890318,0.035379680066134706,0.03922196032688036,0.10000000000000142,1.0,NORMAL,1.0,0,,0.0,0.0,0,,,,,,,,,,,,,,,,,,0.0,0.0,0.0,0.7127812284079554,0.5187441232721732,0.4575991677741178,0.7176258105504107,0.7176258105504107,0.6016875825011643,0.715596065240748,1.0,,,,,,,,
27.542,baseline,baseline,arm,0,0.070468871973700553,0.032288344836871395,0.75959034444305185,0.47804561611254837,0.0,0.2294618957340232,7.478054128290107e-05,0.006116196334023402,0.7136984887218779,0.012356193313909242,0.006284394077757952,-0.03483211574436045,0.037489270589913824,0.03861538704346567,0.05900000000000105,1.0,NORMAL,1.0,0,,0.0,0.0,0,,,,,,,,,,,,,,,,,,0.0,0.0,0.0,0.7139620490841957,0.5193040928054,0.45691865961452033,0.7189223562698568,0.7189223562698568,0.6022767894434933,0.7176258105504107,1.0,,,,,,,,
27.64,baseline,baseline,arm,0,0.071406369420573587,0.032759312308326627,0.75697605549723079,0.47893964612001266,0.0,0.22989103013760606,7.911176193768464e-05,0.006330278675992726,0.7152400666955492,0.009566300478296366,0.004805790525053435,-0.02667641781450082,0.02874440806183984,0.03516054359620988,0.09799999999999898,1.0,NORMAL,1.0,0,,0.0,0.0,0,,,,,,,,,,,,,,,,,,0.0,0.0,0.0,0.7154864284289633,0.5202338748098112,0.45595040170673967,0.7205975073878323,0.7205975073878323,0.6030670530833366,0.7189223562698568,1.0,,,,,,,,
27.7,baseline,baseline,arm,0,0.073104765994195103,0.033579223002263278,0.75242678654884254,0.48056169914709995,0.0,0.23066961559060797,8.733330775857208e-05,0.006720131912820795,0.7180387799582872,0.02096785893359909,0.010122354246131558,-0.056163814177633074,0.060798743298880666,0.04413303024246327,0.08099999999999952,1.0,NORMAL,1.0,0,,0.0,0.0,0,,,,,,,,,,,,,,,,,,0.0,0.0,0.0,0.7154864284289633,0.5202338748098112,0.45595040170673967,0.7205975073878323,0.7205975073878323,0.6030670530833366,0.7205975073878323,1.0,,,,,,,,
27.78,baseline,baseline,arm,0,0.074306834046360418,0.034157593374675874,0.7492238512802506,0.4817098073330614,0.0,0.23122070751986945,9.359952916162861e-05,0.007007464825878451,0.7200315792079709,0.014482747616449227,0.006968317739910624,-0.038589581549299624,0.04180267018739551,0.04331707499085968,0.08300000000000196,1.0,NORMAL,1.0,0,,0.0,0.0,0,,,,,,,,,,,,,,,,,,0.0,0.0,0.0,0.7203669412158188,0.5224097534741392,0.45396156231693297,0.7259502896277188,0.7259502896277188,0.6056721366586524,0.723813484494544,1.0,,,,,,,,
27.882,baseline,baseline,arm,0,0.07559971835257269,0.034783440658568698,0.74575626996751332,0.4829442630783019,0.0,0.2318132462775849,0.00010082961488395814,0.007330683424564936,0.7221890223953357,0.016161053827653742,0.007823091048660476,-0.043344766409216896,0.046916406399526496,0.04457678322482566,0.0799999999999983,1.0,NORMAL,1.0,0,,0.0,0.0,0,,,,,,,,,,,,,,,,,,0.0,0.0,0.0,0.7226200280713824,0.5239738130270499,0.45273973863545347,0.7284262112871512,0.7284262112871512,0.6069399477552593,0.7259502896277188,1.0,,,,,,,,
28.0,baseline,baseline,arm,0,0.077083798789828892,0.035503868522303618,0.74176661032756563,0.48436096001238516,0.0,0.23249326080594487,0.00010977353387218558,0.007718885535780611,0.7246828798879829,0.014990711487436355,0.007277049128635537,-0.0402995923227038,0.043608875430309585,0.04423800632012673,0.0990000000000002,1.0,NORMAL,1.0,0,,0.0,0.0,0,,,,,,,,,,,,,,,,,,0.0,0.0,0.0,0.7250898862068739,0.5254007186045918,0.4514401765924757,0.7311616326129146,0.7311616326129146,0.6082731035042139,0.7284262112871512,1.0,,,,,,,,
28.081,baseline,baseline,arm,0,0.078520425107590289,0.036208766608474774,0.73785341520226577,0.48573154060954443,0.0,0.23315113949258132,0.00011919906211988168,0.008116901333930981,0.7271187804981766,0.014366263177613765,0.00704898086171146,-0.039131951252998065,0.04227750297432729,0.04355177599875728,0.10000000000000142,1.0,NORMAL,1.0,0,,0.0,0.0,0,,,,,,,,,,,,,,,,,,0.0,0.0,0.0,0.7274971693636544,0.526875446772748,0.45059558529460814,0.733838881095747,0.733838881095747,0.6097017706316894,0.7311616326129146,1.0,,,,,,,,
28.181,baseline,baseline,arm,0,0.079971136453991648,0.036921003962663755,0.73390446722654779,0.4871152896031769,0.0,0.2338153390095249,0.0001294604756743111,0.008536977957572302,0.7295970670459484,0.014222660258837307,0.006982719158715724,-0.03871517623253051,0.041831893363840245,0.042949797989733335,0.10199999999999676,1.0,NORMAL,1.0,0,,0.0,0.0,0,,,,,,,,,,,,,,,,,,0.0,0.0,0.0,0.7299272913097627,0.528314927741485,0.44962972784414035,0.7365515939611146,0.7365515939611146,0.6111058852141257,0.733838881095747,1.0,,,,,,,,
28.282,baseline,baseline,arm,0,0.081144548108256956,0.037497806453019325,0.73071236828398378,0.488234287629907,0.0,0.23435245806235536,0.00013834179405843792,0.008890558734215712,0.7316156462205365,0.011973588308829362,0.0058857396975056635,-0.03257243818942777,0.035199040873015584,0.04023702718052941,0.09800000000000253,1.0,NORMAL,1.0,0,,0.0,0.0,0,,,,,,,,,,,,,,,,,,0.0,0.0,0.0,0.7319079434560588,0.529619625270866,0.448819945765365,0.7387683229063927,0.7387683229063927,0.6122789593496706,0.7365515939611146,1.0,,,,,,,,
28.342,baseline,baseline,arm,0,0.081884403867743843,0.03786514390302384,0.72867450849124915,0.48893941382791767,0.0,0.23469091863740046,0.00014427053429658655,0.009122798259872882,0.7328974012594875,0.012539928126896933,0.006226058474653063,-0.03453999648702911,0.037269625150805084,0.03919833946914849,0.0589999999999975,1.0,NORMAL,1.0,0,,0.0,0.0,0,,,,,,,,,,,,,,,,,,0.0,0.0,0.0,0.7331732540581791,0.5304465154126323,0.44831983625253424,0.7401877923433042,0.7401877923433042,0.6130318495166625,0.7387683229063927,1.0,,,,,,,,
28.44,baseline,baseline,arm,0,0.08254028904393905,0.038195244310909524,0.72683496982480411,0.4895640387133359,0.0,0.23499073858240124,0.00014978174121942997,0.009336739510077336,0.7340412985470339,0.006430246825443178,0.0032362785086831607,-0.01803469280828465,0.01941833457099451,0.03227512830822697,0.10200000000000031,1.0,NORMAL,1.0,0,,0.0,0.0,0,,,,,,,,,,,,,,,,,,0.0,0.0,0.0,0.734229510258848,0.53131634807684,0.44781750800009196,0.7413854153973742,0.7413854153973742,0.6136871954332885,0.7401877923433042,1.0,,,,,,,,
28.542,baseline,baseline,arm,0,0.084574003791499278,0.039162053182619484,0.72147759070931194,0.4915056082541597,0.0,0.23592269196199664,0.00016739383873313413,0.009988618898747192,0.7375843129536366,0.020542573207679028,0.009765746178888472,-0.05411494056052683,0.058700885038410436,0.04152325698444149,0.0990000000000002,1.0,NORMAL,1.0,0,,0.0,0.0,0,,,,,,,,,,,,,,,,,,0.0,0.0,0.0,0.7379051046985652,0.5337818342996916,0.44663122867543503,0.7454890666606043,0.7454890666606043,0.615951808583574,0.7413854153973742,1.0,,,,,,,,
28.64,baseline,baseline,arm,0,0.086271680416741311,0.039974777700296657,0.71696482392263727,0.4931254522131455,0.0,0.23670021706230984,0.0001836146240460817,0.010568179545928126,0.7405774634454296,0.017323230869816224,0.008293107323236243,-0.0460486406803526,0.04989335893034155,0.04445272108120811,0.09800000000000253,1.0,NORMAL,1.0,0,,0.0,0.0,0,,,,,,,,,,,,,,,,,,0.0,0.0,0.0,0.7409471645868307,0.5358951076680065,0.44567892622429217,0.7489075994159268,0.7489075994159268,0.617857199473764,0.7454890666606043,1.0,,,,,,,,
28.72,baseline,baseline,arm,0,0.08754874451544134,0.040588040048008971,0.71356119240708527,0.49434351760676115,0.0,0.23728488845124535,0.00019676859294191323,0.011024629793237766,0.7428498044441862,0.0159633012337507,0.0076657793464040835,-0.04254539394440101,0.046083638150123264,0.0450235323651443,0.0799999999999983,1.0,NORMAL,1.0,0,,0.0,0.0,0,,,,,,,,,,,,,,,,,,0.0,0.0,0.0,0.7432387674325476,0.5375373197589112,0.44498691843729,0.7514931548165585,0.7514931548165585,0.6193140401113268,0.7489075994159268,1.0,,,,,,,,
28.779,baseline,baseline,arm,0,0.08876959525014802,0.04117423343332656,0.71031224335804288,0.49550773750595245,0.0,0.23784371400285717,0.0002101275695346168,0.01147650515833165,0.745038084236676,0.015260634183833147,0.007327417316469694,-0.04061186311302884,0.043998879823625846,0.04466489460162933,0.08000000000000185,1.0,NORMAL,1.0,0,,0.0,0.0,0,,,,,,,,,,,,,,,,,,0.0,0.0,0.0,0.7455055570379617,0.5387393288404855,0.44450200414601515,0.7540488555368885,0.7540488555368885,0.6206989363903377,0.7514931548165585,1.0,,,,,,,,
28.882,baseline,baseline,arm,0,0.089873430453417835,0.041704701140428777,0.70737587818090142,0.49656011273997297,0.0,0.23834885411518703,0.00022290742869448662,0.011898859048127649,0.7470307333319821,0.013461404917925036,0.006469118379295549,-0.03580933142855568,0.038799060972268665,0.04261184767359052,0.08199999999999719,1.0,NORMAL,1.0,0,,0.0,0.0,0,,,,,,,,,,,,,,,,,,0.0,0.0,0.0,0.7474366744374066,0.5406106721476703,0.44380166703989155,0.7562481841609132,0.7562481841609132,0.6220242994464704,0.7540488555368885,1.0,,,,,,,,
28.983,baseline,baseline,arm,0,0.091160188483696739,0.042332109085740928,0.70388742469609,0.4977856940815849,0.0,0.23893713315916074,0.0002388794333316563,0.012417552410974857,0.7493792590850521,0.01274017851761257,0.006211959854575594,-0.03453914341397351,0.03733434105038584,0.04076459004435568,0.10100000000000264,1.0,NORMAL,1.0,0,,0.0,0.0,0,,,,,,,,,,,,,,,,,,0.0,0.0,0.0,0.7497037969485608,0.5423133344363902,0.44315875324351517,0.7588421993283233,0.7588421993283233,0.6235045209891974,0.7562481841609132,1.0,,,,,,,,
29.08,baseline,baseline,arm,0,0.092397096578899579,0.042931117119656866,0.70056987532392467,0.4989639004815587,0.0,0.23950267223114816,0.000255095954173113,0.012929572436006787,0.7516512411028867,0.01249402116366503,0.006050586201171075,-0.03351059971884164,0.036272171864010855,0.03919224302269023,0.0990000000000002,1.0,NORMAL,1.0,0,,0.0,0.0,0,,,,,,,,,,,,,,,,,,0.0,0.0,0.0,0.7519505069666436,0.544083607437253,0.44255698249748426,0.7614092497761532,0.7614092497761532,0.6250000866693836,0.7588421993283233,1.0,,,,,,,,
29.16,baseline,baseline,arm,0,0.0936278102198915,0.043533796955203707,0.69722168415233754,0.5001351931202708,0.0,0.24006489269772996,0.00027236449417762415,0.013464398029575404,0.7539368483417538,0.012185283574177542,0.00596712708462225,-0.03315040763947687,0.0358195096014817,0.03801169270009927,0.10099999999999909,1.0,NORMAL,1.0,0,,0.0,0.0,0,,,,,,,,,,,,,,,,,,0.0,0.0,0.0,0.7542155912341867,0.5454623999387402,0.44209181526089103,0.7640063226530293,0.7640063226530293,0.6264440322717117,0.7614092497761532,1.0,,,,,,,,
29.219,baseline,baseline,arm,0,0.094024742118188162,0.04372742899430971,0.69614897671662579,0.5005129656070956,0.0,0.24024622349140587,0.0002781320966544461,0.013639886030274745,0.7546772072254306,0.01044557627096473,0.00509557997647371,-0.028229143045045875,0.030528011988775867,0.0353924000674785,0.038000000000000256,1.0,NORMAL,1.0,0,,0.0,0.0,0,,,,,,,,,,,,,,,,,,0.0,0.0,0.0,0.7550220620142423,0.546548630486905,0.44181878311567957,0.7649212055272705,0.7649212055272705,0.6270776702860243,0.7640063226530293,1.0,,,,,,,,
29.262,baseline,baseline,arm,0,0.094808748125019771,0.044104196421382899,0.69406148024050929,0.5012596298531364,0.0,0.24060462232950547,0.00028974551486377564,0.013987532869719746,0.7561415305672254,0.012852557489042774,0.0061765151979211435,-0.03422125370682793,0.037073329756934226,0.03598065647419581,0.06099999999999994,1.0,NORMAL,1.0,0,,0.0,0.0,0,,,,,,,,,,,,,,,,,,0.0,0.0,0.0,0.756418058260942,0.5479981493539874,0.44139388824919795,0.7665312899191955,0.7665312899191955,0.6280853464458307,0.7649212055272705,1.0,,,,,,,,
29.382,baseline,baseline,arm,0,0.096832232341560298,0.045066384026075906,0.68871446487212273,0.5031872380957306,0.0,0.24152987428595069,0.0003216251502573471,0.014914112230625871,0.7599528497625645,0.02003449719347075,0.009526609947455604,-0.05294074622164953,0.05740087094627786,0.04347758962651319,0.10099999999999909,1.0,NORMAL,1.0,0,,0.0,0.0,0,,,,,,,,,,,,,,,,,,0.0,0.0,0.0,0.7604195406973561,0.5511266068593363,0.44060327142949446,0.7710986788239291,0.7710986788239291,0.630812024452529,0.7665312899191955,1.0,,,,,,,,
29.481,baseline,baseline,arm,0,0.098578779121112542,0.045894200229174564,0.68412478709663482,0.5048506182804968,0.0,0.24232829677463846,0.0003515502003616892,0.015752055174805855,0.7632825204303029,0.017641886662143842,0.008361779829279357,-0.04636038157058486,0.050303484037226454,0.04586654054158704,0.0990000000000002,1.0,NORMAL,1.0,0,,0.0,0.0,0,,,,,,,,,,,,,,,,,,0.0,0.0,0.0,0.7637680425801237,0.5539477087309418,0.43993496205418975,0.7749532542591252,0.7749532542591252,0.6331509919060951,0.7710986788239291,1.0,,,,,,,,
29.582,baseline,baseline,arm,0,0.10032171426340916,0.046731278950062335,0.67946479272886828,0.5065086135542719,0.0,0.2431241345060505,0.0003842320590483073,0.016643234165833177,0.7666602142852039,0.017429351422965953,0.008370787208877592,-0.04659994367766474,0.05045202791051198,0.04747141603318515,0.10000000000000142,1.0,NORMAL,1.0,0,,0.0,0.0,0,,,,,,,,,,,,,,,,,,0.0,0.0,0.0,0.7670990219595433,0.5566001756364439,0.4393269630435822,0.7788164586093865,0.7788164586093865,0.635460654812239,0.7749532542591252,1.0,,,,,,,,
29.68,baseline,baseline,arm,0,0.10170608774281301,0.047393655309584198,0.67578866029444484,0.5078252536360919,0.0,0.2437561217453241,0.0004119946784258956,0.017377226815936796,0.7693705968757787,0.013843734794038737,0.0066237635952187705,-0.03676132434423519,0.03983614194114539,0.04479906909460392,0.09999999999999787,1.0,NORMAL,1.0,0,,0.0,0.0,0,,,,,,,,,,,,,,,,,,0.0,0.0,0.0,0.7697637199516268,0.5588547813260651,0.43886028872469623,0.7819153541074885,0.7819153541074885,0.6373485360274691,0.7788164586093865,1.0,,,,,,,,
29.782,baseline,baseline,arm,0,0.10300441703356708,0.048017861213174459,0.67232245496852561,0.5090592443909587,0.0,0.24434843730766018,0.0004397426466854024,0.018094540243011523,0.7719419645883159,0.012728718536804613,0.006119665721473127,-0.03398240515607084,0.03680046799054485,0.041999549423143545,0.10200000000000031,1.0,NORMAL,1.0,0,,0.0,0.0,0,,,,,,,,,,,,,,,,,,0.0,0.0,0.0,0.7723285319955188,0.5610412950958591,0.4384440669869173,0.7849008738297856,0.7849008738297856,0.6391786919770202,0.7819153541074885,1.0,,,,,,,,
29.881,baseline,baseline,arm,0,0.10418017545946723,0.04858437437627959,0.66917790665671861,0.5101761805505236,0.0,0.24488456666425132,0.00046633141301058337,0.018767221141624216,0.7742942997694098,0.011997534958164895,0.005780746562297318,-0.032087227671500275,0.03474115794749211,0.03945910188876241,0.09799999999999898,1.0,NORMAL,1.0,0,,0.0,0.0,0,,,,,,,,,,,,,,,,,,0.0,0.0,0.0,0.7745973778428754,0.5629887155365988,0.4380819306048606,0.7875611453793547,0.7875611453793547,0.6408072923409224,0.7849008738297856,1.0,,,,,,,,
29.9,baseline,baseline,arm,0,0.10462531749103093,0.048798904836599911,0.6679882370242457,0.5105989410561712,0.0,0.24508749170696217,0.00047676302329335417,0.019027305189266094,0.7751905009756928,0.00780950932567875,0.003763692286321279,-0.020871397060927485,0.022600199795773268,0.033558483742519116,0.05700000000000216,1.0,NORMAL,1.0,0,,0.0,0.0,0,,,,,,,,,,,,,,,,,,0.0,0.0,0.0,0.7754606662542525,0.5632608277550442,0.43801447848900155,0.7885749981762078,0.7885749981762078,0.6413277426686265,0.7875611453793547,1.0,,,,,,,,
29.981,baseline,baseline,arm,0,0.10528503431625269,0.049119953548506526,0.66620110189415105,0.5112250017864581,0.0,0.2453880008574999,0.0004927331847821153,0.01942344986432902,0.7765291856930692,0.015342251749343443,0.007466249114107439,-0.041561282095225194,0.0449273828969931,0.03753748379843281,0.04299999999999926,1.0,NORMAL,1.0,0,,0.0,0.0,0,,,,,,,,,,,,,,,,,,0.0,0.0,0.0,0.7767705373929324,0.5652438444663904,0.43771000269388105,0.7901132839983886,0.7901132839983886,0.6424594171378981,0.7885749981762078,1.0,,,,,,,,
30.083,baseline,baseline,arm,0,0.10732817108453777,0.050079324786833843,0.66088335191170211,0.5131673543135641,0.0,0.24632033007051074,0.0005440318447198625,0.020648347311584464,0.7806800635403792,0.020431367682850463,0.00959371238327303,-0.053177499824488626,0.05776959918736048,0.04461816018636538,0.10000000000000142,1.0,NORMAL,1.0,0,,0.0,0.0,0,,,,,,,,,,,,,,,,,,0.0,0.0,0.0,0.7810554558336983,0.5692099811175005,0.4371765850402022,0.795099328185459,0.795099328185459,0.645635337544215,0.7901132839983886,1.0,,,,,,,,
30.183,baseline,baseline,arm,0,0.10932746096018015,0.051033950562682749,0.65555882531953791,0.5150648566223665,0.0,0.24723113117873588,0.000599544583327155,0.021938490125071902,0.7848340225095014,0.01960088113374944,0.009359076233813107,-0.05220124109965071,0.05653986577198041,0.0487907311392906,0.10199999999999676,1.0,NORMAL,1.0,0,,0.0,0.0,0,,,,,,,,,,,,,,,,,,0.0,0.0,0.0,0.7853650013021154,0.5729940293737167,0.4367087689797857,0.8001373054268489,0.8001373054268489,0.6488012762706167,0.795099328185459,1.0,,,,,,,,
30.282,baseline,baseline,arm,0,0.11098673097084719,0.051818975631793489,0.65120454557369856,0.5166396049053663,0.0,0.24798701035457582,0.0006489574878867498,0.023045610893237006,0.788321183641066,0.016931326639459166,0.008010459888884892,-0.04443142597795142,0.048218138742984154,0.04859025109310208,0.09800000000000253,1.0,NORMAL,1.0,0,,0.0,0.0,0,,,,,,,,,,,,,,,,,,0.0,0.0,0.0,0.7887821599464888,0.5761752599602648,0.4363476264115793,0.8041724841051928,0.8041724841051928,0.6513693826058815,0.8001373054268489,1.0,,,,,,,,
30.381,baseline,baseline,arm,0,0.11266920455969623,0.052620987634901487,0.64674712489121333,0.5182346672197224,0.0,0.24875264026546676,0.0007030254410067705,0.024227273439793404,0.7919176063659894,0.016824735888490785,0.00802012003108015,-0.0445742068248532,0.048314117782436966,0.04849360136493086,0.09999999999999787,1.0,NORMAL,1.0,0,,0.0,0.0,0,,,,,,,,,,,,,,,,,,0.0,0.0,0.0,0.7923842639165053,0.5794744738566531,0.4360191454396955,0.808426825602434,0.808426825602434,0.6540761772038219,0.8041724841051928,1.0,,,,,,,,
30.481,baseline,baseline,arm,0,0.11420451607907256,0.053354764510641015,0.64266966487873667,0.5196890934494865,0.0,0.24945076485575354,0.000755886380151807,0.02535292314422451,0.7952486678296165,0.015353115193763093,0.007337768757395176,-0.04077460012476605,0.04418290406734867,0.04698484878823294,0.10000000000000142,1.0,NORMAL,1.0,0,,0.0,0.0,0,,,,,,,,,,,,,,,,,,0.0,0.0,0.0,0.7957444577536971,0.5826004213378378,0.4357468238476909,0.8124016727288627,0.8124016727288627,0.6566233439170222,0.808426825602434,1.0,,,,,,,,
30.602,baseline,baseline,arm,0,0.1158203355097627,0.054136595812589852,0.63830632833620704,0.5212175482429585,0.0,0.2501844231566201,0.0008158662376927185,0.02660498271647962,0.798822820353751,0.01335387959248065,0.006461415718585506,-0.036060632582889884,0.038992886729979796,0.04418747793378239,0.12099999999999866,1.0,NORMAL,1.0,0,,0.0,0.0,0,,,,,,,,,,,,,,,,,,0.0,0.0,0.0,0.7992403661312892,0.5855354673361084,0.43549343927459067,0.8165735739357465,0.8165735739357465,0.6592107116694337,0.8124016727288627,1.0,,,,,,,,
30.64,baseline,baseline,arm,0,0.11629935106507541,0.054365055324779386,0.63704172137724657,0.5216709211344298,0.0,0.2504020421445263,0.0008342008159527456,0.026978158151251198,0.7998853222461602,0.00840378167215252,0.0040080616173600965,-0.022186086999305615,0.024060560273246327,0.037143025792503254,0.05700000000000216,1.0,NORMAL,1.0,0,,0.0,0.0,0,,,,,,,,,,,,,,,,,,0.0,0.0,0.0,0.8001476420506063,0.585976735605121,0.4354440338559603,0.8176810553589268,0.8176810553589268,0.6598123667176535,0.8165735739357465,1.0,,,,,,,,
30.743,baseline,baseline,arm,0,0.11714058500856253,0.054765339930148295,0.6348208911080202,0.5224670386716201,0.0,0.25078417856237767,0.0008672831164098643,0.027644263114809442,0.8017627634652171,0.010135348716712466,0.004822706088782123,-0.02675699119549895,0.02901586403097708,0.0342984996404739,0.08299999999999841,1.0,NORMAL,1.0,0,,0.0,0.0,0,,,,,,,,,,,,,,,,,,0.0,0.0,0.0,0.8020302467171878,0.5888425291964611,0.43527593879081006,0.8199194254351003,0.8199194254351003,0.6615170350348898,0.8176810553589268,1.0,,,,,,,,
30.839,baseline,baseline,arm,0,0.11917994528929995,0.055734009531867496,0.62941522872909239,0.5224670386716201,0.0,0.25078417856237767,0.0008672831164098643,0.027644263114809442,0.8017627634652171,0.020191685947895464,0.009590788135833757,-0.05352140969235505,0.05800197146599247,0.04259471105309575,0.10099999999999909,1.0,NORMAL,1.0,0,,0.0,0.0,0,,,,,,,,,,,,,,,,,,0.0,0.0,0.0,0.8067681294195931,0.592425727302131,0.4350402501823948,0.8255452808023069,0.8255452808023069,0.6649448469266064,0.8199194254351003,1.0,,,,,,,,
30.9,baseline,baseline,arm,0,0.12043273954627434,0.056325780528722474,0.62612486589180549,0.5255808364403239,0.0,0.2522788014913555,0.0010082103224147033,0.03038811403637523,0.8092559622904694,0.0164841349601892,0.007786460484933881,-0.043294247859037835,0.046976031866782564,0.04412812141911843,0.07600000000000051,1.0,NORMAL,1.0,0,,0.0,0.0,0,,,,,,,,,,,,,,,,,,0.0,0.0,0.0,0.8096108875995933,0.5951513577419838,0.43494881484840103,0.8289448055388778,0.8289448055388778,0.667163966432214,0.8255452808023069,1.0,,,,,,,,
31.001,baseline,baseline,arm,0,0.12178397927671558,0.05696351260272374,0.62258452390459473,0.5268580099035004,0.0,0.2528918447536802,0.0010713602366318024,0.03156992821283859,0.8123911431066511,0.016279996752303703,0.007683518963870486,-0.04265472273747803,0.046297949519760614,0.04488752087188518,0.08300000000000196,1.0,NORMAL,1.0,0,,0.0,0.0,0,,,,,,,,,,,,,,,,,,0.0,0.0,0.0,0.8128524367695986,0.599264614353304,0.4348159427570587,0.8327990158512646,0.8327990158512646,0.6699330024328065,0.8289448055388778,1.0,,,,,,,,
31.101,baseline,baseline,arm,0,0.12330561699678155,0.057689941246962452,0.61853377471463555,0.5282941221706956,0.0,0.25358117864193386,0.0011472874970671811,0.03296768207307539,0.815990270382772,0.01552691551087742,0.007412537186109385,-0.04133417540774716,0.044772143900597285,0.04484707902713258,0.09799999999999898,1.0,NORMAL,1.0,0,,0.0,0.0,0,,,,,,,,,,,,,,,,,,0.0,0.0,0.0,0.8163874154160927,0.6024785802385735,0.4347124628880856,0.837050908534601,0.837050908534601,0.6726573417693382,0.8327990158512646,1.0,,,,,,,,
31.16,baseline,baseline,arm,0,0.12438940347585722,0.058202773813817159,0.61568898825107887,0.529317052613131,0.0,0.25407218525430286,0.0012037612295132743,0.03398108716405913,0.8185740862610063,0.013380079988588613,0.0063312662574655535,-0.03512082053773701,0.03811277355648473,0.042490045621763055,0.08099999999999952,1.0,NORMAL,1.0,0,,0.0,0.0,0,,,,,,,,,,,,,,,,,,0.0,0.0,0.0,0.8189405540817521,0.604191749331476,0.4346733443507353,0.8401193761917941,0.8401193761917941,0.6744812559889394,0.837050908534601,1.0,,,,,,,,
31.281,baseline,baseline,arm,0,0.12583028550669748,0.058888334285881999,0.61188031373609286,0.5306756637420463,0.0,0.2547243185961822,0.0012829145616307012,0.03537787543306395,0.8220607723329232,0.01440882030840231,0.006855604720648306,-0.03808674514985956,0.041294231738536476,0.04207150855868773,0.10000000000000142,1.0,NORMAL,1.0,0,,0.0,0.0,0,,,,,,,,,,,,,,,,,,0.0,0.0,0.0,0.8224681352050515,0.6083949101285631,0.4346118700055509,0.8443507261824088,0.8443507261824088,0.6774564103803935,0.8401193761917941,1.0,,,,,,,,
31.346,baseline,baseline,arm,0,0.12702051783402099,0.05945912025985383,0.6087006285418034,0.5317965379146693,0.0,0.25526233819904126,0.0013521002222572193,0.0365795178399011,0.8249904941758689,0.01166894438552462,0.005595940921292444,-0.03117338425773972,0.0337529065999916,0.03915993563897112,0.10200000000000031,1.0,NORMAL,1.0,0,,0.0,0.0,0,,,,,,,,,,,,,,,,,,0.0,0.0,0.0,0.8253284858128724,0.611082842847474,0.43458410656802554,0.847810575152982,0.847810575152982,0.6797015025953386,0.8443507261824088,1.0,,,,,,,,
31.481,baseline,baseline,arm,0,0.1281937827657946,0.060018887866265913,0.60559416746375749,0.5329012158644111,0.0,0.2557925836149173,0.0014231157849408558,0.03778693189861146,0.8279038471628807,0.011972091140547165,0.005711914351143764,-0.03169858242904021,0.03436214573979667,0.03748070850305282,0.09799999999999898,1.0,NORMAL,1.0,0,,0.0,0.0,0,,,,,,,,,,,,,,,,,,0.0,0.0,0.0,0.8281766324316497,0.6138489725560914,0.43457742015038353,0.8512561996169284,0.8512561996169284,0.6819648061887633,0.847810575152982,1.0,,,,,,,,
31.541,baseline,baseline,arm,0,0.12892111766216061,0.060368623241695202,0.60364743562922507,0.5335852772418378,0.0,0.25612093307608214,0.0014690264357327995,0.03855975628638622,0.829734993040039,0.012327710107898175,0.005927718227614957,-0.03299545482258284,0.03571848707377566,0.03686388370905599,0.05900000000000105,1.0,NORMAL,1.0,0,,0.0,0.0,0,,,,,,,,,,,,,,,,,,0.0,0.0,0.0,0.8300861471156121,0.615830600226003,0.43457655256996897,0.8535453368697705,0.8535453368697705,0.6835096591953387,0.8512561996169284,1.0,,,,,,,,
31.62,baseline,baseline,arm,0,0.12987654238830143,0.060826807594914489,0.60109248361112755,0.5344836498487535,0.0,0.25655215192740166,0.0015312663602109753,0.03959398355501251,0.8321610516913787,0.009459650753869633,0.0045364787447454615,-0.025296554634629164,0.027385768350906132,0.03354652995399823,0.10099999999999909,1.0,NORMAL,1.0,0,,0.0,0.0,0,,,,,,,,,,,,,,,,,,0.0,0.0,0.0,0.8324128276845376,0.6173322480470378,0.43458584521406435,0.8563769322585045,0.8563769322585045,0.6851769633010361,0.8535453368697705,1.0,,,,,,,,
31.702,baseline,baseline,arm,0,0.1311463383288555,0.061426102866520962,0.59775474272523932,0.5356784443620511,0.0,0.25712565329378456,0.00161673934461904,0.04098131884416824,0.835402155844623,0.021521965094136383,0.01015754697638072,-0.05657187942183339,0.06137384038341631,0.04328599203006877,0.05900000000000105,1.0,NORMAL,1.0,0,,0.0,0.0,0,,,,,,,,,,,,,,,,,,0.0,0.0,0.0,0.8357909885856303,0.6219994703924686,0.434640762136904,0.8604274301602981,0.8604274301602981,0.6882146628188253,0.8563769322585045,1.0,,,,,,,,
31.78,baseline,baseline,arm,0,0.13286180424657382,0.06223592772993531,0.59324555695567127,0.5372912965375004,0.0,0.2578998223380002,0.0017388035777192745,0.042919168557063424,0.8398490910102833,0.016984811066518148,0.008018067954597573,-0.04464540365908998,0.04843537228692422,0.04508825119018407,0.10099999999999909,1.0,NORMAL,1.0,0,,0.0,0.0,0,,,,,,,,,,,,,,,,,,0.0,0.0,0.0,0.8402755672126206,0.625361629816037,0.4347091362883462,0.8658409933122254,0.8658409933122254,0.6915468316573072,0.8604274301602981,1.0,,,,,,,,
31.88,baseline,baseline,arm,0,0.13421145738169196,0.062871801815865394,0.58971263976277,0.5385593820785975,0.0,0.2585085033977268,0.0018401803472410292,0.04449015171421985,0.8433982175377852,0.016870664188977175,0.00794842607412622,-0.04416146491126688,0.0479377906285025,0.04608555129652906,0.0799999999999983,1.0,NORMAL,1.0,0,,0.0,0.0,0,,,,,,,,,,,,,,,,,,0.0,0.0,0.0,0.8439186343825765,0.6303081474385681,0.4348304339534477,0.8702289558904206,0.8702289558904206,0.6948215429162532,0.8658409933122254,1.0,,,,,,,,
32.001,baseline,baseline,arm,0,0.13617252281223693,0.063810753010479559,0.58445745038111929,0.5403977561027639,0.0,0.25939092292932664,0.0019986491593659466,0.046910150505165546,0.8486974786966219,0.01634221192120797,0.007824593288451314,-0.04379324484708884,0.04739346415745976,0.04654313086554872,0.120000000000001,1.0,NORMAL,1.0,0,,0.0,0.0,0,,,,,,,,,,,,,,,,,,0.0,0.0,0.0,0.8491532699767286,0.6349648448580951,0.4349856795196855,0.8765957567351172,0.8765957567351172,0.6989248877724066,0.8702289558904206,1.0,,,,,,,,
32.082,baseline,baseline,arm,0,0.13711669768815382,0.064256863175902262,0.58198068225411559,0.5412831061540885,0.0,0.25981589095396246,0.0020781775762591078,0.04808924194964753,0.8512664166339576,0.011656479949591262,0.005507532906453155,-0.03057738428399652,0.03318407559631705,0.04186741948482068,0.08099999999999952,1.0,NORMAL,1.0,0,,0.0,0.0,0,,,,,,,,,,,,,,,,,,0.0,0.0,0.0,0.851688763127143,0.6376294081722356,0.43509781349411586,0.8796774752962435,0.8796774752962435,0.7010233650224346,0.8765957567351172,1.0,,,,,,,,
32.181,baseline,baseline,arm,0,0.13850373386339324,0.06491720730894282,0.57830450361476149,0.5425819994134612,0.0,0.2604393597184614,0.0022006679785997085,0.049882567726275064,0.8551045948367973,0.013733031438014128,0.0065380607231739,-0.03639780831043696,0.03944797637776502,0.04102060868457,0.10099999999999909,1.0,NORMAL,1.0,0,,0.0,0.0,0,,,,,,,,,,,,,,,,,,0.0,0.0,0.0,0.8554568513146488,0.6410385050442639,0.43525907650720796,0.8842687385054617,0.8842687385054617,0.7040057928428956,0.8796774752962435,1.0,,,,,,,,
32.282,baseline,baseline,arm,0,0.13967388519817492,0.065473281738456915,0.57521585109971041,0.5436771210132082,0.0,0.26096501808633993,0.0023086047008244854,0.051431494174913654,0.8583822379752863,0.011940319742670357,0.005674228872592861,-0.03151686239848076,0.03417719596895773,0.03862541217756672,0.09799999999999898,1.0,NORMAL,1.0,0,,0.0,0.0,0,,,,,,,,,,,,,,,,,,0.0,0.0,0.0,0.8586883139964008,0.6442374849589659,0.4354251425012885,0.8882045656673538,0.8882045656673538,0.7066388767810022,0.8842687385054617,1.0,,,,,,,,
32.32,baseline,baseline,arm,0,0.14041105498507564,0.065826261607017572,0.57324916802020021,0.5443661612642727,0.0,0.2612957574068509,0.0023793355860801135,0.052437236732833827,0.8604784909900376,0.012494403167807856,0.005982709636620842,-0.033333611517119444,0.03609754260181821,0.03774061844094043,0.059000000000004604,1.0,NORMAL,1.0,0,,0.0,0.0,0,,,,,,,,,,,,,,,,,,0.0,0.0,0.0,0.860768283170992,0.6454113331461937,0.4354963129373235,0.8907383844452301,0.8907383844452301,0.7081035784249348,0.8882045656673538,1.0,,,,,,,,
32.42,baseline,baseline,arm,0,0.14105146451943085,0.066136539348044102,0.57151006033108853,0.5449638669728792,0.0,0.261582656146982,0.002442892410470016,0.05333877049356716,0.8623281860238985,0.008106449801964587,0.003927566342107937,-0.022014021381160258,0.023785656247697094,0.03285619389227705,0.07900000000000063,1.0,NORMAL,1.0,0,,0.0,0.0,0,,,,,,,,,,,,,,,,,,0.0,0.0,0.0,0.8625757727466851,0.6484047933721709,0.43565174867058576,0.8929501999307743,0.8929501999307743,0.709895628680054,0.8907383844452301,1.0,,,,,,,,
32.521,baseline,baseline,arm,0,0.14300806478172029,0.067060065741813918,0.56635220793914032,0.54679276141039,0.0,0.26246052547698717,0.002643145426077077,0.056092097975375524,0.8679885302888297,0.019182355512642208,0.009054180331076918,-0.0505671803132194,0.05483594322440983,0.040549030988967165,0.10199999999999676,1.0,NORMAL,1.0,0,,0.0,0.0,0,,,,,,,,,,,,,,,,,,0.0,0.0,0.0,0.8683009605324828,0.6540599890092366,0.43599455157024275,0.8998999779354075,0.8998999779354075,0.7145638697618424,0.8929501999307743,1.0,,,,,,,,
32.62,baseline,baseline,arm,0,0.14454004419004271,0.067783246338412664,0.56231631976293461,0.5482231616852004,0.0,0.26314711760889614,0.002809724516267766,0.058325544976827876,0.8725055487871921,0.015319794083223986,0.007231805965987362,-0.040358881762056466,0.043770246119547114,0.041676432176056356,0.10000000000000142,1.0,NORMAL,1.0,0,,0.0,0.0,0,,,,,,,,,,,,,,,,,,0.0,0.0,0.0,0.8728427103473745,0.6586478952084793,0.4363084206632309,0.905422252993235,0.905422252993235,0.71830531980308,0.8998999779354075,1.0,,,,,,,,
32.721,baseline,baseline,arm,0,0.14616083872236882,0.068553580474486384,0.55800594128945613,0.5497339941898717,0.0,0.2638723172111384,0.0029967805275023917,0.06078761771538929,0.8773907096439018,0.01637166194268852,0.0077811528896337915,-0.04353917649978412,0.0471618229645217,0.04359630405611174,0.09899999999999665,1.0,NORMAL,1.0,0,,0.0,0.0,0,,,,,,,,,,,,,,,,,,0.0,0.0,0.0,0.8777652415846281,0.6633861192218395,0.4366522822761666,0.9114123884292958,0.9114123884292958,0.7223040078779825,0.905422252993235,1.0,,,,,,,,
32.821,baseline,baseline,arm,0,0.14745973460388026,0.069168716378359446,0.55457453172521598,0.5509439853819569,0.0,0.2644531129833393,0.0031539053244065735,0.06280736788123358,0.8813583715709363,0.012988958815114231,0.006151359038730537,-0.034314095642401024,0.037202277200192334,0.04135838886482816,0.10000000000000142,1.0,NORMAL,1.0,0,,0.0,0.0,0,,,,,,,,,,,,,,,,,,0.0,0.0,0.0,0.8817522877508553,0.6673100511556102,0.4369627071668807,0.9162659877940311,0.9162659877940311,0.7255727584668443,0.9114123884292958,1.0,,,,,,,,
32.88,baseline,baseline,arm,0,0.14845617586969934,0.069640760054928003,0.55194429767489372,0.5518714739403942,0.0,0.2648983074913892,0.003279230532825131,0.06439155429543081,0.8844405662600393,0.012613180579988201,0.005975236412260162,-0.033294101902813095,0.03610114951134789,0.039518350111032226,0.07900000000000063,1.0,NORMAL,1.0,0,,0.0,0.0,0,,,,,,,,,,,,,,,,,,0.0,0.0,0.0,0.8847819764465643,0.669282371633859,0.43715060982171355,0.9199695833856669,0.9199695833856669,0.7277961353219509,0.9162659877940311,1.0,,,,,,,,
32.945,baseline,baseline,arm,0,0.14949313768903011,0.070131070900355946,0.54921840199790173,0.5528361760066313,0.0,0.265361364483183,0.0034139828074781697,0.06606716446253191,0.8876786877598244,0.01249351589555172,0.005907359583469315,-0.032842116590265646,0.03563129886503455,0.03815786341750699,0.08299999999999841,1.0,NORMAL,1.0,0,,0.0,0.0,0,,,,,,,,,,,,,,,,,,0.0,0.0,0.0,0.8879911011731563,0.6733158228546993,0.43749713101363613,0.923886305523779,0.923886305523779,0.7306725901413177,0.9199695833856669,1.0,,,,,,,,
33.079,baseline,baseline,arm,0,0.15066321984928871,0.07068752685792451,0.54611807797032219,0.5539232793594998,0.0,0.2658831740925599,0.003572491210993442,0.06801373838574479,0.8913926830487979,0.0118190117197834,0.005620767248167095,-0.03131640431898404,0.033941114329976374,0.03668199535283034,0.09900000000000375,1.0,NORMAL,1.0,0,,0.0,0.0,0,,,,,,,,,,,,,,,,,,0.0,0.0,0.0,0.8916765251589495,0.6768370309391427,0.43782746080347246,0.9283866635226209,0.9283866635226209,0.7336819201060464,0.923886305523779,1.0,,,,,,,,
33.139,baseline,baseline,arm,0,0.15134022565485755,0.071009286160805485,0.54432756028895579,0.5545518967839906,0.0,0.2661849104563155,0.0036670406950951293,0.06915855561824462,0.8935624035536458,0.011474674670658828,0.005453547506457436,-0.03034775731129619,0.03289978287204915,0.03535822057846529,0.0589999999999975,1.0,NORMAL,1.0,0,,0.0,0.0,0,,,,,,,,,,,,,,,,,,0.0,0.0,0.0,0.8938233339422763,0.67889032870575,0.43802743005226674,0.9310095273296284,0.9310095273296284,0.7354376550074804,0.9283866635226209,1.0,,,,,,,,
33.183,baseline,baseline,arm,0,0.15238962475610321,0.071508896974845082,0.5415364874727171,0.5555255157952196,0.0,0.2666522475817054,0.0038183998115269044,0.0709727007561653,0.8969688639446172,0.013117488765570994,0.006245135175495097,-0.03488841020298441,0.037792477973358586,0.03621019377834716,0.0799999999999983,1.0,NORMAL,1.0,0,,0.0,0.0,0,,,,,,,,,,,,,,,,,,0.0,0.0,0.0,0.8972393918072943,0.6830595474313759,0.4384239446143205,0.9351749006203096,0.9351749006203096,0.738474446118325,0.9310095273296284,1.0,,,,,,,,
33.3,baseline,baseline,arm,0,0.15409906475456908,0.072318086459306041,0.53699971303009786,0.5571108040657717,0.0,0.26741318595157043,0.004076553580971544,0.07400156771111342,0.9026021113094271,0.021638480993238722,0.01024290486659434,-0.05742752459011651,0.06221785547854645,0.04531286954080899,0.07900000000000063,1.0,NORMAL,1.0,0,,0.0,0.0,0,,,,,,,,,,,,,,,,,,0.0,0.0,0.0,0.9029513387246654,0.6883532110830393,0.43895207255992025,0.9421253610695747,0.9421253610695747,0.7430954958592999,0.9351749006203096,1.0,,,,,,,,
33.4,baseline,baseline,arm,0,0.15562896474933829,0.07304039526669065,0.53295896394102094,0.5585282584099972,0.0,0.2680935640367986,0.004320008034545436,0.07678447961256687,0.9077263100939081,0.01529899994769191,0.007223088073845982,-0.04040749089076865,0.04380636621325221,0.04478558487108639,0.10000000000000142,1.0,NORMAL,1.0,0,,0.0,0.0,0,,,,,,,,,,,,,,,,,,0.0,0.0,0.0,0.9081471400677248,0.6937016739352968,0.43951081653414076,0.9484460718637945,0.9484460718637945,0.7474514256002392,0.9421253610695747,1.0,,,,,,,,
33.48,baseline,baseline,arm,0,0.15695243520956317,0.073665114606622187,0.52946862058575084,0.5597531637080798,0.0,0.2686815185798783,0.004540812874115098,0.07925359477619613,0.9122290899382693,0.01613988366127887,0.007618528535750384,-0.042565162869147154,0.04615550792404611,0.045265048719815015,0.08200000000000074,1.0,NORMAL,1.0,0,,0.0,0.0,0,,,,,,,,,,,,,,,,,,0.0,0.0,0.0,0.9126597757884988,0.6979921972988629,0.4399994578862458,0.9539466787407989,0.9539466787407989,0.7511495274286015,0.9484460718637945,1.0,,,,,,,,
33.56,baseline,baseline,arm,0,0.15846936635041675,0.074383641946592055,0.52545035102118132,0.5611550907361936,0.0,0.26935444355337296,0.004806868907898922,0.08217115280784648,0.917487556005312,0.015169311408535564,0.0071852733996985805,-0.04018269564569464,0.043547505000769794,0.04466390668679227,0.10000000000000142,1.0,NORMAL,1.0,0,,0.0,0.0,0,,,,,,,,,,,,,,,,,,0.0,0.0,0.0,0.9178670183273638,0.7017214905541416,0.44046994898875236,0.9603092275187538,0.9603092275187538,0.7550919213472529,0.9539466787407989,1.0,,,,,,,,
33.682,baseline,baseline,arm,0,0.15996365010060293,0.075088576103833321,0.52152432041466057,0.5625350352216044,0.0,0.2700168169063701,0.005081456418021525,0.08510267247054953,0.9227359810165455,0.01494283750186155,0.00704934157241256,-0.03926030606520692,0.042595225572184814,0.043939841360530384,0.10000000000000142,1.0,NORMAL,1.0,0,,0.0,0.0,0,,,,,,,,,,,,,,,,,,0.0,0.0,0.0,0.9231623187662765,0.7082753345908641,0.44123361698979735,0.9667537872700469,0.9667537872700469,0.7598562644042461,0.9603092275187538,1.0,,,,,,,,
33.783,baseline,baseline,arm,0,0.16140653663251275,0.07577918675472603,0.51764666906012391,0.5638639117407941,0.0,0.27065467763558115,0.005363149651665702,0.08807218142638644,0.9279539204544274,0.01428600526643405,0.006837729216759556,-0.038392587668680145,0.04153113621382877,0.043096629010373824,0.10099999999999909,1.0,NORMAL,1.0,0,,0.0,0.0,0,,,,,,,,,,,,,,,,,,0.0,0.0,0.0,0.9283502073838084,0.7128725858700511,0.4418363250820891,0.9730921615944329,0.9730921615944329,0.7640378199825953,0.9667537872700469,1.0,,,,,,,,
33.881,baseline,baseline,arm,0,0.16255187196918791,0.076321516183995977,0.51462752094328135,0.5649188307047762,0.0,0.27116103873829256,0.005594546987931509,0.09044142869120413,0.9321158451222045,0.01156904380479996,0.005478075043130965,-0.030496445624673383,0.03307393651312488,0.03958866133916252,0.09899999999999665,1.0,NORMAL,1.0,0,,0.0,0.0,0,,,,,,,,,,,,,,,,,,0.0,0.0,0.0,0.9324208729518566,0.716489239158276,0.4423551928015764,0.9780738137489414,0.9780738137489414,0.7673347796651626,0.9730921615944329,1.0,,,,,,,,
33.941,baseline,baseline,arm,0,0.1632207762072333,0.076639042723894935,0.51285979184791242,0.5655343018975225,0.0,0.2714564649108108,0.00573404381349685,0.09185078236288718,0.9345755929847174,0.011735162070971255,0.005570641050858691,-0.03101279114682217,0.033623493055687806,0.03750084836286261,0.05700000000000216,1.0,NORMAL,1.0,0,,0.0,0.0,0,,,,,,,,,,,,,,,,,,0.0,0.0,0.0,0.9349346173247441,0.7190437515419189,0.44268038115429265,0.9811260660412421,0.9811260660412421,0.7694462040155494,0.9780738137489414,1.0,,,,,,,,
34.041,baseline,baseline,arm,0,0.1643136789563201,0.077159889041414687,0.50994384430236772,0.5665387249959014,0.0,0.27193858799803267,0.005969974744383065,0.09421060623956287,0.93865789397788,0.010508680279680842,0.005008137668459192,-0.028037957168699203,0.030358538277074604,0.0350010160385702,0.1039999999999992,1.0,NORMAL,1.0,0,,0.0,0.0,0,,,,,,,,,,,,,,,,,,0.0,0.0,0.0,0.9389286218152397,0.7233844284214003,0.4433081461273812,0.9860158060418878,0.9860158060418878,0.7729092506014773,0.9811260660412421,1.0,,,,,,,,
34.142,baseline,baseline,arm,0,0.16631579372038566,0.078106487128394186,0.50462399636980348,0.5683779233656865,0.0,0.2728214032155295,0.006424729940323836,0.0986348191754857,0.9462588756970255,0.020429742490465114,0.00965916415285214,-0.054284162577186656,0.05880003517911271,0.04333066677370128,0.09799999999999898,1.0,NORMAL,1.0,0,,0.0,0.0,0,,,,,,,,,,,,,,,,,,0.0,0.0,0.0,0.9466507895812809,0.7307600223223963,0.4443227620208914,0.9954007170685211,0.9954007170685211,0.7792835727482724,0.9860158060418878,1.0,,,,,,,,
34.24,baseline,baseline,arm,0,0.1680156150835227,0.078913674708931819,0.50007716922028767,0.5699361729555008,0.0,0.2735693630186404,0.006837273817449737,0.10253690794761916,0.9528797177392101,0.016829914486505483,0.007991956242946931,-0.045018090589265945,0.048721102886897176,0.04521728642823378,0.10099999999999909,1.0,NORMAL,1.0,0,,0.0,0.0,0,,,,,,,,,,,,,,,,,,0.0,0.0,0.0,0.9533007466603574,0.7368884665506096,0.44522773028420265,1.0034989559812981,1.0034989559812981,0.784728974869117,0.9954007170685211,1.0,,,,,,,,
34.321,baseline,baseline,arm,0,0.16913959990545449,0.079444082445366548,0.49710770772579971,0.5709659869136536,0.0,0.2740636737185537,0.007121820324291714,0.10514873888561466,0.9573002198421137,0.014227655973820077,0.0067140219801863936,-0.03758812018339157,0.04074765103145079,0.0436528823968746,0.07900000000000063,1.0,NORMAL,1.0,0,,0.0,0.0,0,,,,,,,,,,,,,,,,,,0.0,0.0,0.0,0.9576894007008228,0.7409869864642471,0.4458779028822504,1.0088493576870217,1.0088493576870217,0.7883509119335855,1.0034989559812981,1.0,,,,,,,,
34.42,baseline,baseline,arm,0,0.17063724477036132,0.080150742092487515,0.49315812597809039,0.5723365721392621,0.0,0.27472155462684583,0.007518022749226222,0.10869922393410617,0.9632753734494404,0.014976448649068117,0.007066596471209562,-0.039495817477092625,0.04282698212586197,0.04336379044802215,0.10000000000000142,1.0,NORMAL,1.0,0,,0.0,0.0,0,,,,,,,,,,,,,,,,,,0.0,0.0,0.0,0.9637219207945228,0.7467007142807673,0.4467663459776745,1.0161790422625152,1.0161790422625152,0.79334200582887,1.0088493576870217,1.0,,,,,,,,
34.523,baseline,baseline,arm,0,0.17200693979997383,0.080801311552468447,0.48950917471121591,0.5735874816837558,0.0,0.2753219912082028,0.007900558799217222,0.11205552766306166,0.9688655593542375,0.013428382643260338,0.006378131960597575,-0.035774032028182294,0.038739945731428485,0.0417454299948398,0.10199999999999676,1.0,NORMAL,1.0,0,,0.0,0.0,0,,,,,,,,,,,,,,,,,,0.0,0.0,0.0,0.96925931514068,0.751499974501585,0.44757862301489326,1.0229311076291852,1.0229311076291852,0.7978172550715859,1.0161790422625152,1.0,,,,,,,,
34.62,baseline,baseline,arm,0,0.17312051471014547,0.081328351209673605,0.48656665457646553,0.5746037345241857,0.0,0.2758097925716091,0.008223926604233715,0.11481833811826687,0.9734557918182953,0.011721841159700722,0.005547785865317107,-0.03097389615526523,0.03357918598206068,0.038887234927105246,0.09500000000000597,1.0,NORMAL,1.0,0,,0.0,0.0,0,,,,,,,,,,,,,,,,,,0.0,0.0,0.0,0.9737552250439733,0.7553197086490944,0.4482681868791466,1.0284203206217586,1.0284203206217586,0.8014408602984933,1.0229311076291852,1.0,,,,,,,,
34.7,baseline,baseline,arm,0,0.1739726665976746,0.081731677252306789,0.48431904116003843,0.5753806947920392,0.0,0.2761827335001788,0.008479716405277586,0.11696222451039795,0.9770053692078936,0.010392096189380428,0.004918610276014823,-0.027409919712527698,0.029723594817987076,0.03567994991995673,0.08199999999999363,1.0,NORMAL,1.0,0,,0.0,0.0,0,,,,,,,,,,,,,,,,,,0.0,0.0,0.0,0.9772643905424019,0.7584929196308531,0.4488327636655671,1.0326960671392484,1.0326960671392484,0.8043215352445177,1.0284203206217586,1.0,,,,,,,,
34.72,baseline,baseline,arm,0,0.17442500149895571,0.081945029776275977,0.48313490169507362,0.5757930318126168,0.0,0.276380655270056,0.008618095915092196,0.11810386138866935,0.9788956443864343,0.007666693242052012,0.003616144474053743,-0.020070160423130933,0.021786831470756978,0.03081731866867516,0.059000000000004604,1.0,NORMAL,1.0,0,,0.0,0.0,0,,,,,,,,,,,,,,,,,,0.0,0.0,0.0,0.9791433638006376,0.7590075843128588,0.4489676837738479,1.0349820388557354,1.0349820388557354,0.80552516768577,1.0326960671392484,1.0,,,,,,,,
34.82,baseline,baseline,arm,0,0.17543638069682202,0.082423905726311655,0.48045968503858844,0.5767139203182878,0.0,0.27682268175277813,0.00893711627450665,0.12071130546001492,0.9831850238055875,0.015559679967174595,0.007367322308241469,-0.041157179330542665,0.04461271667496674,0.03564570583015131,0.06499999999999773,1.0,NORMAL,1.0,0,,0.0,0.0,0,,,,,,,,,,,,,,,,,,0.0,0.0,0.0,0.9834360191967046,0.7649034379541467,0.4499566796296244,1.0401996090185848,1.0401996090185848,0.8096239364497652,1.0349820388557354,1.0,,,,,,,,
34.899,baseline,baseline,arm,0,0.17701287432874402,0.08317040433337472,0.47624129902714107,0.5781475646481523,0.0,0.2775108310311131,0.009460639222834773,0.12490438996666263,0.9900234248687628,0.020473943271714756,0.009694787104715354,-0.05478423391490209,0.0592830796749111,0.04391867734478225,0.07699999999999818,1.0,NORMAL,1.0,0,,0.0,0.0,0,,,,,,,,,,,,,,,,,,0.0,0.0,0.0,0.9903990048926415,0.771293564498477,0.45104915911850935,1.0486377646617049,1.0486377646617049,0.8153448732928331,1.0401996090185848,1.0,,,,,,,,
34.983,baseline,baseline,arm,0,0.17827894122955135,0.083767046888928789,0.47288935030605644,0.5792979867273548,0.0,0.27806303362913026,0.009900452643847929,0.1283121214346041,0.9955735944349371,0.01563045556552197,0.0073659574759758865,-0.04138208297635189,0.04484467930741968,0.04424276972237287,0.08100000000000307,1.0,NORMAL,1.0,0,,0.0,0.0,0,,,,,,,,,,,,,,,,,,0.0,0.0,0.0,0.9960403422098143,0.7768569022050735,0.45203024114226115,1.0554699331475688,1.0554699331475688,0.8200993546761794,1.0486377646617049,1.0,,,,,,,,
35.06,baseline,baseline,arm,0,0.17994417644440636,0.084555176150074268,0.46845231944612176,0.580808138947043,0.0,0.2787879066945806,0.010511788285912222,0.1329228089102059,1.0030306428377416,0.016652352148549862,0.007881292611454675,-0.04437030859934624,0.04804310450530755,0.04557287793340974,0.10000000000000142,1.0,NORMAL,1.0,0,,0.0,0.0,0,,,,,,,,,,,,,,,,,,0.0,0.0,0.0,1.0034565050455406,0.7818123526090096,0.4530201663127975,1.0644837271527565,1.0644837271527565,0.8256931877800261,1.0554699331475688,1.0,,,,,,,,
35.182,baseline,baseline,arm,0,0.18147452426001023,0.085277169424636201,0.46440428532433453,0.582194287462556,0.0,0.27945325798202686,0.011104513470061417,0.1372322957347131,1.0099843546493572,0.015303478156038558,0.007219932745619226,-0.040480341217871675,0.04387461564092539,0.044978473082759915,0.10000000000000142,1.0,NORMAL,1.0,0,,0.0,0.0,0,,,,,,,,,,,,,,,,,,0.0,0.0,0.0,1.0103970659705304,0.7894747223336107,0.4544880748823025,1.0729062588285232,1.0729062588285232,0.8318165305037417,1.0644837271527565,1.0,,,,,,,,
35.28,baseline,baseline,arm,0,0.18288207032225126,0.085945961419577027,0.46064063179445214,0.5834661568728694,0.0,0.2800637552989773,0.011682274791277553,0.14132396267163913,1.0165361496347634,0.013936099626148911,0.0066217029202062586,-0.03726389633546958,0.040331870678832135,0.04335213295420783,0.10099999999999909,1.0,NORMAL,1.0,0,,0.0,0.0,0,,,,,,,,,,,,,,,,,,0.0,0.0,0.0,1.0169702016030386,0.7952938427311402,0.4556502316684662,1.0808741702210765,1.0808741702210765,0.8371971115559305,1.0729062588285232,1.0,,,,,,,,
35.382,baseline,baseline,arm,0,0.1841915797939877,0.086565241109741176,0.45717516549442783,0.5846484774693336,0.0,0.2806312691852801,0.012244028429985381,0.14516814434376513,1.0226919194283641,0.013095094717364234,0.0061927969016413965,-0.03465466300024262,0.03756032357131797,0.04132498527167533,0.10000000000000142,1.0,NORMAL,1.0,0,,0.0,0.0,0,,,,,,,,,,,,,,,,,,0.0,0.0,0.0,1.0230410315239442,0.8002455022316557,0.4567254131115194,1.0882478053169289,1.0882478053169289,0.8420649380460121,1.0808741702210765,1.0,,,,,,,,
35.482,baseline,baseline,arm,0,0.18544285417441986,0.087155465853668734,0.45388881373232531,0.5857770749579009,0.0,0.2811729959797924,0.012804157530136594,0.14888144010326554,1.0286356685710953,0.012639135155880778,0.005961866100278573,-0.03319547234447095,0.03601709273468373,0.0394671614109377,0.09899999999999665,1.0,NORMAL,1.0,0,,0.0,0.0,0,,,,,,,,,,,,,,,,,,0.0,0.0,0.0,1.0289541574468888,0.8054313752906475,0.45783915504427963,1.0954124066459276,1.0954124066459276,0.8469092736069359,1.0882478053169289,1.0,,,,,,,,
35.54,baseline,baseline,arm,0,0.18622015074947429,0.087524455184162908,0.45182634810653421,0.5864768328682484,0.0,0.2815088797767592,0.013166945327345903,0.15124369098699345,1.032396348959347,0.013174518221262107,0.006254056449054059,-0.034957044504935364,0.037877118593556636,0.03891064274532836,0.0589999999999975,1.0,NORMAL,1.0,0,,0.0,0.0,0,,,,,,,,,,,,,,,,,,0.0,0.0,0.0,1.0328057407332218,0.8091439159570503,0.45858255065908404,1.1000551059172012,1.1000551059172012,0.8501468283166393,1.0954124066459276,1.0,,,,,,,,
35.62,baseline,baseline,arm,0,0.18689352628410799,0.087847810095045664,0.4500020622555807,0.587081640847757,0.0,0.28179918760692335,0.013493037764024916,0.15335223472980283,1.0357261009485081,0.006601720927781145,0.003170146185124939,-0.01788515540150433,0.019326441208337486,0.03205602821846821,0.10200000000000387,1.0,NORMAL,1.0,0,,0.0,0.0,0,,,,,,,,,,,,,,,,,,0.0,0.0,0.0,1.0359852528155635,0.8101100838006606,0.45889725335671533,1.1039363184333033,1.1039363184333033,0.8522322271015607,1.1000551059172012,1.0,,,,,,,,
35.699,baseline,baseline,arm,0,0.1880974781359443,0.088412036966154545,0.44683356137502656,0.5881653650299382,0.0,0.28231937521437034,0.014088240814153238,0.1570673190797465,1.0416403001382082,0.020757790548901863,0.009728049501877278,-0.054629325526795815,0.05924427417983682,0.0415718439462649,0.05799999999999983,1.0,NORMAL,1.0,0,,0.0,0.0,0,,,,,,,,,,,,,,,,,,0.0,0.0,0.0,1.0420440470883936,0.8179814351556485,0.46047319364524564,1.1112300630304905,1.1112300630304905,0.8579321847299446,1.1039363184333033,1.0,,,,,,,,
35.802,baseline,baseline,arm,0,0.18980777443928612,0.089227126600577772,0.44219206141394152,0.5896990088360982,0.0,0.2830555242413271,0.014994295789858697,0.16261026769963105,1.0503590965669152,0.017102963033417996,0.008150896344232156,-0.04641499961084972,0.05013283000801032,0.04456781871793453,0.10000000000000142,1.0,NORMAL,1.0,0,,0.0,0.0,0,,,,,,,,,,,,,,,,,,0.0,0.0,0.0,1.0507906032701309,0.8253369520886751,0.4621173138225227,1.1217977139951845,1.1217977139951845,0.8650106457941283,1.1112300630304905,1.0,,,,,,,,
35.881,baseline,baseline,arm,0,0.19101396744320676,0.089795918622650128,0.43898506163339202,0.5907803956965687,0.0,0.28357458993435297,0.01566199005817554,0.16651973595754493,1.0565367116466422,0.014709670779519818,0.006936488074053063,-0.03910975342133504,0.042356370169325974,0.04379379772635561,0.08200000000000074,1.0,NORMAL,1.0,0,,0.0,0.0,0,,,,,,,,,,,,,,,,,,0.0,0.0,0.0,1.0569042239286999,0.8303228009433417,0.4633178095749275,1.1291889102657264,1.1291889102657264,0.8699334361781739,1.1217977139951845,1.0,,,,,,,,
35.982,baseline,baseline,arm,0,0.19258580530496644,0.090535455474436061,0.43483602944036381,0.5921878380646406,0.0,0.28425016227102745,0.0165745974977765,0.17167130476040207,1.0646839025938466,0.015877150118785224,0.0074700692099591666,-0.041909416091195376,0.04543440312143395,0.04436794559370108,0.09899999999999665,1.0,NORMAL,1.0,0,,0.0,0.0,0,,,,,,,,,,,,,,,,,,0.0,0.0,0.0,1.0651245992028961,0.8374432047313617,0.4649645326742112,1.1390815295717105,1.1390815295717105,0.8766534665450448,1.1291889102657264,1.0,,,,,,,,
36.079,baseline,baseline,arm,0,0.19409300294382753,0.091247985488462149,0.43083017865945428,0.593534161832164,0.0,0.2848963976794387,0.01750404770237509,0.17674178866547516,1.072676395879453,0.015071976388610695,0.007125300140260786,-0.0400585078090948,0.04338915097393527,0.044025367191402744,0.10000000000000142,1.0,NORMAL,1.0,0,,0.0,0.0,0,,,,,,,,,,,,,,,,,,0.0,0.0,0.0,1.0730972875419207,0.8441976354696414,0.466607915382548,1.1486839435505414,1.1486839435505414,0.8831466954861629,1.1390815295717105,1.0,,,,,,,,
36.16,baseline,baseline,arm,0,0.19560634334780863,0.091963225862152775,0.42681945603141874,0.5948836626926922,0.0,0.28554415809249223,0.018489506325758246,0.18191573479335377,1.0808330619042965,0.014983568356248655,0.0070815878583230935,-0.03971012503005516,0.04302964370273287,0.04367685845950132,0.10099999999999909,1.0,NORMAL,1.0,0,,0.0,0.0,0,,,,,,,,,,,,,,,,,,0.0,0.0,0.0,1.0812068823885999,0.8491744572442486,0.46789465762664617,1.158441870371744,1.158441870371744,0.8891794669078097,1.1486839435505414,1.0,,,,,,,,
36.282,baseline,baseline,arm,0,0.19691967038308777,0.092584272904529613,0.42334649154739701,0.5960527742381923,0.0,0.28610533163433227,0.01938946773755184,0.1864743211287156,1.0880218947387919,0.01326592964928473,0.006273202448251099,-0.03508044933355406,0.03802598958423789,0.04169904392810823,0.09899999999999665,1.0,NORMAL,1.0,0,,0.0,0.0,0,,,,,,,,,,,,,,,,,,0.0,0.0,0.0,1.0884097803556383,0.8565640115331825,0.46971103163788797,1.1670842818524072,1.1670842818524072,0.895442276344779,1.158441870371744,1.0,,,,,,,,
36.341,baseline,baseline,arm,0,0.19758888583208187,0.092901409645732749,0.42157465432156521,0.5966476215047165,0.0,0.2863908583222639,0.01986534494333936,0.1888276728426566,1.0917314976129764,0.01134263472871255,0.005375199003442566,-0.030031139420875555,0.03254869370392108,0.03849641848709489,0.059000000000004604,1.0,NORMAL,1.0,0,,0.0,0.0,0,,,,,,,,,,,,,,,,,,0.0,0.0,0.0,1.092051380081812,0.8592804798141815,0.4704536169971201,1.1714638492329201,1.1714638492329201,0.8983123315315085,1.1670842818524072,1.0,,,,,,,,
36.44,baseline,baseline,arm,0,0.19845798726618821,0.093313717347024594,0.41925467408977962,0.5974193077688612,0.0,0.28676126772905336,0.02050392743096769,0.1919362414477984,1.0966207443766807,0.008520602295160518,0.0040422323656064485,-0.02274490423319278,0.024622570429322806,0.0336405537641967,0.10199999999999676,1.0,NORMAL,1.0,0,,0.0,0.0,0,,,,,,,,,,,,,,,,,,0.0,0.0,0.0,1.0968624649945555,0.8640973324120121,0.4717264110046067,1.177243100468131,1.177243100468131,0.9024823272198264,1.1714638492329201,1.0,,,,,,,,
36.542,baseline,baseline,arm,0,0.20055193436108648,0.094304368364001412,0.41362163675911823,0.599275944094323,0.0,0.28765245316527505,0.022136649723446332,0.19961449289626815,1.1086795398793126,0.021150980756547366,0.010006575929058388,-0.056899366976375564,0.0615226260094618,0.04339916250064355,0.09900000000000375,1.0,NORMAL,1.0,0,,0.0,0.0,0,,,,,,,,,,,,,,,,,,0.0,0.0,0.0,1.109015736811692,0.873968010121734,0.4742711453632217,1.191757445421027,1.191757445421027,0.9122530844294188,1.177243100468131,1.0,,,,,,,,
36.62,baseline,baseline,arm,0,0.2022480095973497,0.095109390543318031,0.40902902959081389,0.6007755798032957,0.0,0.28837227830558193,0.023559775467839137,0.20601144604774946,1.1187190796244662,0.016792824121418196,0.007970516626897295,-0.04547135810202359,0.04912405200016584,0.04540276844775803,0.10099999999999909,1.0,NORMAL,1.0,0,,0.0,0.0,0,,,,,,,,,,,,,,,,,,0.0,0.0,0.0,1.1191606350515708,0.8806599859373709,0.4760501237320236,1.203835056567673,1.203835056567673,0.9199264503221596,1.191757445421027,1.0,,,,,,,,
36.68,baseline,baseline,arm,0,0.20288532273536852,0.095407964284221949,0.40735683143199852,0.6013393419020753,0.0,0.2886428841129961,0.02410881364660083,0.20837444555079165,1.122465485212464,0.016341362513302433,0.007655736946254017,-0.042876875867058975,0.04651964016520967,0.04579335920221476,0.03900000000000148,1.0,NORMAL,1.0,0,,0.0,0.0,0,,,,,,,,,,,,,,,,,,0.0,0.0,0.0,1.1229285199508428,0.8864952154544098,0.47754411637878263,1.2083131873384594,1.2083131873384594,0.9238202597806237,1.203835056567673,1.0,,,,,,,,
36.781,baseline,baseline,arm,0,0.20460000247741178,0.0962150477236344,0.4028233916552445,0.6028528628046859,0.0,0.2893693741462492,0.025656051321804325,0.21486049789824332,1.1327387861709828,0.017146797420433544,0.008070834394124968,-0.0453343977675428,0.04913612368248605,0.046963293125302646,0.09999999999999432,1.0,NORMAL,1.0,0,,0.0,0.0,0,,,,,,,,,,,,,,,,,,0.0,0.0,0.0,1.1332077454678147,0.8944679263728293,0.47980298356145024,1.2205164880160226,1.2205164880160226,0.9319987858545292,1.2083131873384594,1.0,,,,,,,,
36.879,baseline,baseline,arm,0,0.2061852340154951,0.096966713881538408,0.39857305267799203,0.6042476407769714,0.0,0.2900388675729462,0.02718472246755687,0.22104582464389627,1.1425170554613708,0.01585231538083298,0.007516661579039967,-0.042503389772524054,0.04598189041766674,0.04661975303219761,0.10000000000000142,1.0,NORMAL,1.0,0,,0.0,0.0,0,,,,,,,,,,,,,,,,,,0.0,0.0,0.0,1.1429316010616557,0.9014717556759673,0.4818520593432678,1.2320372139992468,1.2320372139992468,0.9395731575200343,1.2205164880160226,1.0,,,,,,,,
36.961,baseline,baseline,arm,0,0.20753151407664341,0.097600117252223229,0.39503912688658777,0.6054313363349182,0.0,0.2906070414407607,0.028537200600666654,0.2262715564400164,1.150847134816362,0.013462800611482948,0.0063340337068481176,-0.03533925791404219,0.03834358007827682,0.04372296958970241,0.10000000000000142,1.0,NORMAL,1.0,0,,0.0,0.0,0,,,,,,,,,,,,,,,,,,0.0,0.0,0.0,1.1512657425268618,0.9064593040395805,0.48334645190254155,1.241869203904698,1.241869203904698,0.9457351755934205,1.2320372139992468,1.0,,,,,,,,
37.081,baseline,baseline,arm,0,0.20884274723313601,0.098217803687252567,0.39160753844496987,0.6065820060661995,0.0,0.29115936291177574,0.02991449269726176,0.2314140797138224,1.1590699413890593,0.01311233156492573,0.006176864350293294,-0.03431588441617846,0.0372514001822078,0.041457821451081456,0.10000000000000142,1.0,NORMAL,1.0,0,,0.0,0.0,0,,,,,,,,,,,,,,,,,,0.0,0.0,0.0,1.159441672401707,0.9142712229827161,0.4856571588434842,1.2514945982215862,1.2514945982215862,0.9527161631123733,1.241869203904698,1.0,,,,,,,,
37.141,baseline,baseline,arm,0,0.20959617978438774,0.098576967273725613,0.38958836657046975,0.6072410553090613,0.0,0.29147570654834937,0.03074469783660499,0.23446802279194487,1.1639294824859605,0.012770043241555406,0.006087518414797654,-0.03422325211017307,0.03703191690742137,0.03990865671667305,0.0589999999999975,1.0,NORMAL,1.0,0,,0.0,0.0,0,,,,,,,,,,,,,,,,,,0.0,0.0,0.0,1.164222225692984,0.9171336840026836,0.4865638254902358,1.257118746700809,1.257118746700809,0.956259620471678,1.2514945982215862,1.0,,,,,,,,
37.242,baseline,baseline,arm,0,0.21003877284043196,0.098785593034504959,0.3884129564105061,0.6076285757740051,0.0,0.29166171637152244,0.031240465825141554,0.23625684336974273,1.166787601340412,0.004297019961594265,0.002025492823100419,-0.011411749125860425,0.012361028267840303,0.030266985631094243,0.10300000000000153,1.0,NORMAL,1.0,0,,0.0,0.0,0,,,,,,,,,,,,,,,,,,0.0,0.0,0.0,1.1669597397112812,0.9203061219494063,0.4875593994822025,1.2603470377009076,1.2603470377009076,0.9587930747109494,1.257118746700809,1.0,,,,,,,,
37.3,baseline,baseline,arm,0,0.21172584333347139,0.099579829114304852,0.38390436086721652,0.6091039120474618,0.0,0.2923698777827817,0.03320759718276656,0.24318731080796976,1.1778686978209798,0.022198295961044952,0.010450474734209044,-0.05932362556959939,0.06419711299167988,0.04214248816419409,0.07600000000000051,1.0,NORMAL,1.0,0,,0.0,0.0,0,,,,,,,,,,,,,,,,,,0.0,0.0,0.0,1.17820249289282,0.9271331721458826,0.48960279029389225,1.2734557194669578,1.2734557194669578,0.9670985436998882,1.2603470377009076,1.0,,,,,,,,
37.359,baseline,baseline,arm,0,0.21288149040800491,0.10012352094209676,0.38082301499060145,0.6101126929394267,0.0,0.2928540926109248,0.03461962283610975,0.247987937944361,1.1855743463308221,0.01834360435767435,0.008630029012569568,-0.048910252009761186,0.0529450467300486,0.04592338122074045,0.06300000000000239,1.0,NORMAL,1.0,0,,0.0,0.0,0,,,,,,,,,,,,,,,,,,0.0,0.0,0.0,1.1860012870211984,0.9336413246376145,0.49157397542097747,1.2825152371520157,1.2825152371520157,0.9734329560579515,1.2734557194669578,1.0,,,,,,,,
37.46,baseline,baseline,arm,0,0.21449152754045436,0.10088240066256468,0.37653153614150225,0.6115150481454124,0.0,0.2935272231097979,0.036678629205497956,0.25475872812937567,1.1964796285900838,0.016263001337873773,0.007665451721898496,-0.04334827120302364,0.046928850176701856,0.0462752953246501,0.09899999999999665,1.0,NORMAL,1.0,0,,0.0,0.0,0,,,,,,,,,,,,,,,,,,0.0,0.0,0.0,1.1969081922244518,0.9421559772143514,0.4942359803301434,1.29515196502753,1.29515196502753,0.9821130286991191,1.2825152371520157,1.0,,,,,,,,
37.581,baseline,baseline,arm,0,0.21601099975925245,0.10160282869003773,0.37243782950262572,0.6128343817624455,0.0,0.29416050324597387,0.038734770993464666,0.26130549866833536,1.2070351546702194,0.015194722187980632,0.007204280274730366,-0.04093706638876479,0.04425635142174415,0.045568600283435484,0.10000000000000142,1.0,NORMAL,1.0,0,,0.0,0.0,0,,,,,,,,,,,,,,,,,,0.0,0.0,0.0,1.2075104612671175,0.9524329294397276,0.49748063947650634,1.3073647114662494,1.3073647114662494,0.9911971854124002,1.29515196502753,1.0,,,,,,,,
37.68,baseline,baseline,arm,0,0.21748690026070525,0.10229881959204667,0.3685227745255184,0.6141143138760071,0.0,0.2947748706604834,0.04081222864182849,0.2676506623915823,1.2173520755699014,0.014759005014527772,0.006959909020089373,-0.039150549771072574,0.04241502222048231,0.044464807227314246,0.10000000000000142,1.0,NORMAL,1.0,0,,0.0,0.0,0,,,,,,,,,,,,,,,,,,0.0,0.0,0.0,1.2177490441496879,0.9599595566350184,0.49996468379656667,1.3191134311404213,1.3191134311404213,0.9991966789304236,1.3073647114662494,1.0,,,,,,,,
37.781,baseline,baseline,arm,0,0.21889379633863382,0.10296304230504674,0.36479547933408718,0.6153316694989917,0.0,0.295359201359516,0.04288107039418649,0.2737636181273881,1.2273355593800823,0.01406896077928651,0.006642227130001055,-0.03727295191431435,0.040389698972168805,0.043038491279388205,0.09999999999999432,1.0,NORMAL,1.0,0,,0.0,0.0,0,,,,,,,,,,,,,,,,,,0.0,0.0,0.0,1.2277671381895203,0.9672439328362477,0.5023836407961983,1.3305301877207998,1.3305301877207998,1.0069812248856915,1.3191134311404213,1.0,,,,,,,,
37.88,baseline,baseline,arm,0,0.22013033557470785,0.10354588433640878,0.36154943277388851,0.6163998766426788,0.0,0.29587194078848583,0.04476373584700061,0.2791446801148291,1.2361802333929943,0.012365392360740126,0.005828420313620298,-0.03246046560198622,0.0352215167005199,0.04030245144928087,0.10000000000000142,1.0,NORMAL,1.0,0,,0.0,0.0,0,,,,,,,,,,,,,,,,,,0.0,0.0,0.0,1.2365466751819794,0.9737575522910259,0.5045905134255111,1.3404957396597528,1.3404957396597528,1.0138476201395674,1.3305301877207998,1.0,,,,,,,,
37.92,baseline,baseline,arm,0,0.22064898761147445,0.10379067381813155,0.36018717752531737,0.6168472539062367,0.0,0.2960866818749936,0.045574140534074395,0.281418095933561,1.2399261722488657,0.009099158539764535,0.004294552310925593,-0.02389921488721212,0.025930876150029866,0.03527236508294584,0.05700000000000216,1.0,NORMAL,1.0,0,,0.0,0.0,0,,,,,,,,,,,,,,,,,,0.0,0.0,0.0,1.2401990964175558,0.976131834119695,0.5054174662951827,1.3446349070759798,1.3446349070759798,1.0165958259771033,1.3404957396597528,1.0,,,,,,,,
37.999,baseline,baseline,arm,0,0.22157725187855359,0.10423297341959342,0.35769556381616824,0.6176458044390742,0.0,0.29646998613075565,0.0470721270723282,0.285596500086598,1.2467844177287561,0.011183906832279112,0.00532891086098653,-0.03001944227890578,0.03247528256588379,0.03429329453583151,0.08299999999999841,1.0,NORMAL,1.0,0,,0.0,0.0,0,,,,,,,,,,,,,,,,,,0.0,0.0,0.0,1.247035104793758,0.9795946128741932,0.5065990268737635,1.3523362102107614,1.3523362102107614,1.021391238688119,1.3446349070759798,1.0,,,,,,,,
38.082,baseline,baseline,arm,0,0.22276974404588359,0.10479171759244343,0.35452808485403747,0.6186729945617249,0.0,0.2969630373896279,0.0490470389415373,0.29095206524271994,1.25563513613561,0.019549051923442647,0.009159740538524795,-0.05192588462509456,0.05623489816774973,0.041972842341709754,0.06099999999999994,1.0,NORMAL,1.0,0,,0.0,0.0,0,,,,,,,,,,,,,,,,,,0.0,0.0,0.0,1.255936433944861,0.9892242950003218,0.5098896945318221,1.3623072932766487,1.3623072932766487,1.0293394291884135,1.3523362102107614,1.0,,,,,,,,
38.182,baseline,baseline,arm,0,0.2247073994647909,0.10570780310818392,0.34928221909138818,0.6203356111568945,0.0,0.29776109335530937,0.05243190203631322,0.2999181049669752,1.2704467115154923,0.01918470711789431,0.009070153621193042,-0.05193926497672614,0.0561071111378406,0.046919599704822346,0.10099999999999909,1.0,NORMAL,1.0,0,,0.0,0.0,0,,,,,,,,,,,,,,,,,,0.0,0.0,0.0,1.2708513223649782,1.0003229237929068,0.5137385424072248,1.3788829020194069,1.3788829020194069,1.0409489226461293,1.3623072932766487,1.0,,,,,,,,
38.28,baseline,baseline,arm,0,0.2263126827220521,0.10646559792342276,0.34496521682261322,0.6217097107909957,0.0,0.2984206611796779,0.05536137936815667,0.30738929591126773,1.282881047250098,0.016380441400624637,0.007732600155498457,-0.04405104355892863,0.04762988982009868,0.04716818944260014,0.09799999999999898,1.0,NORMAL,1.0,0,,0.0,0.0,0,,,,,,,,,,,,,,,,,,0.0,0.0,0.0,1.2832910571003144,1.0095506259095786,0.5169986006095548,1.3925909614497813,1.3925909614497813,1.0506078112673072,1.3788829020194069,1.0,,,,,,,,
38.382,baseline,baseline,arm,0,0.22783297211681255,0.10718319240455937,0.34089920470283497,0.6230079696386308,0.0,0.2990438254265428,0.05823932175830228,0.3144995258569611,1.294790642680437,0.014760091211266329,0.00696693671006402,-0.039475845823089224,0.04271698611951983,0.04561026349115607,0.10300000000000153,1.0,NORMAL,1.0,0,,0.0,0.0,0,,,,,,,,,,,,,,,,,,0.0,0.0,0.0,1.295199996414905,1.0182650811985918,0.5201226128858827,1.4056035327059537,1.4056035327059537,1.0597978058013333,1.3925909614497813,1.0,,,,,,,,
38.482,baseline,baseline,arm,0,0.22927873642009497,0.10786282514867332,0.33709416390742286,0.6242406566596731,0.0,0.29963551519664305,0.06105212286582101,0.32121701658508034,1.3061453113072177,0.014904786631777276,0.007006523135195271,-0.03922722469496964,0.04254432028194209,0.04453699737454271,0.09700000000000131,1.0,NORMAL,1.0,0,,0.0,0.0,0,,,,,,,,,,,,,,,,,,0.0,0.0,0.0,1.3065862584545216,1.0270345156536234,0.5233247823939269,1.4179406401268158,1.4179406401268158,1.068721549157222,1.4056035327059537,1.0,,,,,,,,
38.581,baseline,baseline,arm,0,0.23073734232360663,0.10855018760870006,0.33325036097011257,0.625480923474092,0.0,0.30023084326756416,0.06398727831585833,0.32806012618628283,1.3177591712437975,0.014586059035116354,0.00687362460026726,-0.038438029373102374,0.04168311331233284,0.0435380694549294,0.10000000000000142,1.0,NORMAL,1.0,0,,0.0,0.0,0,,,,,,,,,,,,,,,,,,0.0,0.0,0.0,1.3181738728263575,1.0354386619570974,0.5264072949420663,1.4303924713038918,1.4303924713038918,1.0776030752573533,1.4179406401268158,1.0,,,,,,,,
38.68,baseline,baseline,arm,0,0.23206154188956996,0.10917596284648765,0.32975199933110355,0.6266038465144241,0.0,0.30076984632692355,0.0667368824318709,0.3343359657627274,1.328446541035946,0.013241995659633111,0.006257752377875813,-0.03498361639008968,0.03792576076496691,0.04157374624232411,0.10000000000000142,1.0,NORMAL,1.0,0,,0.0,0.0,0,,,,,,,,,,,,,,,,,,0.0,0.0,0.0,1.3287864746428908,1.0427152446917436,0.529076906962509,1.441700940006949,1.441700940006949,1.085569891576023,1.4303924713038918,1.0,,,,,,,,
38.74,baseline,baseline,arm,0,0.23270460534434229,0.10947840810358404,0.32808477353841869,0.6271487848004554,0.0,0.3010314167042186,0.06808668125931713,0.3373435115271802,1.3336103942911715,0.011087300944350552,0.005214573398213776,-0.028745272287670025,0.031247571055175564,0.037959356368499,0.05799999999999983,1.0,NORMAL,1.0,0,,0.0,0.0,0,,,,,,,,,,,,,,,,,,0.0,0.0,0.0,1.3338922855162783,1.0463384436652983,0.5304182390020755,1.4471108371557215,1.4471108371557215,1.0894399513348434,1.441700940006949,1.0,,,,,,,,
38.82,baseline,baseline,arm,0,0.23349373119748773,0.10985261942042379,0.32599541677760324,0.6278157069860224,0.0,0.30135153935329073,0.06978453106694288,0.34112465862995395,1.34007643603621,0.009742294483277581,0.004619892800490948,-0.025794527911303173,0.02795734932810919,0.034458642584857285,0.08099999999999596,1.0,NORMAL,1.0,0,,0.0,0.0,0,,,,,,,,,,,,,,,,,,0.0,0.0,0.0,1.340313757511037,1.0519631189186116,0.5325137965072291,1.4538776626749415,1.4538776626749415,1.0946670839029549,1.4471108371557215,1.0,,,,,,,,
38.88,baseline,baseline,arm,0,0.23499407569334885,0.11055739225897179,0.32197925430207119,0.6290835875003608,0.0,0.30196012200017314,0.07310776030957179,0.3484327298736841,1.3525841996837897,0.018754306198264358,0.008809660481850203,-0.05020203094415167,0.054310017765613845,0.041406460125199655,0.0799999999999983,1.0,NORMAL,1.0,0,,0.0,0.0,0,,,,,,,,,,,,,,,,,,0.0,0.0,0.0,1.3530346742829007,1.059721209011487,0.5354868251452298,1.467161966000802,1.467161966000802,1.103851168610105,1.4538776626749415,1.0,,,,,,,,
38.979,baseline,baseline,arm,0,0.2363402025552758,0.11119217281262199,0.31835157955845073,0.6302176796866232,0.0,0.30250448624957915,0.07617729809130143,0.3550778927055478,1.3639773567330515,0.01661885014724566,0.007836796958644105,-0.04478610794593001,0.04840864624973637,0.043857087409786756,0.08100000000000307,1.0,NORMAL,1.0,0,,0.0,0.0,0,,,,,,,,,,,,,,,,,,0.0,0.0,0.0,1.3643794597321413,1.0706514494736439,0.5396425233550715,1.4788975789150844,1.4788975789150844,1.1133927528689853,1.467161966000802,1.0,,,,,,,,
39.08,baseline,baseline,arm,0,0.23802708270172956,0.11198562114914201,0.31385830160398004,0.6316359706518992,0.0,0.3031852659129116,0.08009936255333959,0.36336529616893093,1.3782858952870813,0.016868801464537436,0.00793448336520011,-0.04493277954470623,0.04864634792803863,0.04553332487314228,0.10000000000000142,1.0,NORMAL,1.0,0,,0.0,0.0,0,,,,,,,,,,,,,,,,,,0.0,0.0,0.0,1.378712006125787,1.0818429394680438,0.543936668713041,1.4935609696636376,1.4935609696636376,1.1245131459926274,1.4788975789150844,1.0,,,,,,,,
39.182,baseline,baseline,arm,0,0.23975506081315776,0.11280597286649574,0.30914949077908338,0.6330820591286058,0.0,0.3038793883817308,0.08426727201732376,0.37210824615931426,1.3933369656869745,0.0171086941725565,0.008122294231225112,-0.04662188935541288,0.05032176116688507,0.04720900577975149,0.10099999999999909,1.0,NORMAL,1.0,0,,0.0,0.0,0,,,,,,,,,,,,,,,,,,0.0,0.0,0.0,1.3937897770006176,1.092809637191362,0.5481548724742251,1.508773924457784,1.508773924457784,1.1358820527809972,1.4935609696636376,1.0,,,,,,,,
39.282,baseline,baseline,arm,0,0.24105157456384876,0.11341400943960533,0.30576629901257396,0.6341668541650497,0.0,0.30440008999922386,0.08739254611397138,0.3784284034116611,1.404387893689906,0.013096098491828813,0.006141783566763782,-0.03417365420716701,0.03710886609638826,0.04367347586212891,0.09899999999999665,1.0,NORMAL,1.0,0,,0.0,0.0,0,,,,,,,,,,,,,,,,,,0.0,0.0,0.0,1.4047774559855482,1.101406052563143,0.5514555835102675,1.5197437885652705,1.5197437885652705,1.1443457201560574,1.508773924457784,1.0,,,,,,,,
39.36,baseline,baseline,arm,0,0.242469471908215,0.11408304238846073,0.30201995991329145,0.6353490425531089,0.0,0.30496754042549223,0.0908857993543885,0.3854569861316824,1.416659368464672,0.014178973443662111,0.0066903294885538745,-0.037463390992824606,0.04061169118939447,0.04260180512748069,0.10000000000000142,1.0,NORMAL,1.0,0,,0.0,0.0,0,,,,,,,,,,,,,,,,,,0.0,0.0,0.0,1.4170801136937277,1.10885421153924,0.5543329831542942,1.531887852954671,1.531887852954671,1.1530387903354833,1.5197437885652705,1.0,,,,,,,,
39.483,baseline,baseline,arm,0,0.24362376061493374,0.11462516865402338,0.29903549557188192,0.6363101841756397,0.0,0.30542888840430704,0.09373916237816315,0.39107863619125416,1.426556871149364,0.01154288706718726,0.005421262655626375,-0.029844643414094894,0.03245506233458204,0.03905007672688699,0.10000000000000142,1.0,NORMAL,1.0,0,,0.0,0.0,0,,,,,,,,,,,,,,,,,,0.0,0.0,0.0,1.4268759591131417,1.1179231563747165,0.5578393898539366,1.541460806416968,1.541460806416968,1.1610248279396909,1.531887852954671,1.0,,,,,,,,
39.54,baseline,baseline,arm,0,0.24428334154863193,0.11493606580089494,0.29732106770419398,0.6368581361822381,0.0,0.30569190536747426,0.09538719487644932,0.39431565674444746,1.432252893170609,0.011372085063762017,0.005360295635716585,-0.029559101167033534,0.03212160565417994,0.036625010648526794,0.05799999999999983,1.0,NORMAL,1.0,0,,0.0,0.0,0,,,,,,,,,,,,,,,,,,0.0,0.0,0.0,1.4326113667486162,1.1225729263986255,0.5597307742952806,1.5470247714964693,1.5470247714964693,1.1654849597347479,1.541460806416968,1.0,,,,,,,,
39.639,baseline,baseline,arm,0,0.24515558883139427,0.11534762916694202,0.29501673930519717,0.6375816344348323,0.0,0.3060391845287195,0.09759811576215624,0.39867437037911446,1.4398933051048224,0.008551443948650605,0.0040349349612460615,-0.02259145489212623,0.02449044156178841,0.032377895771121996,0.10199999999999676,1.0,NORMAL,1.0,0,,0.0,0.0,0,,,,,,,,,,,,,,,,,,0.0,0.0,0.0,1.4401544322886746,1.1298867154513235,0.562517042304796,1.5542848692679907,1.5542848692679907,1.1717107648281964,1.5470247714964693,1.0,,,,,,,,
39.74,baseline,baseline,arm,0,0.24722264780949083,0.11632504640896044,0.28937432215627612,0.639290955776137,0.0,0.3068596587725458,0.10297492560689805,0.40938254288969217,1.458508083045273,0.020879383617136166,0.009872901434529055,-0.05699411261536201,0.06149594877534639,0.04256831209977221,0.09900000000000375,1.0,NORMAL,1.0,0,,0.0,0.0,0,,,,,,,,,,,,,,,,,,0.0,0.0,0.0,1.4588542712193093,1.144436272423326,0.5682924870541827,1.57203625584485,1.57203625584485,1.1859048216354169,1.5542848692679907,1.0,,,,,,,,
39.842,baseline,baseline,arm,0,0.24865684982870645,0.11700067224267069,0.28550705263530135,0.6404741228957856,0.0,0.3074275789899771,0.1067169915745528,0.4167485650413645,1.47136725850168,0.014486889082986598,0.006824503370810865,-0.039063328494695966,0.042218330552563195,0.0424457905443691,0.09899999999999665,1.0,NORMAL,1.0,0,,0.0,0.0,0,,,,,,,,,,,,,,,,,,0.0,0.0,0.0,1.4717138367276246,1.154914403894002,0.5724155773841607,1.584049822777624,1.584049822777624,1.1957734101958528,1.57203625584485,1.0,,,,,,,,
39.9,baseline,baseline,arm,0,0.24981533497395397,0.11754563915896107,0.28242378624808395,0.6414278661190965,0.0,0.30788537573716634,0.10973319255236089,0.42263372033172514,1.4816801547403489,0.014481064315593062,0.0068120864536293495,-0.038540829840214876,0.041731298929418195,0.04219567596687183,0.0800000000000054,1.0,NORMAL,1.0,0,,0.0,0.0,0,,,,,,,,,,,,,,,,,,0.0,0.0,0.0,1.4820324835437257,1.1611566351012679,0.574797390192635,1.5935784461002884,1.5935784461002884,1.2028912387344792,1.584049822777624,1.0,,,,,,,,
39.981,baseline,baseline,arm,0,0.25071079794948853,0.1179653884977076,0.2800802850581896,0.6421642325763305,0.0,0.3082388316366386,0.11205178217679146,0.42711444527635917,1.4895692916661196,0.013991608992727418,0.006558583417914492,-0.036617206092099154,0.039744180965851805,0.041337376600911344,0.06400000000000006,1.0,NORMAL,1.0,0,,0.0,0.0,0,,,,,,,,,,,,,,,,,,0.0,0.0,0.0,1.4899299505795218,1.1702278921328566,0.5785776322016186,1.6008075879320276,1.6008075879320276,1.209885765711506,1.5935784461002884,1.0,,,,,,,,
40.08,baseline,baseline,arm,0,0.2521462701232613,0.11863957392860758,0.27632298304780212,0.6433416602581812,0.0,0.30880399692392696,0.11576844263290266,0.4343178329167944,1.5022319327318052,0.01464767524257941,0.0068794431724488085,-0.03833981643252577,0.04161517334404363,0.04143447857157907,0.09799999999999898,1.0,NORMAL,1.0,0,,0.0,0.0,0,,,,,,,,,,,,,,,,,,0.0,0.0,0.0,1.502640312266739,1.181451226282189,0.583102234515933,1.612320142674964,1.612320142674964,1.2198784789349562,1.6008075879320276,1.0,,,,,,,,
40.183,baseline,baseline,arm,0,0.25361462056196449,0.1193318925836063,0.27244328208716212,0.6445418102205149,0.0,0.3093800689058472,0.11957408385680969,0.44177866203765304,1.5152746250208249,0.014683504387031712,0.0069231865499870945,-0.03879700960639943,0.0420564355062213,0.04165216233899828,0.10000000000000142,1.0,NORMAL,1.0,0,,0.0,0.0,0,,,,,,,,,,,,,,,,,,0.0,0.0,0.0,1.5156276312278796,1.1920229361427614,0.5871355062981742,1.6239060346368555,1.6239060346368555,1.2296730270764178,1.612320142674964,1.0,,,,,,,,
40.26,baseline,baseline,arm,0,0.25480432307467243,0.11989084528020881,0.2693616138610414,0.6455125138594939,0.0,0.30984600665255707,0.1226190031326136,0.4477192202838802,1.525696743928545,0.01189702512708014,0.00558952696602545,-0.030816682261208903,0.033502983809902805,0.038799746451745734,0.09999999999999432,1.0,NORMAL,1.0,0,,0.0,0.0,0,,,,,,,,,,,,,,,,,,0.0,0.0,0.0,1.5260445372625102,1.1991678811696933,0.5898584595951193,1.6330957836674878,1.6330957836674878,1.2370416654237026,1.6239060346368555,1.0,,,,,,,,
40.319,baseline,baseline,arm,0,0.25526168920229486,0.12010551289754046,0.26818911350537555,0.6458851877388603,0.0,0.3100248901146529,0.12378022617478371,0.4499824233797986,1.5296727274080955,0.011434153190560925,0.005366690433291261,-0.029312508891646896,0.031918088960883495,0.036390879426777586,0.03999999999999915,1.0,NORMAL,1.0,0,,0.0,0.0,0,,,,,,,,,,,,,,,,,,0.0,0.0,0.0,1.5299234553992973,1.2044113817444435,0.591901657720285,1.6364811472056748,1.6364811472056748,1.2406794105174253,1.6330957836674878,1.0,,,,,,,,
40.401,baseline,baseline,arm,0,0.25616192367948132,0.12053051434768257,0.26583695362494708,0.6466168457362328,0.0,0.3103760859533917,0.12607125012084236,0.4545270557129799,1.5375912375234466,0.0113953731289424,0.005379765191672266,-0.029774175701626,0.03233106773641488,0.03496994264681882,0.07900000000000063,1.0,NORMAL,1.0,0,,0.0,0.0,0,,,,,,,,,,,,,,,,,,0.0,0.0,0.0,1.5378728692613404,1.213086180971352,0.5954628483200957,1.6433938276161744,1.6433938276161744,1.2474539315422406,1.6364811472056748,1.0,,,,,,,,
40.46,baseline,baseline,arm,0,0.25774152521770588,0.12127145368726513,0.2616136495748137,0.6478994017597153,0.0,0.3109917128446633,0.13009257609747898,0.4626996384482796,1.551683329150137,0.019501253558327186,0.00914739925410541,-0.05213955617448421,0.056413713949113216,0.04247483677580056,0.08100000000000307,1.0,NORMAL,1.0,0,,0.0,0.0,0,,,,,,,,,,,,,,,,,,0.0,0.0,0.0,1.5520212713596073,1.222889085475086,0.5992482929984997,1.6555320254182835,1.6555320254182835,1.2574226688128691,1.6433938276161744,1.0,,,,,,,,
40.582,baseline,baseline,arm,0,0.25961378534305402,0.12215193552422959,0.25659041464164334,0.6494136460862258,0.0,0.3117185501213883,0.1347716703957087,0.4724361476627105,1.5683400142660333,0.018722601253481085,0.00880481836964446,-0.050232349331702904,0.05432632459132049,0.04662266414653677,0.10000000000000142,1.0,NORMAL,1.0,0,,0.0,0.0,0,,,,,,,,,,,,,,,,,,0.0,0.0,0.0,1.5688217514316984,1.2421467042171268,0.6073505208409204,1.6697024924494728,1.6697024924494728,1.2720053672348046,1.6555320254182835,1.0,,,,,,,,
40.66,baseline,baseline,arm,0,0.2612477416439607,0.12292056242995769,0.25223785666372089,0.650730526264224,0.0,0.31235065260682754,0.13874341707165325,0.48088119174837574,1.5827057876910806,0.016339563009066572,0.007686269057280872,-0.043525579779223826,0.047122565151588976,0.046797624910413234,0.10000000000000142,1.0,NORMAL,1.0,0,,0.0,0.0,0,,,,,,,,,,,,,,,,,,0.0,0.0,0.0,1.5831758012642438,1.2532147725269518,0.6114460404263106,1.6815758416551132,1.6815758416551132,1.2823531139681548,1.6697024924494728,1.0,,,,,,,,
40.781,baseline,baseline,arm,0,0.26289700321809634,0.12369518300291572,0.24791226591875332,0.6520558739170422,0.0,0.31298681948018026,0.14262155196314047,0.4892765125143548,1.5969407578747177,0.016492615741357346,0.0077462057295807595,-0.043255907449678235,0.04693701744350814,0.046846287596571945,0.09999999999999432,1.0,NORMAL,1.0,0,,0.0,0.0,0,,,,,,,,,,,,,,,,,,0.0,0.0,0.0,1.5974094293271894,1.2706461806355573,0.6184305821367009,1.6931657400440858,1.6931657400440858,1.2949129830358834,1.6815758416551132,1.0,,,,,,,,
40.86,baseline,baseline,arm,0,0.26444163999123949,0.12442411043155976,0.24381256079010258,0.6532918135352674,0.0,0.3135800704969284,0.14614359604550184,0.4972312498225958,1.6102467299002936,0.015446367731431267,0.007289274286440308,-0.0409970512865068,0.044412633449346706,0.045994503535123306,0.10000000000000142,1.0,NORMAL,1.0,0,,0.0,0.0,0,,,,,,,,,,,,,,,,,,0.0,0.0,0.0,1.6106509516109697,1.2812709259805275,0.6221767568469041,1.7037458492688056,1.7037458492688056,1.3044611209268018,1.6931657400440858,1.0,,,,,,,,
40.982,baseline,baseline,arm,0,0.2658536364782359,0.12508706757261945,0.24017128775549459,0.6544195445385844,0.0,0.3141213813785205,0.14923227537003303,0.5042911339232508,1.6220643352103887,0.01411996486996394,0.0066295714105967405,-0.036412730346079315,0.03961327500060432,0.04376064868352636,0.10000000000000142,1.0,NORMAL,1.0,0,,0.0,0.0,0,,,,,,,,,,,,,,,,,,0.0,0.0,0.0,1.6224409241341082,1.2965040300367385,0.6281306912796707,1.713049682461206,1.713049682461206,1.3150313319779308,1.7037458492688056,1.0,,,,,,,,
41.082,baseline,baseline,arm,0,0.26716411972600002,0.12570376800677016,0.23678816180789031,0.6554627197103527,0.0,0.3146221054609693,0.15199587397995348,0.5108431822677635,1.632923881419039,0.013104832477640974,0.006167004341507044,-0.033831259476042395,0.03680112355011065,0.04132464299997393,0.10000000000000142,1.0,NORMAL,1.0,0,,0.0,0.0,0,,,,,,,,,,,,,,,,,,0.0,0.0,0.0,1.6332680158095996,1.3081723912955412,0.6324603126418206,1.7214707825448228,1.7214707825448228,1.323842875572946,1.713049682461206,1.0,,,,,,,,
41.143,baseline,baseline,arm,0,0.26790464754744514,0.12605216916719611,0.23488948785730179,0.6560509769957356,0.0,0.31490446895795304,0.1535090999861846,0.5145162586353673,1.6389808045752403,0.012767721059398744,0.006006916559068095,-0.03273575776876758,0.03564726615455451,0.03933736665871718,0.05799999999999983,1.0,NORMAL,1.0,0,,0.0,0.0,0,,,,,,,,,,,,,,,,,,0.0,0.0,0.0,1.6393905761792327,1.3152035798868755,0.635344234048093,1.7262042354544151,1.7262042354544151,1.3290356563921542,1.7214707825448228,1.0,,,,,,,,
41.22,baseline,baseline,arm,0,0.26856084354111331,0.12636245305308219,0.23317475695600617,0.6565708586756978,0.0,0.3151540121643349,0.15482227980285018,0.5178305107614992,1.644377661404382,0.010583806349487083,0.005004578804614406,-0.027656950020898147,0.030032809564100007,0.036080755674037415,0.06199999999999761,1.0,NORMAL,1.0,0,,0.0,0.0,0,,,,,,,,,,,,,,,,,,0.0,0.0,0.0,1.6446233406828994,1.3185619201568175,0.6360034642491219,1.7301613243822003,1.7301613243822003,1.3323375123677597,1.7262042354544151,1.0,,,,,,,,
41.282,baseline,baseline,arm,0,0.26974946554384471,0.12691882894782353,0.23003886419996727,0.6575130118037115,0.0,0.3156062456657815,0.157135569036746,0.5238831667947246,1.6541379933009637,0.014674345712732762,0.00686883820668288,-0.03871472538319482,0.04196840861770403,0.038141296418320314,0.08100000000000307,1.0,NORMAL,1.0,0,,0.0,0.0,0,,,,,,,,,,,,,,,,,,0.0,0.0,0.0,1.654499725187627,1.334668385430883,0.6428839517692292,1.7376539763340169,1.7376539763340169,1.3424265096804389,1.7301613243822003,1.0,,,,,,,,
41.402,baseline,baseline,arm,0,0.27168509343977515,0.12783143052292401,0.22479128813356855,0.6590395655109073,0.0,0.3163389914452355,0.16066638433534713,0.533982326463362,1.6700272677548518,0.016403626236699307,0.007733911653394227,-0.04447098361355039,0.04802666682929916,0.04160039391909831,0.117999999999995,1.0,NORMAL,1.0,0,,0.0,0.0,0,,,,,,,,,,,,,,,,,,0.0,0.0,0.0,1.6704732586031996,1.35341219331126,0.6500363458415861,1.7495108864489808,1.7495108864489808,1.3558581710512565,1.7376539763340169,1.0,,,,,,,,
41.482,baseline,baseline,arm,0,0.27285025602308438,0.12837779366614316,0.22172569925469621,0.6599566487486508,0.0,0.31677919139935234,0.16264259399914768,0.5398619409634894,1.6792403751106402,0.014384723250730709,0.006745223990359657,-0.037846776282373186,0.041046276136188546,0.041406414842307795,0.08100000000000307,1.0,NORMAL,1.0,0,,0.0,0.0,0,,,,,,,,,,,,,,,,,,0.0,0.0,0.0,1.6796566186194277,1.3657543329223307,0.6545278813805335,1.7562140371246155,1.7562140371246155,1.3640382175117267,1.7495108864489808,1.0,,,,,,,,
41.581,baseline,baseline,arm,0,0.27453760377090081,0.1291696739437776,0.21730930962317632,0.6612803880289815,0.0,0.3174145862539111,0.16529789520198288,0.5483013471016733,1.6922942165865489,0.016706413344717237,0.007840398788459853,-0.043726630015048756,0.04746150305752644,0.04352562356968334,0.10099999999999909,1.0,NORMAL,1.0,0,,0.0,0.0,0,,,,,,,,,,,,,,,,,,0.0,0.0,0.0,1.6927244585605317,1.3829297954628568,0.6608745426108855,1.7656286651053192,1.7656286651053192,1.3755393654348982,1.7562140371246155,1.0,,,,,,,,
41.682,baseline,baseline,arm,0,0.27609833668743672,0.12990335329417679,0.21322618049157752,0.6624999600054181,0.0,0.31799998080260067,0.16752481990754756,0.5560668357956543,1.7040915965112204,0.015764978954907603,0.007410902529284535,-0.04124372860200658,0.04477165606433618,0.04396170118007737,0.09900000000000375,1.0,NORMAL,1.0,0,,0.0,0.0,0,,,,,,,,,,,,,,,,,,0.0,0.0,0.0,1.704574769452817,1.3991165715655263,0.6669872462834567,1.7740317054402737,1.7740317054402737,1.3861775731855186,1.7656286651053192,1.0,,,,,,,,
41.781,baseline,baseline,arm,0,0.27750260941808369,0.13056429671802822,0.20956384056759811,0.6635933425618146,0.0,0.31852480442967096,0.16933339438547423,0.5629977892951564,1.7144493306721162,0.014042727306470514,0.006609434238514609,-0.036623399239796156,0.03977632691733418,0.04249678144920354,0.09999999999999432,1.0,NORMAL,1.0,0,,0.0,0.0,0,,,,,,,,,,,,,,,,,,0.0,0.0,0.0,1.7148775442811925,1.4133073797044657,0.6719259321246245,1.7811959384165057,1.7811959384165057,1.395326698631697,1.7740317054402737,1.0,,,,,,,,
41.88,baseline,baseline,arm,0,0.27865832618091474,0.13110729106555072,0.20660719464072844,0.6644910309070828,0.0,0.31895569483539976,0.1706923501357535,0.5685671730725718,1.7227062489508078,0.01155716762831033,0.0054299434752249414,-0.0295664592686963,0.03220602309228011,0.03889470804309241,0.10000000000000142,1.0,NORMAL,1.0,0,,0.0,0.0,0,,,,,,,,,,,,,,,,,,0.0,0.0,0.0,1.7230270262271978,1.425230306933239,0.6758607952464448,1.7867811972815328,1.7867811972815328,1.4027248314221037,1.7811959384165057,1.0,,,,,,,,
41.942,baseline,baseline,arm,0,0.27931787911160366,0.13141719297843507,0.20493333595016811,0.6650022774682623,0.0,0.3192010931847659,0.1714136650408582,0.5717091312245514,1.7273261669184379,0.01157110404717364,0.005436875664637562,-0.029365941939653823,0.03202824709325138,0.03649112105253787,0.05700000000000216,1.0,NORMAL,1.0,0,,0.0,0.0,0,,,,,,,,,,,,,,,,,,0.0,0.0,0.0,1.7276019387780477,1.4321967109316016,0.6782266455386788,1.7898951591576773,1.7898951591576773,1.4069801136015014,1.7867811972815328,1.0,,,,,,,,
42.019,baseline,baseline,arm,0,0.28010835431293601,0.13179022327012185,0.20288885664608983,0.6656133208285567,0.0,0.31949439399770724,0.1722101068937985,0.5755353335023944,1.732853155222457,0.009758953102869034,0.004605312243046924,-0.025240485235535556,0.027450467417609547,0.033326890743006383,0.08099999999999596,1.0,NORMAL,1.0,0,,0.0,0.0,0,,,,,,,,,,,,,,,,,,0.0,0.0,0.0,1.7330875138367507,1.4422838558955537,0.6818172083107215,1.7935947273304824,1.7935947273304824,1.412695826343377,1.7898951591576773,1.0,,,,,,,,
42.12,baseline,baseline,arm,0,0.28198540359917623,0.13267149816933613,0.19786929498390293,0.6670617992548714,0.0,0.32018966364233825,0.17379997010885026,0.5848723770182164,1.7459238100242764,0.018223779478060094,0.008556066982662725,-0.04873360837074582,0.052728332094899445,0.04011662402883773,0.10300000000000153,1.0,NORMAL,1.0,0,,0.0,0.0,0,,,,,,,,,,,,,,,,,,0.0,0.0,0.0,1.7462569983967269,1.4640625345162026,0.6900592075048125,1.8023796665923606,1.8023796665923606,1.4256896017525258,1.7935947273304824,1.0,,,,,,,,
42.2,baseline,baseline,arm,0,0.28334585895902203,0.13331032934414028,0.19425112569016922,0.6681076953556874,0.0,0.3206916937707299,0.17471680814717896,0.5915485319599195,1.7550647292335158,0.01766825142656928,0.008296508763690452,-0.04698921160693239,0.05088207123908705,0.04388441036451441,0.07699999999999818,1.0,NORMAL,1.0,0,,0.0,0.0,0,,,,,,,,,,,,,,,,,,0.0,0.0,0.0,1.7554501012196049,1.480389023076698,0.6961663838021218,1.8084075738564007,1.8084075738564007,1.4351032704887063,1.8023796665923606,1.0,,,,,,,,
42.3,baseline,baseline,arm,0,0.28510860094773854,0.13413920214673847,0.18956930007400752,0.6694574604735514,0.0,0.32133958102730464,0.17559887282583725,0.6001139605455676,1.766509874872261,0.017113999890451294,0.008047308763089109,-0.045454617632637244,0.04923180308203341,0.04575597006300242,0.10300000000000153,1.0,NORMAL,1.0,0,,0.0,0.0,0,,,,,,,,,,,,,,,,,,0.0,0.0,0.0,1.7669417209550817,1.5003341390923715,0.7034217857318964,1.8158162110579956,1.8158162110579956,1.4466284642093363,1.8084075738564007,1.0,,,,,,,,
42.36,baseline,baseline,arm,0,0.28624798308653099,0.13467419657800817,0.18659261922915862,0.6703272685164648,0.0,0.3217570888879031,0.17600903280207095,0.6055137572787991,1.773607147485238,0.014422558718891584,0.00677208140847713,-0.03767950436517558,0.04090985621837606,0.04405973756942321,0.07900000000000063,1.0,NORMAL,1.0,0,,0.0,0.0,0,,,,,,,,,,,,,,,,,,0.0,0.0,0.0,1.7740040636846781,1.5101571345872349,0.7065041959185141,1.8202916553092003,1.8202916553092003,1.452739262374907,1.8158162110579956,1.0,,,,,,,,
42.48,baseline,baseline,arm,0,0.28771581129652446,0.13536331901683021,0.18281074207637532,0.6714443976929221,0.0,0.3222933108926026,0.17635611325653222,0.6123191223271127,1.7824129441691696,0.014678282099934506,0.006891224388220387,-0.037818771527832494,0.04114851660568646,0.043040507296424675,0.10000000000000142,1.0,NORMAL,1.0,0,,0.0,0.0,0,,,,,,,,,,,,,,,,,,0.0,0.0,0.0,1.7828424151244837,1.531227972190226,0.7145363201403047,1.8258618998220633,1.8258618998220633,1.4636171518192693,1.8202916553092003,1.0,,,,,,,,
42.579,baseline,baseline,arm,0,0.28878079912516669,0.13586642666936533,0.17998749236548353,0.6722511120400506,0.0,0.3226805337792243,0.17641045203769992,0.6173571763589107,1.7886992742158854,0.010441057143551582,0.004932427966030666,-0.02767891873423411,0.02999111638821281,0.038473139534416445,0.10199999999999676,1.0,NORMAL,1.0,0,,0.0,0.0,0,,,,,,,,,,,,,,,,,,0.0,0.0,0.0,1.789008896191812,1.5429081374843276,0.7180717411720957,1.829624389795545,1.829624389795545,1.469903291160945,1.8258618998220633,1.0,,,,,,,,
42.681,baseline,baseline,arm,0,0.28996123235338789,0.13642039995406016,0.17699685682637642,0.6731444675044831,0.0,0.3231093444021519,0.17641494162086827,0.6226525316312037,1.795321285158707,0.011923567961829855,0.005595689744392075,-0.03020843978895958,0.032955015568788104,0.03654116597292384,0.09900000000000375,1.0,NORMAL,1.0,0,,0.0,0.0,0,,,,,,,,,,,,,,,,,,0.0,0.0,0.0,1.795599977968913,1.5568668895125157,0.7229024134173521,1.8336755570948804,1.8336755570948804,1.4772612094984152,1.829624389795545,1.0,,,,,,,,
42.741,baseline,baseline,arm,0,0.29062311089533388,0.13673191867760853,0.17530538839418205,0.6736438604450471,0.0,0.3233490530136226,0.17634265800661533,0.6256279679708903,1.7989635394361754,0.011411698999068874,0.005371012474971925,-0.029163248830937415,0.03177372706225737,0.03487244049826885,0.05799999999999983,1.0,NORMAL,1.0,0,,0.0,0.0,0,,,,,,,,,,,,,,,,,,0.0,0.0,0.0,1.7992853235837902,1.5648804193548127,0.7259543019527429,1.8359403591660417,1.8359403591660417,1.481515101014347,1.8336755570948804,1.0,,,,,,,,
42.82,baseline,baseline,arm,0,0.29153206623306493,0.13715969575215325,0.1729384980842528,0.6743283704970602,0.0,0.3236776178385889,0.17613813569389986,0.6297670157462176,1.8039111397757666,0.00927505446664351,0.0043650721892319,-0.02415194193805392,0.02623731674458227,0.03185011896512449,0.09799999999999898,1.0,NORMAL,1.0,0,,0.0,0.0,0,,,,,,,,,,,,,,,,,,0.0,0.0,0.0,1.8041603017720391,1.5731301628747385,0.7284264741061501,1.8388520224666167,1.8388520224666167,1.4861422403048863,1.8359403591660417,1.0,,,,,,,,
42.922,baseline,baseline,arm,0,0.29320640760410577,0.13794705592755865,0.16843727543074224,0.6755855432178384,0.0,0.3242810607445624,0.17542441834128158,0.6375564369299127,1.812847459233595,0.020670881123960115,0.009720495992658883,-0.05557065004333802,0.060082197987618026,0.04173039830849495,0.08100000000000307,1.0,NORMAL,1.0,0,,0.0,0.0,0,,,,,,,,,,,,,,,,,,0.0,0.0,0.0,1.8132339906335475,1.5985287094264535,0.7385187908160811,1.8442770260764656,1.8442770260764656,1.498639629238137,1.8388520224666167,1.0,,,,,,,,
43.02,baseline,baseline,arm,0,0.29468522774973704,0.13864175513225266,0.16450161942648261,0.6766918882170162,0.0,0.32481210634416774,0.17456546202665185,0.644274878699175,1.820344335287011,0.014357477142052006,0.006744652472757693,-0.038210252468542164,0.041372102684931966,0.041604946600670496,0.10299999999999443,1.0,NORMAL,1.0,0,,0.0,0.0,0,,,,,,,,,,,,,,,,,,0.0,0.0,0.0,1.8207138063037163,1.6174601210903004,0.7451685089850479,1.8486385463250588,1.8486385463250588,1.5079952456760308,1.8442770260764656,1.0,,,,,,,,
43.1,baseline,baseline,arm,0,0.2959903217201853,0.1392552907967608,0.16104132851461489,0.6776646555767099,0.0,0.32527903467682073,0.17362112268176452,0.6501071865958429,1.826671999531138,0.01652017684111704,0.007766274234280209,-0.043801150783135415,0.04745284046578022,0.04365170691253754,0.07900000000000063,1.0,NORMAL,1.0,0,,0.0,0.0,0,,,,,,,,,,,,,,,,,,0.0,0.0,0.0,1.8270719602203802,1.6337430506169313,0.751109621554792,1.8523191069073812,1.8523191069073812,1.516060934824871,1.8486385463250588,1.0,,,,,,,,
43.179,baseline,baseline,arm,0,0.29726869842514408,0.13985472638838387,0.1577359051502881,0.6786150998688172,0.0,0.32573524793703224,0.1725990693349595,0.6556104599255003,1.8325598770663092,0.015979708811983715,0.007492944895287811,-0.04131779205408212,0.04492944754995304,0.044098559268375935,0.0800000000000054,1.0,NORMAL,1.0,0,,0.0,0.0,0,,,,,,,,,,,,,,,,,,0.0,0.0,0.0,1.8329173889938501,1.6497658552364203,0.756667453380424,1.8556550044695799,1.8556550044695799,1.5237514255200688,1.8523191069073812,1.0,,,,,,,,
43.279,baseline,baseline,arm,0,0.29884664820888779,0.14059735084335648,0.15359669914671348,0.6797827501997438,0.0,0.326295720095877,0.17105701083188665,0.6624043431635411,1.8395398242910486,0.01577949783743794,0.007426244549726547,-0.041392060035748544,0.04491596925501067,0.044384651238694416,0.09999999999999432,1.0,NORMAL,1.0,0,,0.0,0.0,0,,,,,,,,,,,,,,,,,,0.0,0.0,0.0,1.8399172259133327,1.6688079398556357,0.7636224597820086,1.8596119814973777,1.8596119814973777,1.5329899017620887,1.8556550044695799,1.0,,,,,,,,
43.382,baseline,baseline,arm,0,0.30015231403061632,0.14121101902523261,0.15022819286869069,0.6807456962995921,0.0,0.3267579342238042,0.16965368145376966,0.6678500339161438,1.8450073458933098,0.013056658217285114,0.006136681818761282,-0.03368506278022745,0.03664448992762184,0.04167542463865573,0.10000000000000142,1.0,NORMAL,1.0,0,,0.0,0.0,0,,,,,,,,,,,,,,,,,,0.0,0.0,0.0,1.8453485147703228,1.68466857098918,0.7692436323979227,1.862634773653089,1.862634773653089,1.5404738729526286,1.8596119814973777,1.0,,,,,,,,
43.483,baseline,baseline,arm,0,0.30140666245422865,0.14180022428041383,0.14704495674463658,0.6816678742449547,0.0,0.32720057963757826,0.16821181747968872,0.6729250613092339,1.8500053326714556,0.012543484236123103,0.005892052551812104,-0.03183236124054061,0.034718215711690266,0.03923996142428753,0.10000000000000142,1.0,NORMAL,1.0,0,,0.0,0.0,0,,,,,,,,,,,,,,,,,,0.0,0.0,0.0,1.850315692416577,1.7001775449572738,0.7748442438058954,1.8653831567804025,1.8653831567804025,1.5476801594900373,1.862634773653089,1.0,,,,,,,,
43.539,baseline,baseline,arm,0,0.30218902826009886,0.14216840629316521,0.14504938251313371,0.6822412034019262,0.0,0.32747577763292457,0.16723237204065808,0.6760703513878362,1.8530197044633452,0.013489065618451953,0.006347965737092742,-0.034406452267291006,0.03749740681539965,0.03862994371859705,0.05799999999999983,1.0,NORMAL,1.0,0,,0.0,0.0,0,,,,,,,,,,,,,,,,,,0.0,0.0,0.0,1.853315111495574,1.7097403755455047,0.7783311912076492,1.8670267162165002,1.8670267162165002,1.5521033486163072,1.8653831567804025,1.0,,,,,,,,
43.639,baseline,baseline,arm,0,0.30318446274878025,0.14263715671373564,0.14245941875401896,0.6829688169439243,0.0,0.32782503213308367,0.16585874930878397,0.6801097891254854,1.8567623875112773,0.009759161653739431,0.004595592358533769,-0.025391801559949276,0.027588118670352907,0.034765258827907604,0.10199999999999676,1.0,NORMAL,1.0,0,,0.0,0.0,0,,,,,,,,,,,,,,,,,,0.0,0.0,0.0,1.8570077524446815,1.724255189341717,0.7836671468119228,1.869006193350379,1.869006193350379,1.5584840704871752,1.8670267162165002,1.0,,,,,,,,
43.7,baseline,baseline,arm,0,0.30481659624641727,0.14340364248573059,0.13811591435348874,0.6841586364052031,0.0,0.32839614547449747,0.16332855673034113,0.6867729078285977,1.8626562464386396,0.02092478843124309,0.009826740666601568,-0.0556859538529494,0.06029375638931228,0.04369958971873444,0.07800000000000296,1.0,NORMAL,1.0,0,,0.0,0.0,0,,,,,,,,,,,,,,,,,,0.0,0.0,0.0,1.8631218044845772,1.7396629106445343,0.7900190125112152,1.8723590617272818,1.8723590617272818,1.5662906973419022,1.869006193350379,1.0,,,,,,,,
43.801,baseline,baseline,arm,0,0.30614560202005675,0.14402864428909035,0.13456200876355501,0.6851232169865363,0.0,0.32885914415353745,0.1610879920568381,0.6921178565489401,1.8671882097458519,0.016407478686906538,0.007716071646416421,-0.04387537765350126,0.04747411803026236,0.045020400659618244,0.08100000000000307,1.0,NORMAL,1.0,0,,0.0,0.0,0,,,,,,,,,,,,,,,,,,0.0,0.0,0.0,1.8675936772018311,1.7600633788459417,0.7980415823294484,1.8746673074864701,1.8746673074864701,1.575091486465923,1.8723590617272818,1.0,,,,,,,,
43.88,baseline,baseline,arm,0,0.3075771258723568,0.14470165516302549,0.1307796460026889,0.6861584129885269,0.0,0.3293560382344929,0.15857511074420766,0.6976972024058439,1.8717867643730712,0.014173503488119474,0.006663473999357962,-0.03744913624619938,0.04059221467786968,0.04347053506216948,0.10099999999999909,1.0,NORMAL,1.0,0,,0.0,0.0,0,,,,,,,,,,,,,,,,,,0.0,0.0,0.0,1.8721683413286965,1.7740057988906197,0.8031341133456018,1.8770240765337292,1.8770240765337292,1.581583082524662,1.8746673074864701,1.0,,,,,,,,
43.982,baseline,baseline,arm,0,0.30870872960162282,0.14523297389763951,0.12783770486338142,0.6869741879371034,0.0,0.32974761020980964,0.1565424952652211,0.7019568236695116,1.8752211170816457,0.01414504661582552,0.006641484182675283,-0.036774264241344355,0.03995670364788393,0.042240553041202236,0.0799999999999983,1.0,NORMAL,1.0,0,,0.0,0.0,0,,,,,,,,,,,,,,,,,,0.0,0.0,0.0,1.875576355323028,1.7912091601944735,0.8102257622383566,1.8787645115755511,1.8787645115755511,1.5889439473328522,1.8770240765337292,1.0,,,,,,,,
44.081,baseline,baseline,arm,0,0.31019808168373608,0.14593257294031656,0.12399304405917502,0.6880438393900143,0.0,0.33026104290720687,0.15377363794019225,0.7074150331850902,1.8794935534225037,0.014893520821132388,0.0069959904267704156,-0.03844660804206341,0.04181988180807093,0.042093131159537826,0.10000000000000142,1.0,NORMAL,1.0,0,,0.0,0.0,0,,,,,,,,,,,,,,,,,,0.0,0.0,0.0,1.8798526010592664,1.809085973755331,0.8174556149826502,1.880942182206259,1.880942182206259,1.5968340930008766,1.8787645115755511,1.0,,,,,,,,
44.18,baseline,baseline,arm,0,0.31171756138361567,0.14664698123167463,0.12007913055786562,0.6891302418765711,0.0,0.33078251610075415,0.1508243185568433,0.7128419643037303,1.883579040837899,0.015194796998795675,0.007144082913580661,-0.03913913501309346,0.04258863306193195,0.04226643955253009,0.10000000000000142,1.0,NORMAL,1.0,0,,0.0,0.0,0,,,,,,,,,,,,,,,,,,0.0,0.0,0.0,1.8839936952816085,1.8265586859794294,0.8249129303711086,1.8830423814608475,1.8839936952816085,1.6046269232732484,1.880942182206259,1.0,,,,,,,,
44.283,baseline,baseline,arm,0,0.31311440714649025,0.14730476105042289,0.11647621652456477,0.6901243622947189,0.0,0.33125969390146504,0.14799807531817055,0.7177189483231017,1.8871010798374561,0.01383015606806524,0.0065126714727551166,-0.03567241617129584,0.038809913451039915,0.041056619311001734,0.10099999999999909,1.0,NORMAL,1.0,0,,0.0,0.0,0,,,,,,,,,,,,,,,,,,0.0,0.0,0.0,1.8874766160648087,1.841657830362088,0.8310392239501684,1.8847313005364008,1.8874766160648087,1.6112262427283666,1.8839936952816085,1.0,,,,,,,,
44.32,baseline,baseline,arm,0,0.31378368832956982,0.14761949444444061,0.11478532892019214,0.6905994975256251,0.0,0.3314877588123,0.14665379364699188,0.7199677028026137,1.8887087527875306,0.011539330742751293,0.00542643782789172,-0.029153234558149006,0.03182001676135688,0.03782346572064024,0.05799999999999983,1.0,NORMAL,1.0,0,,0.0,0.0,0,,,,,,,,,,,,,,,,,,0.0,0.0,0.0,1.8889848020596707,1.8464221342944989,0.832385790854639,1.8854192303948585,1.8889848020596707,1.6133029894009168,1.8874766160648087,1.0,,,,,,,,
44.421,baseline,baseline,arm,0,0.31478551802493876,0.14809103447877386,0.11219573324009027,0.691308807897517,0.0,0.3318282277908082,0.14453352664857216,0.72336118896132,1.8910317512982173,0.012368267844061588,0.005821481905349067,-0.031970317038296205,0.034770172167619864,0.03675480137969735,0.08099999999999596,1.0,NORMAL,1.0,0,,0.0,0.0,0,,,,,,,,,,,,,,,,,,0.0,0.0,0.0,1.8912971534191327,1.8622015535615057,0.8396747863553597,1.8865159212407716,1.8912971534191327,1.6199223536441925,1.8889848020596707,1.0,,,,,,,,
44.501,baseline,baseline,arm,0,0.31630470119532261,0.14880451969377204,0.10814533271227561,0.6923812868225179,0.0,0.33234301767480856,0.1410924757965027,0.7285442927863928,1.8943610730802218,0.019230166713719507,0.009031458417698306,-0.051270892757147225,0.05549838733785831,0.043314240320850725,0.07900000000000063,1.0,NORMAL,1.0,0,,0.0,0.0,0,,,,,,,,,,,,,,,,,,0.0,0.0,0.0,1.894814473155887,1.8789990934082972,0.8481119754962633,1.8882219583612065,1.894814473155887,1.6275368751054136,1.8912971534191327,1.0,,,,,,,,
44.561,baseline,baseline,arm,0,0.31772240214288228,0.14945272895135941,0.10458992282322796,0.6933866861562779,0.0,0.3328256093550134,0.1381074248469635,0.7329659970154045,1.8972857173736593,0.01750248083406926,0.008002583427004373,-0.043893949247500195,0.04792762207115277,0.044927865429682017,0.08100000000000307,1.0,NORMAL,1.0,0,,0.0,0.0,0,,,,,,,,,,,,,,,,,,0.0,0.0,0.0,1.897753813354171,1.8897978434503613,0.8526777482097617,1.8896034087284264,1.897753813354171,1.63245820343568,1.894814473155887,1.0,,,,,,,,
44.68,baseline,baseline,arm,0,0.31925958652314268,0.15009702993505097,0.10266533291154314,0.6945017496412632,0.0,0.33336083982780634,0.13726892819738784,0.7353086646873143,1.9004401823537718,0.015371843802603816,0.0064430098369155,-0.01924589911684788,0.025459980174111,0.03778798777804699,0.10000000000000142,1.0,NORMAL,1.0,0,,0.0,0.0,0,,,,,,,,,,,,,,,,,,0.0,0.0,0.0,1.9008440447193524,1.9037099151235994,0.8585274364429294,1.8915845096888835,1.9037099151235994,1.6386664764936911,1.897753813354171,1.0,,,,,,,,
44.782,baseline,baseline,arm,0,0.32063983853343936,0.15090496072990733,0.097475516867414597,0.6953830204332069,0.0,0.3337838498079393,0.1318649327955004,0.7414442079177603,1.9024760109544068,0.01380252010296757,0.008079307948564056,-0.05189816044128843,0.0543065726713652,0.04339251490128229,0.09999999999999432,1.0,NORMAL,1.0,0,,0.0,0.0,0,,,,,,,,,,,,,,,,,,0.0,0.0,0.0,1.9028760015567172,1.9239779012586073,0.8695374738778534,1.8918495710174146,1.9239779012586073,1.6470602369276481,1.9037099151235994,1.0,,,,,,,,
44.88,baseline,baseline,arm,0,0.32232881933880581,0.1516047510896866,0.093266207800590833,0.6966021449544687,0.0,0.33436902957814496,0.12825799974488375,0.7462219257233367,1.905451100000834,0.01688980805366423,0.0069979035977925765,-0.042093090668237035,0.04589187894233623,0.044263290790523546,0.10000000000000142,1.0,NORMAL,1.0,0,,0.0,0.0,0,,,,,,,,,,,,,,,,,,0.0,0.0,0.0,1.9058733588441477,1.9397884596335138,0.8774150694192819,1.8931709143254716,1.9397884596335138,1.6540619505556038,1.9239779012586073,1.0,,,,,,,,
44.96,baseline,baseline,arm,0,0.32390456330669981,0.15228580744958109,0.089473708556290193,0.6977202652158416,0.0,0.33490572730360396,0.1249753837069905,0.7503707153059949,1.907972091532431,0.01575743967893983,0.006810563598944788,-0.03792499244300586,0.04162914524191856,0.04333834149491731,0.10000000000000142,1.0,NORMAL,1.0,0,,0.0,0.0,0,,,,,,,,,,,,,,,,,,0.0,0.0,0.0,1.9083888972724026,1.950935787936917,0.8827881746192305,1.8942392102227967,1.950935787936917,1.6590880175128366,1.9397884596335138,1.0,,,,,,,,
45.082,baseline,baseline,arm,0,0.32510918223961338,0.15288435718822824,0.086448789356886574,0.6985316030483428,0.0,0.33529516946320453,0.12218945765779123,0.7535720110287156,1.9095882411980543,0.012046189329135532,0.005985497386471387,-0.030249191994035765,0.03310514269126282,0.03975555834412133,0.10000000000000142,1.0,NORMAL,1.0,0,,0.0,0.0,0,,,,,,,,,,,,,,,,,,0.0,0.0,0.0,1.9099333240838836,1.9637565271099127,0.8898127726854131,1.8947337536122042,1.9637565271099127,1.6645590943728537,1.950935787936917,1.0,,,,,,,,
45.16,baseline,baseline,arm,0,0.32544403869241939,0.1532005987950639,0.08511371062884579,0.6986791153982581,0.0,0.33536597539116386,0.12061827340394535,0.75495411892887,1.9096174831222374,0.003315410423821905,0.003131105018174879,-0.013218601267730652,0.013983103532066022,0.030694433598259813,0.10099999999999909,1.0,NORMAL,1.0,0,,0.0,0.0,0,,,,,,,,,,,,,,,,,,0.0,0.0,0.0,1.9097890915286169,1.9680152779760518,0.8912680250139382,1.8942817489000745,1.9680152779760518,1.6658385358546703,1.9637565271099127,1.0,,,,,,,,
45.219,baseline,baseline,arm,1,0.32663301539435263,0.15361535063458942,0.082240320236234538,0.6995668907800602,0.0,0.3357921075744289,0.11822786357036649,0.7578640117224608,1.9114508736473166,0.020499598309193887,0.007150893784922839,-0.049541213665711396,0.05408974638721486,0.03886634248997282,0.05799999999999983,1.0,NORMAL,1.0,0,,0.0,0.0,0,,,,,0.0,0.0,0.0,0.0,0.0,0.0,0.0,0.0,1.0,0.0,0.0,0.0,1.0,0.0,0.0,0.0,1.9117634859458894,1.976274439076925,0.896640030588592,1.8951740921104796,1.976274439076925,1.6699630119304716,1.9680152779760518,1.0,,,,,,,,
45.26,baseline,baseline,arm,1,0.32679249536860538,0.15368963714879263,0.081802292140142063,0.6996761024748639,0.0,0.33584452918793467,0.11781921182147032,0.7582997891668383,1.9116396326511071,0.008393682855408726,0.0039098165370116305,-0.02305411032065854,0.024844165912893245,0.033956597341493096,0.01899999999999835,1.0,NORMAL,1.0,0,,0.0,0.0,0,,,,,0.0,0.0,0.0,0.0,0.0,0.0,0.0,0.0,1.0,0.0,0.0,0.0,1.0,0.0,0.0,0.0,1.911860090690908,1.979628206273616,0.8987947461658239,1.8951272460238096,1.979628206273616,1.6713525722885394,1.976274439076925,1.0,,,,,,,,
45.322,baseline,baseline,arm,1,0.32722565862119624,0.15389478257485656,0.080592181311035654,0.6999707049000827,0.0,0.3359859383520397,0.11668095453890878,0.7594928669039276,1.9121304646949588,0.007101036927718881,0.0033630397715397418,-0.019837882444367377,0.021337205576886696,0.029538231827828363,0.06099999999999994,1.0,NORMAL,1.0,0,,0.0,0.0,0,,,,,0.0,0.0,0.0,0.0,0.0,0.0,0.0,0.0,1.0,0.0,0.0,0.0,1.0,0.0,0.0,0.0,1.912328856529722,1.982333252154862,0.8998636062426126,1.8952064005517788,1.982333252154862,1.672433028869744,1.979628206273616,1.0,,,,,,,,
45.36,baseline,baseline,arm,1,0.32722573697788437,0.15389449420136522,0.080592167736030867,0.699970927514372,0.0,0.3359860452068985,0.11668140020593767,0.7594928801985668,1.9121312531257748,1.3059448022989033e-06,-4.806224855602266e-06,-2.2625007978226672e-07,4.985627170964755e-06,0.019199820267863876,0.060000000000002274,1.0,NORMAL,1.0,0,,0.0,0.0,0,,,,,0.0,0.0,0.0,0.0,0.0,0.0,0.0,0.0,1.0,0.0,0.0,0.0,1.0,0.0,0.0,0.0,1.9122151025223635,1.9821783589921753,0.8991880509598564,1.8950924223249153,1.9821783589921753,1.6721684836998278,1.982333252154862,1.0,,,,,,,,
45.382,baseline,baseline,arm,1,0.32722565751426363,0.15389458728297847,0.080592073379963158,0.6999708054913159,0.0,0.33598598663583157,0.11668106550025853,0.759492972605835,1.9121308302332412,-2.0911479141863156e-06,2.449516138171286e-06,-2.483054413398472e-06,4.066766298924119e-06,0.012480564397050907,0.0379999999999967,1.0,NORMAL,1.0,0,,0.0,0.0,0,,,,,0.0,0.0,0.0,0.0,0.0,0.0,0.0,0.0,1.0,0.0,0.0,0.0,1.0,0.0,0.0,0.0,1.9121662383193585,1.982121112485669,0.8989023197096148,1.8950436385755631,1.982121112485669,1.6720583272725513,1.9821783589921753,1.0,,,,,,,,
45.44,baseline,baseline,arm,1,0.32722622094055404,0.15389390477895309,0.080592260407701843,0.6999716823976072,0.0,0.33598640755085146,0.11668288595777246,0.7594927894408117,1.9121337653470427,1.3742104643921808e-05,-1.664643964338471e-05,4.561652163049901e-06,2.2062594210609167e-05,0.008111664251481179,0.04100000000000392,1.0,NORMAL,1.0,0,,0.0,0.0,0,,,,,0.0,0.0,0.0,0.0,0.0,0.0,0.0,0.0,1.0,0.0,0.0,0.0,1.0,0.0,0.0,0.0,1.91214878010833,1.9820902627530637,0.8987822853972292,1.8950254877458763,1.9820902627530637,1.6720117040011249,1.982121112485669,1.0,,,,,,,,
45.501,baseline,baseline,arm,1,0.32722655215905561,0.15389350532646107,0.080592486652750872,0.6999721969797087,0.0,0.33598665455026017,0.11668409407478839,0.7594925678679304,1.9121355134726876,8.078500038299451e-06,-9.742743708003373e-06,5.518171927529302e-06,1.3807006889634552e-05,0.005271258265364326,0.04099999999999682,1.0,NORMAL,1.0,0,,0.0,0.0,0,,,,,0.0,0.0,0.0,0.0,0.0,0.0,0.0,0.0,1.0,0.0,0.0,0.0,1.0,0.0,0.0,0.0,1.912141886657308,1.9820807254281596,0.8987313272214403,1.8950182143456786,1.9820807254281596,1.6719930384131465,1.9820902627530637,1.0,,,,,,,,
45.599,baseline,baseline,arm,1,0.32722744941438364,0.15389254559610988,0.080592936143366933,0.6999735272854829,0.0,0.3359872930970318,0.11668701805878504,0.7594921276580543,1.912139966099354,9.15566661261433e-06,-9.793166848887987e-06,4.586638939400603e-06,1.416931913720364e-05,0.003425430479365666,0.09799999999999898,1.0,NORMAL,1.0,0,,0.0,0.0,0,,,,,0.0,0.0,0.0,0.0,0.0,0.0,0.0,0.0,1.0,0.0,0.0,0.0,1.0,0.0,0.0,0.0,1.912142680333457,1.9820812911891181,0.8981347635409155,1.8950180172955717,1.9820812911891181,1.6718441880897656,1.9820807254281596,1.0,,,,,,,,
45.66,baseline,baseline,arm,1,0.3285328977710274,0.15170272102761542,0.082524825679025415,0.7023159628369097,0.0,0.3371116621617166,0.12363527878575786,0.7575798564180894,1.9206427602024738,0.013054483566437384,-0.021898245684944216,0.019318895356584546,0.031987066496683085,0.010216958532680237,0.10000000000000142,1.0,NORMAL,1.0,0,,0.0,0.0,0,,,,,0.0,0.0,0.0,0.0,0.0,0.0,0.0,0.0,1.0,0.0,0.0,0.0,1.0,0.0,0.0,0.0,1.9208534087155753,1.990143098802371,0.8962438627044318,1.9020277169713953,1.990143098802371,1.6773170217984434,1.9820812911891181,1.0,,,,,,,,
45.76,baseline,baseline,arm,1,0.32997959435673296,0.14926304215477768,0.084675108417824274,0.7049043970393234,0.0,0.3383541105788752,0.13176951969976725,0.7554040228971954,1.9304320502151613,0.01446696585705544,-0.024396788728377125,0.021502827387988283,0.035593089034865966,0.01902187912846325,0.10000000000000142,1.0,NORMAL,1.0,0,,0.0,0.0,0,,,,,0.0,0.0,0.0,0.0,0.0,0.0,0.0,0.0,1.0,0.0,0.0,0.0,1.0,0.0,0.0,0.0,1.9308879041386764,1.9989143519737942,0.8935216661459564,1.9100327219000528,1.9989143519737942,1.68333916103962,1.990143098802371,1.0,,,,,,,,
45.799,baseline,baseline,arm,1,0.33049531434436624,0.14838170379251478,0.085448918774030463,0.7058293678330155,0.0,0.33879809655984744,0.13480152938747225,0.7546088880182763,1.9340378817986115,0.025785999381659895,-0.04406691811313789,0.038690517810303415,0.06406065254530562,0.03476731579616911,0.020000000000003126,1.0,NORMAL,1.0,0,,0.0,0.0,0,,,,,0.0,0.0,0.0,0.0,0.0,0.0,0.0,0.0,1.0,0.0,0.0,0.0,1.0,0.0,0.0,0.0,1.9308879041386764,1.9989143519737942,0.8935216661459564,1.9100327219000528,1.9989143519737942,1.68333916103962,1.9989143519737942,1.0,,,,,,,,
45.88,baseline,baseline,arm,1,0.33140176944848415,0.14685372841108318,0.086787062866835157,0.7074397275101878,0.0,0.3395710692048901,0.14020962653006705,0.7532188126375596,1.9404392358827047,0.011330688801474106,-0.01909969226789535,0.01672680116005903,0.027802313401807128,0.03232831175616021,0.0799999999999983,1.0,NORMAL,1.0,0,,0.0,0.0,0,,,,,0.0,0.0,0.0,0.0,0.0,0.0,0.0,0.0,1.0,0.0,0.0,0.0,1.0,0.0,0.0,0.0,1.9412329763762848,2.0093945501863386,0.8902537334124626,1.9182320430747204,2.0093945501863386,1.6897783257624515,2.0020306820291798,1.0,,,,,,,,
45.98,baseline,baseline,arm,1,0.33299302489112825,0.1441526260665264,0.089138785946516974,0.7102613523328374,0.0,0.3409254491197619,0.15016855226144346,0.7507299068387878,1.9520852605528305,0.01591255442644079,-0.027011023445567443,0.023517230796817834,0.03919011253240071,0.03472924826876591,0.10000000000000142,1.0,NORMAL,1.0,0,,0.0,0.0,0,,,,,0.0,0.0,0.0,0.0,0.0,0.0,0.0,0.0,1.0,0.0,0.0,0.0,1.0,0.0,0.0,0.0,1.9530630349518747,2.018107214352401,0.887442364362379,1.9274870481534285,2.018107214352401,1.6965249154550208,2.0093945501863386,1.0,,,,,,,,
46.082,baseline,baseline,arm,1,0.33433092993399072,0.14190751054520445,0.091101635271877562,0.7126062602207485,0.0,0.34205100490595924,0.1589177071495548,0.7486081362811072,1.9621831085573698,0.013379050428625399,-0.022451155213220775,0.019628493253607,0.032685334757146474,0.03401369795455294,0.09999999999999432,1.0,NORMAL,1.0,0,,0.0,0.0,0,,,,,0.0,0.0,0.0,0.0,0.0,0.0,0.0,0.0,1.0,0.0,0.0,0.0,1.0,0.0,0.0,0.0,1.9631607608976802,2.025607208829732,0.8849580721367047,1.9353003949884031,2.025607208829732,1.7022566092131302,2.018107214352401,1.0,,,,,,,,
46.141,baseline,baseline,arm,1,0.33518027059882516,0.14046788953588737,0.092358015534781374,0.714094887216492,0.0,0.3427655458639161,0.16472283359865253,0.7472290042405927,1.9688122709196532,0.02022239678177165,-0.034276690698024345,0.029913815783422944,0.04978627553384568,0.039533905991582685,0.04200000000000159,1.0,NORMAL,1.0,0,,0.0,0.0,0,,,,,0.0,0.0,0.0,0.0,0.0,0.0,0.0,0.0,1.0,0.0,0.0,0.0,1.0,0.0,0.0,0.0,1.9698325320962327,2.030171503244928,0.8833981134829257,1.940448703260496,2.030171503244928,1.7059627130211457,2.025607208829732,1.0,,,,,,,,
46.22,baseline,baseline,arm,1,0.33592204896289857,0.13919107953054513,0.093468341703462993,0.7153998253415207,0.0,0.34339191616392994,0.16998546270906162,0.7459966282799414,1.9747738324944537,0.007492710748215966,-0.012897070761032277,0.011215415845268454,0.018661744322377893,0.03222847806282073,0.09900000000000375,1.0,NORMAL,1.0,0,,0.0,0.0,0,,,,,0.0,0.0,0.0,0.0,0.0,0.0,0.0,0.0,1.0,0.0,0.0,0.0,1.0,0.0,0.0,0.0,1.975502618378283,2.0325036029718015,0.882537386401805,1.9447338899428879,2.0325036029718015,1.7088193744236944,2.030171503244928,1.0,,,,,,,,
46.297,baseline,baseline,arm,1,0.3368178833459779,0.13769519455062038,0.094765248923388362,0.7169479163114854,0.0,0.34413499982951296,0.1763632632597378,0.7445411394636876,1.9819873188644237,0.014930573051323373,-0.024931416332081263,0.02161512033209123,0.03621755042704097,0.03362453724202249,0.05999999999999517,1.0,NORMAL,1.0,0,,0.0,0.0,0,,,,,0.0,0.0,0.0,0.0,0.0,0.0,0.0,0.0,1.0,0.0,0.0,0.0,1.0,0.0,0.0,0.0,1.9831802498359261,2.0387139371389242,0.8805047527682631,1.9507198917458084,2.0387139371389242,1.7132797078722304,2.0325036029718015,1.0,,,,,,,,
46.361,baseline,baseline,arm,1,0.33756953950782803,0.13643600993353416,0.095856128473314206,0.7182440660546833,0.0,0.34475715170624793,0.18187128035873756,0.7433035804918142,1.9881760786114828,0.012322232161477615,-0.020642370771905134,0.01788327131025975,0.029962581151872017,0.03234283132624718,0.06099999999999994,1.0,NORMAL,1.0,0,,0.0,0.0,0,,,,,0.0,0.0,0.0,0.0,0.0,0.0,0.0,0.0,1.0,0.0,0.0,0.0,1.0,0.0,0.0,0.0,1.9890943635191807,2.042356231207293,0.8791941428383858,1.9551708076401928,2.042356231207293,1.716453886301263,2.0387139371389242,1.0,,,,,,,,
46.44,baseline,baseline,arm,1,0.33882174473570659,0.13431466849811496,0.097686440389839729,0.7204047164712493,0.0,0.3457942639061996,0.1914136237101147,0.7412000801744378,1.9988126842620013,0.012522052278785377,-0.021213414354191693,0.018303119165254973,0.030689003128364794,0.031763953439636096,0.10000000000000142,1.0,NORMAL,1.0,0,,0.0,0.0,0,,,,,0.0,0.0,0.0,0.0,0.0,0.0,0.0,0.0,1.0,0.0,0.0,0.0,1.0,0.0,0.0,0.0,1.999847811934571,2.0473274756480024,0.8774079624933203,1.963386027419128,2.0473274756480024,1.7219923193737556,2.042356231207293,1.0,,,,,,,,
46.52,baseline,baseline,arm,1,0.33964736626955422,0.13294049819914688,0.098868002090324481,0.7218111129151547,0.0,0.3464693341992742,0.19782131126529495,0.7398242610815641,2.005926019461288,0.013993585319451973,-0.02329102201640913,0.020026469499742395,0.03375428294729054,0.03246040165340629,0.0589999999999975,1.0,NORMAL,1.0,0,,0.0,0.0,0,,,,,0.0,0.0,0.0,0.0,0.0,0.0,0.0,0.0,1.0,0.0,0.0,0.0,1.0,0.0,0.0,0.0,2.0069553934704287,2.05258604306474,0.8755556316398471,1.9687829370185577,2.05258604306474,1.7259700012983934,2.0473274756480024,1.0,,,,,,,,
46.581,baseline,baseline,arm,1,0.34041669856983969,0.13165074362129392,0.099976489906685645,0.7231211261840421,0.0,0.3470981405683402,0.20397212113660346,0.738520853632049,2.012712241521035,0.012822205004757425,-0.02149590963088192,0.018474796939352042,0.031109503274616264,0.031987564760045974,0.060000000000002274,1.0,NORMAL,1.0,0,,0.0,0.0,0,,,,,0.0,0.0,0.0,0.0,0.0,0.0,0.0,0.0,1.0,0.0,0.0,0.0,1.0,0.0,0.0,0.0,2.0135457437208477,2.0560949190311275,0.8742306718971632,1.973733664650425,2.0560949190311275,1.729401249824891,2.05258604306474,1.0,,,,,,,,
46.64,baseline,baseline,arm,1,0.34134188630515716,0.13007485718642717,0.10132629419330455,0.7247016206271057,0.0,0.34785677790101077,0.2116442916110629,0.7369172338868295,2.021119924026009,0.011564846691468591,-0.019698580435834823,0.016872553582736677,0.02839828893765515,0.03073121304454521,0.0799999999999983,1.0,NORMAL,1.0,0,,0.0,0.0,0,,,,,0.0,0.0,0.0,0.0,0.0,0.0,0.0,0.0,1.0,0.0,0.0,0.0,1.0,0.0,0.0,0.0,2.0220779106591715,2.0591333345781404,0.8730565539243226,1.980224880191916,2.0591333345781404,1.7336231698383875,2.0560949190311275,1.0,,,,,,,,
46.721,baseline,baseline,arm,1,0.34223480031514475,0.12859433288020874,0.10259256054661398,0.7262020576682069,0.0,0.3485769876807393,0.21909752781830952,0.7353965369835724,2.029273110150828,0.01488190016645925,-0.02467540510363944,0.021104439221822955,0.03571755764971612,0.03247620876448004,0.060000000000002274,1.0,NORMAL,1.0,0,,0.0,0.0,0,,,,,0.0,0.0,0.0,0.0,0.0,0.0,0.0,0.0,1.0,0.0,0.0,0.0,1.0,0.0,0.0,0.0,2.030306789217649,2.0643545661915357,0.8711212663075643,1.9864681472001884,2.0643545661915357,1.7380626922292342,2.0591333345781404,1.0,,,,,,,,
46.822,baseline,baseline,arm,1,0.34355717589704604,0.12638956283467939,0.1044774109218165,0.7284179864411577,0.0,0.3496406334917557,0.23054090520793957,0.7331039399062352,2.041703465047088,0.01283859788253662,-0.021405534422614756,0.018299518205849526,0.030949941293537817,0.03194198238068047,0.10300000000000153,1.0,NORMAL,1.0,0,,0.0,0.0,0,,,,,0.0,0.0,0.0,0.0,0.0,0.0,0.0,0.0,1.0,0.0,0.0,0.0,1.0,0.0,0.0,0.0,2.0426940600281642,2.069796276671924,0.8689596772071955,1.99582030129176,2.069796276671924,1.744317578799761,2.0643545661915357,1.0,,,,,,,,
46.859,baseline,baseline,arm,1,0.34430814239101482,0.12513577965028505,0.10554946599455131,0.729670871206389,0.0,0.3502420181790667,0.23724087760923548,0.731784600827987,2.0489383678226782,0.013174850771381507,-0.021996196217443753,0.018807983732188876,0.031798578473805086,0.03189178238910512,0.05700000000000216,1.0,NORMAL,1.0,0,,0.0,0.0,0,,,,,0.0,0.0,0.0,0.0,0.0,0.0,0.0,0.0,1.0,0.0,0.0,0.0,1.0,0.0,0.0,0.0,2.0498947170589847,2.07175503634485,0.868130524697236,2.0012525406973465,2.07175503634485,1.747758204699604,2.069796276671924,1.0,,,,,,,,
46.942,baseline,baseline,arm,1,0.34531576850730972,0.12343720603921654,0.10699734506793029,0.7313518261085005,0.0,0.3510488765320802,0.24651109183717707,0.7299852094101861,2.0588970038879437,0.011995549003511297,-0.020221114417483206,0.017236655635464882,0.02915285512048848,0.030933121404681442,0.08399999999999608,1.0,NORMAL,1.0,0,,0.0,0.0,0,,,,,0.0,0.0,0.0,0.0,0.0,0.0,0.0,0.0,1.0,0.0,0.0,0.0,1.0,0.0,0.0,0.0,2.0597925646783297,2.076785247546373,0.8660169292263892,2.0087148830376433,2.076785247546373,1.7528274061221838,2.07175503634485,1.0,,,,,,,,
47.022,baseline,baseline,arm,1,0.34667086473819908,0.12117481036600475,0.10891902728422845,0.7335895888899977,0.0,0.35212300266719887,0.25927920146055006,0.7275661273614692,2.072557920379216,0.014115585738430332,-0.023566621595955278,0.020017523086438345,0.03399024337515128,0.03200305587463279,0.09600000000000364,1.0,NORMAL,1.0,0,,0.0,0.0,0,,,,,0.0,0.0,0.0,0.0,0.0,0.0,0.0,0.0,1.0,0.0,0.0,0.0,1.0,0.0,0.0,0.0,2.0735003738460227,2.0807717167953284,0.864263756285987,2.01908446596877,2.0807717167953284,1.7594050782240271,2.076785247546373,1.0,,,,,,,,
47.1,baseline,baseline,arm,1,0.34712217276378898,0.12042598536606547,0.10955682010371756,0.7343294904408271,0.0,0.352478155411597,0.2636185742416939,0.7267555331896276,2.0771817532837455,0.011007512819266773,-0.018264024388764327,0.015555922426564953,0.026395580082298,0.030040398612823586,0.04099999999999682,1.0,NORMAL,1.0,0,,0.0,0.0,0,,,,,0.0,0.0,0.0,0.0,0.0,0.0,0.0,0.0,1.0,0.0,0.0,0.0,1.0,0.0,0.0,0.0,2.0779995962761513,2.0831801930946447,0.8631878886514446,2.022456738102552,2.0831801930946447,1.761706104031198,2.0807717167953284,1.0,,,,,,,,
47.199,baseline,baseline,arm,1,0.34827081719404152,0.11850448677308179,0.11118952871683269,0.7362116301784885,0.0,0.3533815824856744,0.2749548780352523,0.7246630855791693,2.0892111762785843,0.011151887672354517,-0.018655326145472377,0.015851539933156314,0.026900875645658958,0.028941557860731316,0.10300000000000153,1.0,NORMAL,1.0,0,,0.0,0.0,0,,,,,0.0,0.0,0.0,0.0,0.0,0.0,0.0,0.0,1.0,0.0,0.0,0.0,1.0,0.0,0.0,0.0,2.0899703413746797,2.0872310448450655,0.8612626073893732,2.0315020169324276,2.0899703413746797,1.7674915026353866,2.0831801930946447,1.0,,,,,,,,
47.282,baseline,baseline,arm,1,0.34940406981531358,0.11661849982216796,0.11278605894973526,0.7380535296719808,0.0,0.3542656942425508,0.28640982255136427,0.7225930256480951,2.101322072113991,0.014911218700948095,-0.024815617775181754,0.021006976748717897,0.03576943389030074,0.031331265905548494,0.07600000000000051,1.0,NORMAL,1.0,0,,0.0,0.0,0,,,,,0.0,0.0,0.0,0.0,0.0,0.0,0.0,0.0,1.0,0.0,0.0,0.0,1.0,0.0,0.0,0.0,2.1022237681115734,2.090758992527036,0.8595240217063915,2.040822125385241,2.1022237681115734,1.7733322269325604,2.0899703413746797,1.0,,,,,,,,
47.319,baseline,baseline,arm,1,0.34992876766384212,0.11575012693249999,0.11352263218527009,0.7389006529695447,0.0,0.3546723134253814,0.2918045605979341,0.7216300587104797,2.10700758570334,0.008893183873365523,-0.01471818457064419,0.012484292127709547,0.021250205325855746,0.02780286526508509,0.0589999999999975,1.0,NORMAL,1.0,0,,0.0,0.0,0,,,,,0.0,0.0,0.0,0.0,0.0,0.0,0.0,0.0,1.0,0.0,0.0,0.0,1.0,0.0,0.0,0.0,2.1077107443386276,2.0922684627402086,0.8587197601024326,2.0449385298075775,2.1077107443386276,1.7759093742472116,2.1022237681115734,1.0,,,,,,,,
47.4,baseline,baseline,arm,1,0.35124027852462852,0.11355811875045033,0.11537751710804658,0.7410166513322703,0.0,0.35568799263948975,0.3056819520196644,0.7191830794931744,2.121569675484599,0.015801335672125633,-0.02640973713312897,0.022348011117789526,0.03803406401352616,0.03138377108439055,0.08299999999999841,1.0,NORMAL,1.0,0,,0.0,0.0,0,,,,,0.0,0.0,0.0,0.0,0.0,0.0,0.0,0.0,1.0,0.0,0.0,0.0,1.0,0.0,0.0,0.0,2.122481970803451,2.0952658120795,0.8570872936216769,2.056217999279295,2.122481970803451,1.7827632689459807,2.1077107443386276,1.0,,,,,,,,
47.482,baseline,baseline,arm,1,0.35211210270295951,0.11211798047393499,0.11659438357097932,0.7424081773638842,0.0,0.3563559251346644,0.31506072373128663,0.7175608306441081,2.1313856568739435,0.01503145135053422,-0.024829970284747177,0.02098045625746094,0.035814124292185855,0.0329343196215676,0.05799999999999983,1.0,NORMAL,1.0,0,,0.0,0.0,0,,,,,0.0,0.0,0.0,0.0,0.0,0.0,0.0,0.0,1.0,0.0,0.0,0.0,1.0,0.0,0.0,0.0,2.1322068120454043,2.0983902050698804,0.8553263932004951,2.0636063955962074,2.1322068120454043,1.7873824514779968,2.122481970803451,1.0,,,,,,,,
47.52,baseline,baseline,arm,1,0.352712975547332,0.11112307627664596,0.11743515386679643,0.7433643946984207,0.0,0.35681490945524197,0.3216461693946463,0.7164321918503705,2.1382576653986796,0.010184285497838034,-0.01686278300489762,0.014250343996899083,0.024313482387385312,0.029917015982241668,0.059000000000004604,1.0,NORMAL,1.0,0,,0.0,0.0,0,,,,,0.0,0.0,0.0,0.0,0.0,0.0,0.0,0.0,1.0,0.0,0.0,0.0,1.0,0.0,0.0,0.0,2.1391769006882284,2.09987227482776,0.8544245415586087,2.0689505606256775,2.1391769006882284,1.7906060694250687,2.1322068120454043,1.0,,,,,,,,
47.602,baseline,baseline,arm,1,0.35392783858146087,0.10909278533877527,0.11914708436239954,0.7452955500743698,0.0,0.35774186403569747,0.33531836616967126,0.7141146373550483,2.152470417634787,0.01928354022426933,-0.03222684028366413,0.0271734999302102,0.04635540159147523,0.035670420967951054,0.06299999999999528,1.0,NORMAL,1.0,0,,0.0,0.0,0,,,,,0.0,0.0,0.0,0.0,0.0,0.0,0.0,0.0,1.0,0.0,0.0,0.0,1.0,0.0,0.0,0.0,2.153482686909663,2.1027307101115746,0.8525654617594556,2.079919925077461,2.153482686909663,1.7971746959645385,2.1391769006882284,1.0,,,,,,,,
47.7,baseline,baseline,arm,1,0.35556369462528448,0.10636459541801879,0.12144280366549509,0.7478730478376917,0.0,0.35897906296209203,0.35426494449863094,0.710966200835752,2.172083256134167,0.016523798422460004,-0.027557473947034075,0.023189083869651145,0.0396255459944878,0.03705470044227053,0.09900000000000375,1.0,NORMAL,1.0,0,,0.0,0.0,0,,,,,0.0,0.0,0.0,0.0,0.0,0.0,0.0,0.0,1.0,0.0,0.0,0.0,1.0,0.0,0.0,0.0,2.1732169200118694,2.1058333746366444,0.8502888652085996,2.095114635172086,2.1732169200118694,1.8061134487573,2.153482686909663,1.0,,,,,,,,
47.76,baseline,baseline,arm,1,0.35624843854880561,0.10523110141357722,0.12239816814864612,0.7489416303477409,0.0,0.3594919825669156,0.3623495225326685,0.7096424382891393,2.180425573736464,0.011225310221657979,-0.01858186892527167,0.015661712838541543,0.026769062205564336,0.03345470399622783,0.06099999999999994,1.0,NORMAL,1.0,0,,0.0,0.0,0,,,,,0.0,0.0,0.0,0.0,0.0,0.0,0.0,0.0,1.0,0.0,0.0,0.0,1.0,0.0,0.0,0.0,2.1813918152173883,2.1069933545469137,0.8493251006069276,2.101384627642684,2.1813918152173883,1.8097737245034784,2.1732169200118694,1.0,,,,,,,,
47.862,baseline,baseline,arm,1,0.35741080232235622,0.1032911548334019,0.12403026500987721,0.7507519677606456,0.0,0.36036094452510986,0.3764068445220178,0.707362790174737,2.1948825469825106,0.011741048217683347,-0.019595420001771596,0.01648582688112264,0.02817117651519264,0.03160546204207072,0.09899999999999665,1.0,NORMAL,1.0,0,,0.0,0.0,0,,,,,0.0,0.0,0.0,0.0,0.0,0.0,0.0,0.0,1.0,0.0,0.0,0.0,1.0,0.0,0.0,0.0,2.195742011821301,2.1089473605344726,0.8475513624489588,2.11247161490582,2.195742011821301,1.8161780874276379,2.1813918152173883,1.0,,,,,,,,
47.94,baseline,baseline,arm,1,0.35888298724086498,0.10083993727398549,0.12608858931029521,0.7530250753986354,0.0,0.36145203619134497,0.3946284897552396,0.7044554329750308,2.213561034320251,0.014870554732411119,-0.024759773327437524,0.020791154549675943,0.03558724323102637,0.03299907425347869,0.09900000000000375,1.0,NORMAL,1.0,0,,0.0,0.0,0,,,,,0.0,0.0,0.0,0.0,0.0,0.0,0.0,0.0,1.0,0.0,0.0,0.0,1.0,0.0,0.0,0.0,2.214665803865603,2.1105350552595574,0.8458844688548918,2.1272539116268794,2.214665803865603,1.824584809901733,2.195742011821301,1.0,,,,,,,,
48.001,baseline,baseline,arm,1,0.35934906946103812,0.10007038978480533,0.12673602789000413,0.753738238832893,0.0,0.36179435463978865,0.40046991906890733,0.7035335471908676,2.2195360597324565,0.011367859028613963,-0.018769450955615215,0.015791184870950492,0.02703482989956143,0.030911554492735523,0.04099999999999682,1.0,NORMAL,1.0,0,,0.0,0.0,0,,,,,0.0,0.0,0.0,0.0,0.0,0.0,0.0,0.0,1.0,0.0,0.0,0.0,1.0,0.0,0.0,0.0,2.2204705224171604,2.1113664415759588,0.8449225966950135,2.131753377822065,2.2204705224171604,1.8271282346275495,2.214665803865603,1.0,,,,,,,,
48.082,baseline,baseline,arm,1,0.36026103383319541,0.098548906543836495,0.12801414892649221,0.7551336351749288,0.0,0.36246414488396583,0.412125458038616,0.7017033589102946,2.2314265970078053,0.011543852812117533,-0.01925928153125089,0.016178747297317386,0.027675482415999004,0.029778920134815635,0.07900000000000063,1.0,NORMAL,1.0,0,,0.0,0.0,0,,,,,0.0,0.0,0.0,0.0,0.0,0.0,0.0,0.0,1.0,0.0,0.0,0.0,1.0,0.0,0.0,0.0,2.2321748259744822,2.112297661217297,0.8435708381780267,2.1408892181620875,2.2321748259744822,1.8322331358829733,2.2204705224171604,1.0,,,,,,,,
48.18,baseline,baseline,arm,1,0.36175656099364073,0.096069223727991093,0.13009416278149763,0.7573998085574478,0.0,0.36355190810757493,0.43154538496688577,0.698696040192533,2.2511931418244413,0.014955271604452989,-0.024796828158453667,0.020800138550053898,0.03565373191103951,0.03183508945757538,0.10000000000000142,1.0,NORMAL,1.0,0,,0.0,0.0,0,,,,,0.0,0.0,0.0,0.0,0.0,0.0,0.0,0.0,1.0,0.0,0.0,0.0,1.0,0.0,0.0,0.0,2.252057281454846,2.113389035270354,0.8416185417520221,2.1565874684985604,2.252057281454846,1.8409130817439454,2.2321748259744822,1.0,,,,,,,,
48.24,baseline,baseline,arm,1,0.36246555854315093,0.094896398696763223,0.13107867259138847,0.7584659722291499,0.0,0.36406366666999196,0.4409081264052378,0.6972602872283162,2.2606980525326956,0.011435444346939216,-0.018916532761740566,0.015879190482110988,0.027216783232136606,0.030218671938150112,0.06199999999999761,1.0,NORMAL,1.0,0,,0.0,0.0,0,,,,,0.0,0.0,0.0,0.0,0.0,0.0,0.0,0.0,1.0,0.0,0.0,0.0,1.0,0.0,0.0,0.0,2.2615030793981985,2.1137487673868813,0.8406816021969086,2.1640624950283947,2.2615030793981985,1.8449989860025957,2.252057281454846,1.0,,,,,,,,
48.34,baseline,baseline,arm,1,0.36368438670262176,0.092862112088308552,0.13278352180920139,0.7602940651254536,0.0,0.3649411512602177,0.4573500757700182,0.6947555230988698,2.277340815254559,0.012437022035416767,-0.020758026616884622,0.017396420589927884,0.029802862873864976,0.030073122374116693,0.09799999999999898,1.0,NORMAL,1.0,0,,0.0,0.0,0,,,,,0.0,0.0,0.0,0.0,0.0,0.0,0.0,0.0,1.0,0.0,0.0,0.0,1.0,0.0,0.0,0.0,2.278123911704282,2.1141679670660833,0.838975832664028,2.1772995408371782,2.278123911704282,1.8521418130678928,2.2615030793981985,1.0,,,,,,,,
48.421,baseline,baseline,arm,1,0.36512754863880598,0.09047670064894664,0.1347824785746877,0.7624325801753254,0.0,0.3659676384841562,0.47707125005656836,0.6917891380774155,2.2972606067934653,0.014288732041426963,-0.0236179350431858,0.019791651143427593,0.03396592666245077,0.03143558019099804,0.1010000000000062,1.0,NORMAL,1.0,0,,0.0,0.0,0,,,,,0.0,0.0,0.0,0.0,0.0,0.0,0.0,0.0,1.0,0.0,0.0,0.0,1.0,0.0,0.0,0.0,2.298267919387431,2.1142932195626702,0.8375026849424647,2.1935067628905656,2.298267919387431,1.860892646695783,2.278123911704282,1.0,,,,,,,,
48.482,baseline,baseline,arm,1,0.36566249290051822,0.089587805206703258,0.13552697455249663,0.7632218392807699,0.0,0.36634648285476956,0.48451256702354734,0.6906762851688742,2.3047571743279613,0.013716519531085174,-0.02279219082675666,0.019089640456641955,0.032742040918271924,0.031892839195133485,0.03899999999999437,1.0,NORMAL,1.0,0,,0.0,0.0,0,,,,,0.0,0.0,0.0,0.0,0.0,0.0,0.0,0.0,1.0,0.0,0.0,0.0,1.0,0.0,0.0,0.0,2.3055384146255733,2.1142070542138325,0.8364710307333055,2.199329916131798,2.3055384146255733,1.8638866039261273,2.298267919387431,1.0,,,,,,,,
48.56,baseline,baseline,arm,1,0.3668501529209488,0.087598388882529049,0.1371910500288584,0.764969473292101,0.0,0.36718534718020845,0.5013193668001583,0.6881732712717774,2.3216474585442453,0.01153067981000547,-0.019314721593924073,0.016156072586036366,0.027695373774999688,0.03042369093692314,0.10300000000000153,1.0,NORMAL,1.0,0,,0.0,0.0,0,,,,,0.0,0.0,0.0,0.0,0.0,0.0,0.0,0.0,1.0,0.0,0.0,0.0,1.0,0.0,0.0,0.0,2.3224914923785915,2.1139130062083606,0.8352868304057623,2.2130930419705015,2.3224914923785915,1.8711960927408038,2.3055384146255733,1.0,,,,,,,,
48.662,baseline,baseline,arm,1,0.36809996595787864,0.085526241835683081,0.13892473487382948,0.7667868717850197,0.0,0.36805769845680947,0.5191525388585179,0.6855428951249194,2.3395400042252668,0.01582041818898515,-0.02622970945374622,0.021945377784443856,0.03768133351945334,0.032963852530572504,0.07900000000000063,1.0,NORMAL,1.0,0,,0.0,0.0,0,,,,,0.0,0.0,0.0,0.0,0.0,0.0,0.0,0.0,1.0,0.0,0.0,0.0,1.0,0.0,0.0,0.0,2.3405099589704474,2.1132126188357123,0.833447208007259,2.2278385496724735,2.3405099589704474,1.878752083871473,2.3224914923785915,1.0,,,,,,,,
48.721,baseline,baseline,arm,1,0.3687907391201824,0.084384291642799064,0.13988057801961121,0.7677838240114863,0.0,0.3685362355255134,0.5291052527258672,0.6840829066370737,2.3495082188999405,0.011708019700064215,-0.01935508801498416,0.016200731284436817,0.027823746180473344,0.031164800675447205,0.0589999999999975,1.0,NORMAL,1.0,0,,0.0,0.0,0,,,,,0.0,0.0,0.0,0.0,0.0,0.0,0.0,0.0,1.0,0.0,0.0,0.0,1.0,0.0,0.0,0.0,2.350257046953981,2.1127041670239195,0.8326162188253247,2.2358121333632823,2.350257046953981,1.882847391541627,2.3405099589704474,1.0,,,,,,,,
48.78,baseline,baseline,arm,1,0.36969187835751854,0.082875284185129044,0.14114171275133844,0.7690833798059762,0.0,0.36916002230686856,0.5423234299939962,0.6821461035921526,2.362712935698993,0.011406825789065048,-0.019101360223670982,0.015963730781357235,0.027382810984925777,0.029841068563093973,0.07900000000000063,1.0,NORMAL,1.0,0,,0.0,0.0,0,,,,,0.0,0.0,0.0,0.0,0.0,0.0,0.0,0.0,1.0,0.0,0.0,0.0,1.0,0.0,0.0,0.0,2.3634156275279623,2.112087708423471,0.8317837504290427,2.246680175531473,2.3634156275279623,1.8884918154779873,2.350257046953981,1.0,,,,,,,,
48.861,baseline,baseline,arm,1,0.37059895409819216,0.081380593050376773,0.14239187305241255,0.7703759697621,0.0,0.369780465485808,0.5556064997744886,0.6802144822949809,2.3759774173173778,0.01511792901122631,-0.02491151891253691,0.020836005017901046,0.03582282313308319,0.031934626971799676,0.060000000000002274,1.0,NORMAL,1.0,0,,0.0,0.0,0,,,,,0.0,0.0,0.0,0.0,0.0,0.0,0.0,0.0,1.0,0.0,0.0,0.0,1.0,0.0,0.0,0.0,2.37680034424707,2.1110519090576094,0.8304868674062962,2.2578266997799963,2.37680034424707,1.8940414551227431,2.3634156275279623,1.0,,,,,,,,
48.961,baseline,baseline,arm,1,0.37151095800197825,0.079878305364120133,0.1436477164432563,0.7716673506451592,0.0,0.3704003283096764,0.5690786029782573,0.6782625101748104,2.3894087921079032,0.009029741621644598,-0.014874135507491617,0.01243409297865113,0.021386509978269595,0.028242767971761593,0.10099999999999909,1.0,NORMAL,1.0,0,,0.0,0.0,0,,,,,0.0,0.0,0.0,0.0,0.0,0.0,0.0,0.0,1.0,0.0,0.0,0.0,1.0,0.0,0.0,0.0,2.3901478274386805,2.109998850595594,0.829432382727886,2.268976547570685,2.3901478274386805,1.8996389020832114,2.37680034424707,1.0,,,,,,,,
49.0,baseline,baseline,arm,1,0.37209288115894351,0.078918093816089288,0.144450346048276,0.7724875767059388,0.0,0.3707940368188506,0.577746132127693,0.6770089601325745,2.398036705785057,0.00986310435534378,-0.016274772000523494,0.013603891610503968,0.023392624866478005,0.026545213418979967,0.0589999999999975,1.0,NORMAL,1.0,0,,0.0,0.0,0,,,,,0.0,0.0,0.0,0.0,0.0,0.0,0.0,0.0,1.0,0.0,0.0,0.0,1.0,0.0,0.0,0.0,2.3985875397546224,2.109475920655708,0.8289857312409985,2.276042580637644,2.3985875397546224,1.9032729430722433,2.3901478274386805,1.0,,,,,,,,
49.062,baseline,baseline,arm,1,0.37250148542707018,0.078243923596603551,0.14501362064056725,0.7730614988425707,0.0,0.3710695194444339,0.5838580124274997,0.6761264577987717,2.404115488513276,0.010215106703165068,-0.016854255487140788,0.014081864807278957,0.024222164425033218,0.025732143256289263,0.04000000000000625,1.0,NORMAL,1.0,0,,0.0,0.0,0,,,,,0.0,0.0,0.0,0.0,0.0,0.0,0.0,0.0,1.0,0.0,0.0,0.0,1.0,0.0,0.0,0.0,2.4046404551676175,2.10864682754891,0.8282732988655463,2.2811454136204996,2.4046404551676175,1.9056764988006432,2.3985875397546224,1.0,,,,,,,,
49.14,baseline,baseline,arm,1,0.37356881298579148,0.076482410851297006,0.14648456209874947,0.774553006520107,0.0,0.37178544312965134,0.5999234091153615,0.6738111725249802,2.4200730312900998,0.010463995673738551,-0.017269732797123544,0.014420994688061416,0.024813382762879373,0.025410575230748376,0.10199999999999676,1.0,NORMAL,1.0,0,,0.0,0.0,0,,,,,0.0,0.0,0.0,0.0,0.0,0.0,0.0,0.0,1.0,0.0,0.0,0.0,1.0,0.0,0.0,0.0,2.420684644749768,2.107374347756893,0.8273165832541601,2.2947669542296456,2.420684644749768,1.9125356324976166,2.4046404551676175,1.0,,,,,,,,
49.241,baseline,baseline,arm,1,0.37432807521940209,0.075233055870760554,0.14752824786193977,0.7756060695297191,0.0,0.3722909133742652,0.6114114009147998,0.6721590918513837,2.4314674756701677,0.009734131200135703,-0.01601737154533852,0.013380586707567508,0.02302932048675357,0.02457713004915903,0.07800000000000296,1.0,NORMAL,1.0,0,,0.0,0.0,0,,,,,0.0,0.0,0.0,0.0,0.0,0.0,0.0,0.0,1.0,0.0,0.0,0.0,1.0,0.0,0.0,0.0,2.4320154298672443,2.105817384620254,0.8262629113362342,2.304432530825383,2.4320154298672443,1.9171320641622789,2.420684644749768,1.0,,,,,,,,
49.303,baseline,baseline,arm,1,0.37491141100175041,0.074265986994761404,0.14833544972925058,0.7764132429394999,0.0,0.37267835661095994,0.620325917416542,0.6708761082863498,2.440293625253352,0.009408641650779643,-0.015597885096761079,0.013019384956626532,0.022390197450075783,0.02381169517368367,0.06199999999999761,1.0,NORMAL,1.0,0,,0.0,0.0,0,,,,,0.0,0.0,0.0,0.0,0.0,0.0,0.0,0.0,1.0,0.0,0.0,0.0,1.0,0.0,0.0,0.0,2.440731471528306,2.104745729748224,0.8256167565846242,2.311898210101633,2.440731471528306,1.9207480419906968,2.4320154298672443,1.0,,,,,,,,
49.399,baseline,baseline,arm,1,0.37558118170015226,0.073151328905897192,0.14926532893061173,0.7773369500647314,0.0,0.373121736031071,0.6306313846319305,0.66939252386431,2.4504825945920428,0.006697706984018408,-0.011146580888641964,0.009298792013611314,0.015986653097606416,0.021072916481239507,0.10000000000000142,1.0,NORMAL,1.0,0,,0.0,0.0,0,,,,,0.0,0.0,0.0,0.0,0.0,0.0,0.0,0.0,1.0,0.0,0.0,0.0,1.0,0.0,0.0,0.0,2.450832549071133,2.103407151382673,0.8248555621175101,2.320598923717754,2.450832549071133,1.9249235465722676,2.440731471528306,1.0,,,,,,,,
49.439,baseline,baseline,arm,1,0.37624828998419235,0.072051562184887341,0.15018325979955929,0.7782495877158745,0.0,0.3735598021036197,0.6408711849611103,0.6679221571112408,2.460602731891845,0.011501866966208595,-0.018961495189825074,0.015826394292199425,0.02724529316844072,0.023233240458186973,0.05799999999999983,1.0,NORMAL,1.0,0,,0.0,0.0,0,,,,,0.0,0.0,0.0,0.0,0.0,0.0,0.0,0.0,1.0,0.0,0.0,0.0,1.0,0.0,0.0,0.0,2.450832549071133,2.103407151382673,0.8248555621175101,2.320598923717754,2.450832549071133,1.9249235465722676,2.450832549071133,1.0,,,,,,,,
49.541,baseline,baseline,arm,1,0.37701035259169835,0.070794670480433086,0.15123226947942167,0.779286784358588,0.0,0.37405765649212225,0.652619911762303,0.6662347813799786,2.472199133992992,0.009293446432999888,-0.015327947615295653,0.012792800973931326,0.022022031728678084,0.022809315675211928,0.08200000000000074,1.0,NORMAL,1.0,0,,0.0,0.0,0,,,,,0.0,0.0,0.0,0.0,0.0,0.0,0.0,0.0,1.0,0.0,0.0,0.0,1.0,0.0,0.0,0.0,2.4726249194984047,2.1005822933940923,0.8233939453494099,2.3395560129981643,2.4726249194984047,1.9340392928100179,2.461033883613729,1.0,,,,,,,,
49.64,baseline,baseline,arm,1,0.37794401254944909,0.06925684890368973,0.15251589114966083,0.7805489455437378,0.0,0.3746634938609941,0.6670628559385692,0.6641599116254133,2.4864352069687143,0.009527142426028092,-0.015692056905544614,0.013098180308562938,0.022551483767776808,0.022719071722407874,0.09799999999999898,1.0,NORMAL,1.0,0,,0.0,0.0,0,,,,,0.0,0.0,0.0,0.0,0.0,0.0,0.0,0.0,1.0,0.0,0.0,0.0,1.0,0.0,0.0,0.0,2.486857203153477,2.098389720305766,0.8223781626272171,2.352046789604237,2.486857203153477,1.9399179689226744,2.4726249194984047,1.0,,,,,,,,
49.702,baseline,baseline,arm,1,0.37859527862701481,0.068177592958690331,0.15341623486695855,0.7814257902550966,0.0,0.37508437932244637,0.6772149169859516,0.6626980116430162,2.496423098206511,0.010676493074847802,-0.017692720409826234,0.014759733070454426,0.025394282431063512,0.023655388469814416,0.06099999999999994,1.0,NORMAL,1.0,0,,0.0,0.0,0,,,,,0.0,0.0,0.0,0.0,0.0,0.0,0.0,0.0,1.0,0.0,0.0,0.0,1.0,0.0,0.0,0.0,2.49688835961215,2.0973453807994673,0.8217028090831601,2.360915086599747,2.49688835961215,1.944212909023631,2.486857203153477,1.0,,,,,,,,
49.799,baseline,baseline,arm,1,0.37917694834766419,0.067203492205201984,0.15422806952332188,0.7822078094665742,0.0,0.3754597485439556,0.6863687085118917,0.6613752295054365,2.505411496027858,0.005875451723731314,-0.009839401550387674,0.0082003500642764,0.014091859245832205,0.0203081091979514,0.09899999999999665,1.0,NORMAL,1.0,0,,0.0,0.0,0,,,,,0.0,0.0,0.0,0.0,0.0,0.0,0.0,0.0,1.0,0.0,0.0,0.0,1.0,0.0,0.0,0.0,2.505749086069442,2.0954052855566836,0.821130881989286,2.3687735076190055,2.505749086069442,1.9477646903086043,2.49688835961215,1.0,,,,,,,,
49.86,baseline,baseline,arm,1,0.38003356291397367,0.065791642268842696,0.15540584995923917,0.7833473052534715,0.0,0.3760067065216663,0.6997337871303361,0.659448514777571,2.518536313683045,0.010575488472956106,-0.01743024612789179,0.014540499208854902,0.025041576503152196,0.021964809105860017,0.08100000000000307,1.0,NORMAL,1.0,0,,0.0,0.0,0,,,,,0.0,0.0,0.0,0.0,0.0,0.0,0.0,0.0,1.0,0.0,0.0,0.0,1.0,0.0,0.0,0.0,2.518940555239214,2.0936969517754145,0.820463949195482,2.380566031307514,2.518940555239214,1.953416871879406,2.505749086069442,1.0,,,,,,,,
49.94,baseline,baseline,arm,1,0.38079625221666596,0.064534844946379427,0.15645424628691157,0.7843554243377528,0.0,0.37649060368212134,0.7116575974774764,0.6577258993619779,2.5302295248593287,0.009301089057223072,-0.015326796615405574,0.012785321069175449,0.022020113237272515,0.021984160294300063,0.08200000000000074,1.0,NORMAL,1.0,0,,0.0,0.0,0,,,,,0.0,0.0,0.0,0.0,0.0,0.0,0.0,0.0,1.0,0.0,0.0,0.0,1.0,0.0,0.0,0.0,2.530708522826597,2.091676021330123,0.8197142496260822,2.391160617227152,2.530708522826597,1.9583148527524885,2.518940555239214,1.0,,,,,,,,
49.96,baseline,baseline,arm,1,0.3809858880758607,0.064222356574797287,0.1567148938076913,0.7846051484230628,0.0,0.3766104712430701,0.7146253339930725,0.6572965352948232,2.533137488954029,0.005267662755409153,-0.008680232543947996,0.007240208910547716,0.012470578695077193,0.018654405188766373,0.036000000000001364,1.0,NORMAL,1.0,0,,0.0,0.0,0,,,,,0.0,0.0,0.0,0.0,0.0,0.0,0.0,0.0,1.0,0.0,0.0,0.0,1.0,0.0,0.0,0.0,2.5334723922596822,2.0911510213875033,0.8195296120774008,2.3936435419529416,2.5334723922596822,1.959449141919382,2.530708522826597,1.0,,,,,,,,
50.019,baseline,baseline,arm,1,0.38160921448386909,0.063196248972450936,0.15757064174793886,0.7854231042751146,0.0,0.377003090052055,0.7243797988879239,0.6558838206166759,2.5426898138317693,0.015203083122156898,-0.025027014691376373,0.02087190098164953,0.03595999793338931,0.02471135856754789,0.04099999999999682,1.0,NORMAL,1.0,0,,0.0,0.0,0,,,,,0.0,0.0,0.0,0.0,0.0,0.0,0.0,0.0,1.0,0.0,0.0,0.0,1.0,0.0,0.0,0.0,2.5432203854431354,2.0894322778225853,0.8189290996338016,2.402499063802502,2.5432203854431354,1.963520206675506,2.5334723922596822,1.0,,,,,,,,
50.12,baseline,baseline,arm,1,0.38270070372581227,0.061395637206333981,0.15907184864140275,0.7868465596707496,0.0,0.37768634864195977,0.7415022052618732,0.6533943835672377,2.5594294971418203,0.010914892419431733,-0.018006117661169295,0.015012068934638698,0.025859570055474342,0.02511323235729391,0.10000000000000142,1.0,NORMAL,1.0,0,,0.0,0.0,0,,,,,0.0,0.0,0.0,0.0,0.0,0.0,0.0,0.0,1.0,0.0,0.0,0.0,1.0,0.0,0.0,0.0,2.559907507175085,2.0862497943503238,0.8178912705064993,2.4177403798771477,2.559907507175085,1.970447237977264,2.5432203854431354,1.0,,,,,,,,
50.22,baseline,baseline,arm,1,0.38370609293642605,0.059732380456502775,0.16045811603061494,0.7881477271958449,0.0,0.37831090905400555,0.757310664641585,0.6510830920799369,2.5748523929713723,0.010053892106137576,-0.016632567498311823,0.01386267389212167,0.023872510875629863,0.02467897592582915,0.10000000000000142,1.0,NORMAL,1.0,0,,0.0,0.0,0,,,,,0.0,0.0,0.0,0.0,0.0,0.0,0.0,0.0,1.0,0.0,0.0,0.0,1.0,0.0,0.0,0.0,2.5753229563491864,2.0831547814281515,0.816950336845388,2.431961472669852,2.5753229563491864,1.9768473868231444,2.559907507175085,1.0,,,,,,,,
50.319,baseline,baseline,arm,1,0.38465622766949925,0.058157870854929516,0.16177012113989386,0.7893681153138139,0.0,0.37889669535063064,0.7722601515446432,0.6488847700362288,2.5894097322453167,0.009501347330732586,-0.015745096015733477,0.013120051092789988,0.022590249895061035,0.023947916582527064,0.09999999999999432,1.0,NORMAL,1.0,0,,0.0,0.0,0,,,,,0.0,0.0,0.0,0.0,0.0,0.0,0.0,0.0,1.0,0.0,0.0,0.0,1.0,0.0,0.0,0.0,2.589857133818331,2.080092383564334,0.8160763062048348,2.44549328895493,2.589857133818331,1.9828797781356076,2.5753229563491864,1.0,,,,,,,,
50.359,baseline,baseline,arm,1,0.38484938311896399,0.057838520229772074,0.16203626673088159,0.7896148687803967,0.0,0.3790151370145904,0.7752926843737162,0.6484375589560428,2.592360249124746,0.009657772473235671,-0.01596753125786964,0.01330727954938424,0.022919823573083902,0.023588083979426248,0.020000000000003126,1.0,NORMAL,1.0,0,,0.0,0.0,0,,,,,0.0,0.0,0.0,0.0,0.0,0.0,0.0,0.0,1.0,0.0,0.0,0.0,1.0,0.0,0.0,0.0,2.5927845481720593,2.078833608437612,0.8157269730108432,2.4482322733898565,2.5927845481720593,1.9838943507525928,2.589857133818331,1.0,,,,,,,,
50.44,baseline,baseline,arm,1,0.38574160096555021,0.056349874550727805,0.16327604820859462,0.7907524004866944,0.0,0.3795611522336133,0.7893728119974306,0.6463487277188333,2.6060350924365716,0.008922178465862058,-0.014886456790442478,0.012397814777130135,0.021328799206669604,0.022797304722078374,0.10000000000000142,1.0,NORMAL,1.0,0,,0.0,0.0,0,,,,,0.0,0.0,0.0,0.0,0.0,0.0,0.0,0.0,1.0,0.0,0.0,0.0,1.0,0.0,0.0,0.0,2.606437706719957,2.076413498771688,0.815088672033199,2.4610860637865244,2.606437706719957,1.9897564853278422,2.5927845481720593,1.0,,,,,,,,
50.521,baseline,baseline,arm,1,0.386443546074553,0.055192495865349578,0.16424061527961537,0.7916383333504471,0.0,0.3799864000082146,0.8003428857853334,0.6447172767034806,2.6166848958474755,0.008665989000034856,-0.014288625745410921,0.01190823544470114,0.02051999664833261,0.022000236044741286,0.08099999999999596,1.0,NORMAL,1.0,0,,0.0,0.0,0,,,,,0.0,0.0,0.0,0.0,0.0,0.0,0.0,0.0,1.0,0.0,0.0,0.0,1.0,0.0,0.0,0.0,2.617062836866788,2.073403621396712,0.8143273470095652,2.47116124736297,2.617062836866788,1.9939887631590087,2.606437706719957,1.0,,,,,,,,
50.639,baseline,baseline,arm,1,0.38730220006896032,0.053769767356519449,0.16542573467267829,0.7927163077031831,0.0,0.3805038276975279,0.8137741065409693,0.642705325276623,2.629699567218303,0.008501524697102266,-0.014086420879506354,0.011733855376860777,0.02020857583737946,0.02137315456257888,0.10099999999999909,1.0,NORMAL,1.0,0,,0.0,0.0,0,,,,,0.0,0.0,0.0,0.0,0.0,0.0,0.0,0.0,1.0,0.0,0.0,0.0,1.0,0.0,0.0,0.0,2.630058995870553,2.070321161769366,0.8135860315859665,2.483585114530188,2.630058995870553,1.9993878259390185,2.617062836866788,1.0,,,,,,,,
50.68,baseline,baseline,arm,1,0.38782468917847146,0.052907301829583267,0.16614431453855735,0.7933676770642951,0.0,0.3808164849908616,0.8219062205822127,0.6414814465386606,2.63757182917603,0.009008432922605841,-0.01487009529200318,0.012389308032397621,0.02134868968428686,0.02136458858328011,0.05799999999999983,1.0,NORMAL,1.0,0,,0.0,0.0,0,,,,,0.0,0.0,0.0,0.0,0.0,0.0,0.0,0.0,1.0,0.0,0.0,0.0,1.0,0.0,0.0,0.0,2.6379268797045663,2.069050822978048,0.8132918508623778,2.4911581669241616,2.6379268797045663,2.0028569301172885,2.630058995870553,1.0,,,,,,,,
50.781,baseline,baseline,arm,1,0.38851676898772469,0.051753879531034178,0.16710467998597428,0.7942281120308542,0.0,0.38122949377481,0.8327182548471844,0.6398411453041959,2.6480170059570445,0.008439997673819827,-0.01406612559206194,0.011711773748986817,0.020155770743218945,0.02094148373120181,0.08200000000000074,1.0,NORMAL,1.0,0,,0.0,0.0,0,,,,,0.0,0.0,0.0,0.0,0.0,0.0,0.0,0.0,1.0,0.0,0.0,0.0,1.0,0.0,0.0,0.0,2.6483602547278,2.0658068569216983,0.8125603545744741,2.5012696633847207,2.6483602547278,2.006999282402173,2.6379268797045663,1.0,,,,,,,,
50.84,baseline,baseline,arm,1,0.38921146591005307,0.050607251733411643,0.16805986546550861,0.7950843136451838,0.0,0.38164047054968825,0.843465354112327,0.6382045100358923,2.6583946483430916,0.008906370799081393,-0.01470035637977553,0.012245967686337051,0.021104209131780988,0.0209984302366815,0.07800000000000296,1.0,NORMAL,1.0,0,,0.0,0.0,0,,,,,0.0,0.0,0.0,0.0,0.0,0.0,0.0,0.0,1.0,0.0,0.0,0.0,1.0,0.0,0.0,0.0,2.658804825697383,2.0638395480381067,0.8121342945020078,2.5114617088308506,2.658804825697383,2.011560094267087,2.6483602547278,1.0,,,,,,,,
50.94,baseline,baseline,arm,1,0.38998919354097078,0.049325458331353086,0.16912760267222959,0.7960362579551888,0.0,0.3820974038184906,0.8554363680666505,0.6363689847320408,2.6699390145723707,0.009721595386471616,-0.016022417525732295,0.013346715084012618,0.02300787003964012,0.021701726794329915,0.0799999999999983,1.0,NORMAL,1.0,0,,0.0,0.0,0,,,,,0.0,0.0,0.0,0.0,0.0,0.0,0.0,0.0,1.0,0.0,0.0,0.0,1.0,0.0,0.0,0.0,2.670353051750913,2.0601168019653313,0.811358122387486,2.5228160812916847,2.670353051750913,2.016161014348854,2.658804825697383,1.0,,,,,,,,
51.039,baseline,baseline,arm,1,0.39097991764617634,0.047684438890845081,0.17049396805378611,0.7972408604140914,0.0,0.38267561299876385,0.8706500759071065,0.6340109227024496,2.6845774720224114,0.009907241052055508,-0.016410194405079823,0.013663653815564974,0.023540249388391162,0.0223452080595388,0.10000000000000142,1.0,NORMAL,1.0,0,,0.0,0.0,0,,,,,0.0,0.0,0.0,0.0,0.0,0.0,0.0,0.0,1.0,0.0,0.0,0.0,1.0,0.0,0.0,0.0,2.684948812201503,2.0560953708506053,0.8105620796102393,2.5373094097533526,2.684948812201503,2.022228918103925,2.670353051750913,1.0,,,,,,,,
51.059,baseline,baseline,arm,1,0.39140346458782743,0.046983301556544309,0.17107775734236325,0.7977524586210895,0.0,0.38292118013812293,0.8771192127692408,0.6330003247704884,2.6907931762989414,0.010588673541277408,-0.017528433357519677,0.014594732214428701,0.025147011586740074,0.02332583906788457,0.03999999999999915,1.0,NORMAL,1.0,0,,0.0,0.0,0,,,,,0.0,0.0,0.0,0.0,0.0,0.0,0.0,0.0,1.0,0.0,0.0,0.0,1.0,0.0,0.0,0.0,2.6912108480725636,2.055233791844791,0.8103975038204962,2.5435761744272205,2.6912108480725636,2.025104579541268,2.684948812201503,1.0,,,,,,,,
51.141,baseline,baseline,arm,1,0.39205384353622597,0.045908831042563339,0.17197247092499762,0.7985337948795646,0.0,0.38329622154219095,0.8869989085340945,0.6314479285489462,2.7002768535047963,0.010839649139975146,-0.017907841899682152,0.014911893043905711,0.025701232443886016,0.024157225742779384,0.060000000000002274,1.0,NORMAL,1.0,0,,0.0,0.0,0,,,,,0.0,0.0,0.0,0.0,0.0,0.0,0.0,0.0,1.0,0.0,0.0,0.0,1.0,0.0,0.0,0.0,2.700878651321427,2.051706582185543,0.8097359609534394,2.5533071336247763,2.700878651321427,2.0289070820212967,2.6912108480725636,1.0,,,,,,,,
51.24,baseline,baseline,arm,1,0.39312308379507677,0.044132168275228499,0.17345137361770246,0.79980989356515,0.0,0.38390874891127197,0.9031837538315867,0.6288726019642739,2.7157749982722827,0.010281156335103934,-0.017083295839758206,0.014220218199085128,0.024489911759031303,0.024273657074609527,0.1039999999999992,1.0,NORMAL,1.0,0,,0.0,0.0,0,,,,,0.0,0.0,0.0,0.0,0.0,0.0,0.0,0.0,1.0,0.0,0.0,0.0,1.0,0.0,0.0,0.0,2.716316947741479,2.047356994449158,0.8089603400237738,2.56901012010335,2.716316947741479,2.03541110057944,2.700878651321427,1.0,,,,,,,,
51.32,baseline,baseline,arm,1,0.39410456039777686,0.042512757895938329,0.17479970860127461,0.8009680604754102,0.0,0.3844646690281969,0.9178311908271297,0.6265146905416313,2.7297786108723683,0.010223714611459673,-0.01686885811760655,0.014045156078877038,0.024214646888371737,0.024252997293442973,0.09599999999999653,1.0,NORMAL,1.0,0,,0.0,0.0,0,,,,,0.0,0.0,0.0,0.0,0.0,0.0,0.0,0.0,1.0,0.0,0.0,0.0,1.0,0.0,0.0,0.0,2.7302347128569213,2.0439702378840376,0.8083852035192817,2.5833305450485424,2.7302347128569213,2.041480174827196,2.716316947741479,1.0,,,,,,,,
51.381,baseline,baseline,arm,1,0.39454101908072209,0.04178948146983804,0.17540168760493208,0.8014801517806875,0.0,0.38471047285473003,0.9243155747784927,0.6254589570647315,2.735965156478642,0.010645333730370417,-0.01764088844146877,0.014682414723351418,0.02530014579688811,0.024619498084090988,0.04100000000000392,1.0,NORMAL,1.0,0,,0.0,0.0,0,,,,,0.0,0.0,0.0,0.0,0.0,0.0,0.0,0.0,1.0,0.0,0.0,0.0,1.0,0.0,0.0,0.0,2.736724879312843,2.041155298465895,0.8079168094341513,2.5900548959280085,2.736724879312843,2.0439629707852247,2.7302347128569213,1.0,,,,,,,,
51.461,baseline,baseline,arm,1,0.39540735017573658,0.04034511443846335,0.1766034647490102,0.8024916116375187,0.0,0.385195973586009,0.9371432002045617,0.6233458228123142,2.7481766082404038,0.010695445617463425,-0.017831691745367424,0.014836754865162782,0.025543904994868225,0.02494302002217705,0.08099999999999596,1.0,NORMAL,1.0,0,,0.0,0.0,0,,,,,0.0,0.0,0.0,0.0,0.0,0.0,0.0,0.0,1.0,0.0,0.0,0.0,1.0,0.0,0.0,0.0,2.7487635244253075,2.037317891874431,0.8073083384256683,2.6026643725166547,2.7487635244253075,2.049013531810515,2.736724879312843,1.0,,,,,,,,
51.56,baseline,baseline,arm,1,0.3964792408425491,0.038566366460730993,0.1780839781337395,0.8037299364727372,0.0,0.3857903695069138,0.9527857688216296,0.6207326671242555,2.763038741925536,0.010718906668124986,-0.017787479777323322,0.014805133847292718,0.025504536561657278,0.025139550810026307,0.10000000000000142,1.0,NORMAL,1.0,0,,0.0,0.0,0,,,,,0.0,0.0,0.0,0.0,0.0,0.0,0.0,0.0,1.0,0.0,0.0,0.0,1.0,0.0,0.0,0.0,2.7635848042677544,2.032710482225771,0.8066086702041678,2.6183639411320527,2.7635848042677544,2.055316974457437,2.7487635244253075,1.0,,,,,,,,
51.641,baseline,baseline,arm,1,0.39715957416854203,0.037443472130563295,0.1790185599270907,0.8045082324351344,0.0,0.38616395156886446,0.9625688564943933,0.6190775634522737,2.7723186039506658,0.008611814253075023,-0.01421385228060366,0.01183014928292659,0.020399739543450462,0.0234806060851987,0.07900000000000063,1.0,NORMAL,1.0,0,,0.0,0.0,0,,,,,0.0,0.0,0.0,0.0,0.0,0.0,0.0,0.0,1.0,0.0,0.0,0.0,1.0,0.0,0.0,0.0,2.7727724195454395,2.0295223384357985,0.8061463234980011,2.6282045606621756,2.7727724195454395,2.0591614105353537,2.7635848042677544,1.0,,,,,,,,
51.702,baseline,baseline,arm,1,0.39774882896981184,0.036468051185914278,0.17983009960318408,0.8051785056785686,0.0,0.38648568272571293,0.9709837077792352,0.6176369404839452,2.780284836667462,0.00982091335449649,-0.016257015744149658,0.013525661268222416,0.023317041252370538,0.02342335790744362,0.060000000000002274,1.0,NORMAL,1.0,0,,0.0,0.0,0,,,,,0.0,0.0,0.0,0.0,0.0,0.0,0.0,0.0,1.0,0.0,0.0,0.0,1.0,0.0,0.0,0.0,2.780713507875153,2.0268185098620717,0.8057636887228097,2.6367790564374083,2.780713507875153,2.0625186907243607,2.7727724195454395,1.0,,,,,,,,
51.76,baseline,baseline,arm,1,0.39846986239265553,0.035261599252293663,0.18083335885621435,0.8059950541097396,0.0,0.386877625972675,0.9812507322315801,0.6158516448628262,2.7899750571768207,0.009012917785546274,-0.015080649170258016,0.012540740662878639,0.021585384934695927,0.02278003137907994,0.0799999999999983,1.0,NORMAL,1.0,0,,0.0,0.0,0,,,,,0.0,0.0,0.0,0.0,0.0,0.0,0.0,0.0,1.0,0.0,0.0,0.0,1.0,0.0,0.0,0.0,2.790445975739434,2.024337079474629,0.8054188733769113,2.6473861824885723,2.790445975739434,2.066897027769887,2.780713507875153,1.0,,,,,,,,
51.819,baseline,baseline,arm,1,0.39906244287513221,0.034284584701451799,0.18164662628935618,0.8066596526623404,0.0,0.38719663327792336,0.9895296147777684,0.6144009652821558,2.797786866000188,0.010043736991130578,-0.01655956865833737,0.013784193782065574,0.023771831337083164,0.023127138051610246,0.0589999999999975,1.0,NORMAL,1.0,0,,0.0,0.0,0,,,,,0.0,0.0,0.0,0.0,0.0,0.0,0.0,0.0,1.0,0.0,0.0,0.0,1.0,0.0,0.0,0.0,2.7982310136234942,2.021605093383645,0.8050540180526583,2.655939349527717,2.7982310136234942,2.0702073686468787,2.790445975739434,1.0,,,,,,,,
51.941,baseline,baseline,arm,1,0.4001271251830763,0.032527038225541427,0.18310898676835799,0.8078439389043499,0.0,0.38776509067408793,1.0042169313051068,0.6117847588254031,2.8116107197089475,0.01064682307944083,-0.017575464759103473,0.014623604790017855,0.02522105509763688,0.023860002870719654,0.10000000000000142,1.0,NORMAL,1.0,0,,0.0,0.0,0,,,,,0.0,0.0,0.0,0.0,0.0,0.0,0.0,0.0,1.0,0.0,0.0,0.0,1.0,0.0,0.0,0.0,2.812011125361863,2.0155933040103973,0.8042834768170198,2.6712538922110793,2.812011125361863,2.0757854496000903,2.7982310136234942,1.0,,,,,,,,
51.982,baseline,baseline,arm,1,0.4007771857177797,0.031440286387620135,0.18401270662949376,0.8085623084014288,0.0,0.38810990803268586,1.0131216614499277,0.610163111947827,2.8199569898318693,0.010656730077104937,-0.017815603900349062,0.01481507969075036,0.025503886459002468,0.024435321117259653,0.06099999999999994,1.0,NORMAL,1.0,0,,0.0,0.0,0,,,,,0.0,0.0,0.0,0.0,0.0,0.0,0.0,0.0,1.0,0.0,0.0,0.0,1.0,0.0,0.0,0.0,2.820381839413093,2.01279986999468,0.8039355901592733,2.680679330660964,2.820381839413093,2.0794491575570024,2.812011125361863,1.0,,,,,,,,
52.101,baseline,baseline,arm,1,0.40107372901369692,0.030947615961848952,0.18442253911502174,0.8088879878497537,0.0,0.38826623416788175,1.0171341541627754,0.6094264958542278,2.823714872034639,0.0029072872148745723,-0.004830102213442785,0.004017965544391787,0.0069228789862309185,0.018305966362222884,0.10200000000000387,1.0,NORMAL,1.0,0,,0.0,0.0,0,,,,,0.0,0.0,0.0,0.0,0.0,0.0,0.0,0.0,1.0,0.0,0.0,0.0,1.0,0.0,0.0,0.0,2.823965661149922,2.0110026342220664,0.8037216600586675,2.684764191701755,2.823965661149922,2.0808635367831028,2.820381839413093,1.0,,,,,,,,
52.201,baseline,baseline,arm,1,0.4021823335486116,0.029108280053649162,0.18595283103310636,0.8100961399296277,0.0,0.3888461471662213,1.031926242427594,0.6066694532819704,2.8375379828054133,0.011086045349147441,-0.01839335908199895,0.015302919180847122,0.026370350685158618,0.021128500427869495,0.09999999999999432,1.0,NORMAL,1.0,0,,0.0,0.0,0,,,,,0.0,0.0,0.0,0.0,0.0,0.0,0.0,0.0,1.0,0.0,0.0,0.0,1.0,0.0,0.0,0.0,2.8378288680350154,2.00589093368214,0.8031253719430334,2.7006320703381927,2.8378288680350154,2.0868693109995955,2.823965661149922,1.0,,,,,,,,
52.281,baseline,baseline,arm,1,0.40282600800852097,0.028043743521252645,0.18683860432020236,0.8107906504180986,0.0,0.3891795122006873,1.040352046268418,0.6050689479876051,2.8453911568748085,0.008359408570251001,-0.01382514977138239,0.011503549183064045,0.019832955444227515,0.020675054909221956,0.07700000000000529,1.0,NORMAL,1.0,0,,0.0,0.0,0,,,,,0.0,0.0,0.0,0.0,0.0,0.0,0.0,0.0,1.0,0.0,0.0,0.0,1.0,0.0,0.0,0.0,2.8456668120385133,2.0026524616028136,0.8027649814997487,2.7097252336384643,2.8456668120385133,2.0902023721948852,2.8378288680350154,1.0,,,,,,,,
52.382,baseline,baseline,arm,1,0.40380911643953715,0.026416082479382152,0.18819239449960562,0.8118422596144695,0.0,0.38968428461494536,1.0530117400904433,0.6026163199497465,2.8571546042696045,0.010031718683838651,-0.016608786141535808,0.01381418550411508,0.02381845666681728,0.021775244536803736,0.09799999999999898,1.0,NORMAL,1.0,0,,0.0,0.0,0,,,,,0.0,0.0,0.0,0.0,0.0,0.0,0.0,0.0,1.0,0.0,0.0,0.0,1.0,0.0,0.0,0.0,2.8574636422119855,1.9979415382368169,0.8022591134899748,2.7235772975274615,2.8574636422119855,2.0953103978665597,2.8456668120385133,1.0,,,,,,,,
52.441,baseline,baseline,arm,2,0.4044795710451683,0.025307108088633536,0.18911461197337354,0.8125528281645109,0.0,0.3900253575189652,1.0614855589502046,0.6009411658441762,2.865004910477857,0.008176275678428503,-0.013524077935958612,0.011246554558145225,0.019396833695654585,0.020942799352656333,0.08200000000000074,1.0,NORMAL,1.0,0,,0.0,0.0,0,,,,,0.0,0.0,0.0,0.0,0.0,0.0,0.0,0.0,1.0,0.0,0.0,0.0,1.0,0.0,0.0,0.0,2.8653032972100716,1.995474008547374,0.8020036751339832,2.7329097795280295,2.8653032972100716,2.0989226901048648,2.8574636422119855,1.0,,,,,,,,
52.502,baseline,baseline,arm,3,0.40481136828381831,0.024754087768220315,0.18957438574366481,0.8129029348863164,0.0,0.39019340874543185,1.0656495329274775,0.6001047035012703,2.8688505800604958,0.007540846332955326,-0.012568643645755911,0.010449403870256908,0.018000700201797327,0.01991305257651697,0.04399999999999693,1.0,NORMAL,1.0,0,,0.0,0.0,0,,,,,0.0,0.0,0.0,0.0,0.0,0.0,0.0,0.0,1.0,0.0,0.0,0.0,1.0,0.0,0.0,0.0,2.8692394990543315,1.99298152189108,0.8017478993819802,2.7376209365622572,2.8692394990543315,2.100397464222412,2.8574636422119855,1.0,,,,,,,,
52.602,baseline,baseline,arm,3,0.40522125586728408,0.024072639603730375,0.19014085964406435,0.8133334657974629,0.0,0.3904000635827822,1.0707410187699247,0.5990729371845362,2.873547485334706,0.004058292905601753,-0.006747011529603429,0.005608652479203461,0.0096668965299487,0.016326897375164386,0.10099999999999909,1.0,NORMAL,1.0,0,,0.0,0.0,0,,,,,0.0,0.0,0.0,0.0,0.0,0.0,0.0,0.0,1.0,0.0,0.0,0.0,1.0,0.0,0.0,0.0,2.8737908048332947,1.9906686956916382,0.8015213390604216,2.7431514027071904,2.8737908048332947,2.102283060573136,2.8692394990543315,1.0,,,,,,,,
52.702,baseline,baseline,arm,3,0.40633164984658671,0.022169874007552631,0.19165630359153463,0.814494693970595,0.0,0.3909574531058856,1.0843331473767042,0.5963063934960319,2.8860916879492167,0.011216100801036204,-0.019219854506845165,0.01530751462091128,0.027009696931152596,0.0200648794334329,0.09900000000000375,1.0,NORMAL,1.0,0,,0.0,0.0,0,,,,,0.0,0.0,0.0,0.0,0.0,0.0,0.0,0.0,1.0,0.0,0.0,0.0,1.0,0.0,0.0,0.0,2.886411834319091,1.9862962404641005,0.8010062281898899,2.758486156337766,2.886411834319091,2.1080501148277118,2.8737908048332947,1.0,,,,,,,,
52.78,baseline,baseline,arm,3,0.40741823553083523,0.020448579166110006,0.19315432037700561,0.8156046822498817,0.0,0.3914902474799432,1.0970518365696762,0.5935627848046117,2.8977095511041124,0.010758274101470592,-0.017042523182600407,0.014831849361098992,0.025023425295953746,0.021797652207781553,0.10099999999999909,1.0,NORMAL,1.0,0,,0.0,0.0,0,,,,,0.0,0.0,0.0,0.0,0.0,0.0,0.0,0.0,1.0,0.0,0.0,0.0,1.0,0.0,0.0,0.0,2.8980358974686657,1.9808417519316555,0.8006131488107053,2.7730556654619103,2.8980358974686657,2.1131366159182345,2.886411834319091,1.0,,,,,,,,
52.9,baseline,baseline,arm,3,0.40850512471163969,0.018658619583375419,0.19464255153255688,0.8167070096984566,0.0,0.3920193646552591,1.1095007007870055,0.5908285919106765,2.9090556670513976,0.01097867859398484,-0.0180803998256025,0.01503263793486185,0.025950191614019257,0.023251019007139086,0.09899999999999665,1.0,NORMAL,1.0,0,,0.0,0.0,0,,,,,0.0,0.0,0.0,0.0,0.0,0.0,0.0,0.0,1.0,0.0,0.0,0.0,1.0,0.0,0.0,0.0,2.9094165284357025,1.974314246770165,0.8000601868139989,2.7875130063382034,2.9094165284357025,2.1178259920895175,2.8980358974686657,1.0,,,,,,,,
53.003,baseline,baseline,arm,3,0.40954251843096146,0.016934653609364046,0.19607267869343492,0.8177471295381435,0.0,0.3925186221783089,1.121071134212011,0.5881933762629109,2.9195302621913743,0.010373937193217516,-0.01723965974011348,0.01430127160878016,0.024685032114052693,0.023752879762878407,0.10000000000000142,1.0,NORMAL,1.0,0,,0.0,0.0,0,,,,,0.0,0.0,0.0,0.0,0.0,0.0,0.0,0.0,1.0,0.0,0.0,0.0,1.0,0.0,0.0,0.0,2.9199029137737207,1.9692871758143689,0.7996556177404979,2.8011335697343487,2.9199029137737207,2.122494819265734,2.9094165284357025,1.0,,,,,,,,
53.06,baseline,baseline,arm,3,0.41020445097302682,0.015844377559470105,0.19697649337853074,0.8184033987602582,0.0,0.39283363140492394,1.128230292045388,0.5865241338130585,2.9259914560236284,0.00848631464186338,-0.013977898075562814,0.01158736775763823,0.020041613267456324,0.022453919931330044,0.07800000000000296,1.0,NORMAL,1.0,0,,0.0,0.0,0,,,,,0.0,0.0,0.0,0.0,0.0,0.0,0.0,0.0,1.0,0.0,0.0,0.0,1.0,0.0,0.0,0.0,2.9263796416971104,1.966787136688404,0.7994655963430497,2.809669200304865,2.9263796416971104,2.1255753937583575,2.9199029137737207,1.0,,,,,,,,
53.1,baseline,baseline,arm,3,0.41036913987637336,0.015571341812335965,0.19720279820691336,0.8185659767456285,0.0,0.39291166883790163,1.1299942941408463,0.5861057175625944,2.927577657286971,0.008667837018239312,-0.01437030248074549,0.011910780441191718,0.020579205103238435,0.02179776018880124,0.01899999999999835,1.0,NORMAL,1.0,0,,0.0,0.0,0,,,,,0.0,0.0,0.0,0.0,0.0,0.0,0.0,0.0,1.0,0.0,0.0,0.0,1.0,0.0,0.0,0.0,2.9278246465190043,1.9651054452561798,0.799338742684011,2.8116408889291105,2.9278246465190043,2.1259774308470765,2.9199029137737207,1.0,,,,,,,,
53.22,baseline,baseline,arm,3,0.41065657962090318,0.015093078957114378,0.19759916909459724,0.8188490503513927,0.0,0.39304754416866844,1.1330561807033643,0.5853724285406225,2.9303252037640477,0.0020385797484385156,-0.0033919351434155485,0.002811141047403424,0.004854229639837563,0.015867519831848337,0.14099999999999824,1.0,NORMAL,1.0,0,,0.0,0.0,0,,,,,0.0,0.0,0.0,0.0,0.0,0.0,0.0,0.0,1.0,0.0,0.0,0.0,1.0,0.0,0.0,0.0,2.9304595720207884,1.9644682569764687,0.7992911371530033,2.815208945516689,2.9304595720207884,2.1273569779167376,2.9199029137737207,1.0,,,,,,,,
53.363,baseline,baseline,arm,3,0.41065657962090196,0.015093078957120009,0.19759916909459277,0.8188490503513912,0.0,0.3930475441686678,1.1330561807033406,0.5853724285406309,2.9303252037640304,-1.0177044392396882e-14,4.692427002517085e-14,-3.723873061763405e-14,6.076333111320247e-14,0.010313887890680912,0.12000000000000455,1.0,NORMAL,1.0,0,,0.0,0.0,0,,,,,0.0,0.0,0.0,0.0,0.0,0.0,0.0,0.0,1.0,0.0,0.0,0.0,1.0,0.0,0.0,0.0,2.9303819743525032,1.9644664449464404,0.799291137153008,2.815131347848391,2.9303819743525032,2.127317726075086,2.9199029137737207,1.0,,,,,,,,
53.5,baseline,baseline,arm,3,0.41065657962090185,0.015093078957120722,0.19759916909459249,0.8188490503513911,0.0,0.3930475441686677,1.1330561807033381,0.5853724285406312,2.930325203764028,-7.818472004402736e-16,5.020924990327382e-15,-1.954618001100684e-15,5.444401191458722e-15,0.006704027128940855,0.1419999999999959,1.0,NORMAL,1.0,0,,0.0,0.0,0,,,,,0.0,0.0,0.0,0.0,0.0,0.0,0.0,0.0,1.0,0.0,0.0,0.0,1.0,0.0,0.0,0.0,2.930349189337658,1.9644656793637392,0.799291137153008,2.8150985628335454,2.930349189337658,2.1273011421719876,2.9199029137737207,1.0,,,,,,,,
53.619,baseline,baseline,arm,3,0.41065657962090185,0.015093078957120722,0.19759916909459249,0.8188490503513911,0.0,0.3930475441686677,1.1330561807033381,0.5853724285406312,2.930325203764028,0.0,0.0,0.0,0.0,0.004357617633811556,0.13700000000000045,1.0,NORMAL,1.0,0,,0.0,0.0,0,,,,,0.0,0.0,0.0,0.0,0.0,0.0,0.0,0.0,1.0,0.0,0.0,0.0,1.0,0.0,0.0,0.0,2.930335337668887,1.9644653559050504,0.799291137153008,2.8150847111647743,2.930335337668887,2.12729413547293,2.9199029137737207,1.0,,,,,,,,
53.74,baseline,baseline,arm,3,0.41065657962090174,0.015093078957120844,0.19759916909459246,0.818849050351391,0.0,0.39304754416866766,1.1330561807033375,0.5853724285406312,2.9303252037640277,-9.25185853854317e-16,1.011922027653159e-15,-2.3129646346357923e-16,1.3904866443920204e-15,0.002832451461977081,0.11999999999999744,1.0,NORMAL,1.0,0,,0.0,0.0,0,,,,,0.0,0.0,0.0,0.0,0.0,0.0,0.0,0.0,1.0,0.0,0.0,0.0,1.0,0.0,0.0,0.0,2.93032948533883,1.9644652192437535,0.799291137153008,2.8150788588347178,2.93032948533883,2.1272911751425774,2.9199029137737207,1.0,,,,,,,,
53.879,baseline,baseline,arm,3,0.41065657962090174,0.015093078957120845,0.19759916909459285,0.818849050351391,0.0,0.39304754416866766,1.1330561807033384,0.5853724285406305,2.9303252037640277,0.0,1.421904488505498e-17,3.185066054252316e-15,3.185097793033655e-15,0.0018410934502857447,0.12200000000000699,1.0,NORMAL,1.0,0,,0.0,0.0,0,,,,,0.0,0.0,0.0,0.0,0.0,0.0,0.0,0.0,1.0,0.0,0.0,0.0,1.0,0.0,0.0,0.0,2.9303270127293817,1.9644651615043593,0.7992911371530088,2.8150763862252703,2.9303270127293817,2.127289924403005,2.9199029137737207,1.0,,,,,,,,
54.0,baseline,baseline,arm,3,0.41065657962090174,0.015093078957120741,0.19759916909459213,0.818849050351391,0.0,0.39304754416866766,1.1330561807033368,0.5853724285406321,2.9303252037640277,0.0,-6.715058616684673e-16,-4.655773974234707e-15,4.703950618513798e-15,0.0011967107426849543,0.15499999999999403,1.0,NORMAL,1.0,0,,0.0,0.0,0,,,,,0.0,0.0,0.0,0.0,0.0,0.0,0.0,0.0,1.0,0.0,0.0,0.0,1.0,0.0,0.0,0.0,2.930325968051889,1.9644651371094626,0.7992911371530084,2.815075341547776,2.930325968051889,2.127289395965534,2.9199029137737207,1.0,,,,,,,,
54.14,baseline,baseline,arm,3,0.41065657962090174,0.015093078957120844,0.19759916909459246,0.818849050351391,0.0,0.39304754416866766,1.1330561807033375,0.5853724285406312,2.9303252037640277,0.0,9.841219719483886e-16,3.202566417187976e-15,3.3503623255062746e-15,0.0007778619827456293,0.1039999999999992,1.0,NORMAL,1.0,0,,0.0,0.0,0,,,,,0.0,0.0,0.0,0.0,0.0,0.0,0.0,0.0,1.0,0.0,0.0,0.0,1.0,0.0,0.0,0.0,2.9303255266756487,1.9644651268026165,0.799291137153008,2.815074900171537,2.9303255266756487,2.127289172700703,2.9199029137737207,1.0,,,,,,,,
54.3,baseline,baseline,arm,3,0.4106565796209018,0.01509307895712074,0.19759916909459174,0.8188490503513911,0.0,0.3930475441686677,1.1330561807033361,0.5853724285406326,2.9303252037640277,3.4694469519535343e-16,-6.505213034912877e-16,-4.510281037539594e-15,4.5701404382589205e-15,0.0005056102887839546,0.1600000000000037,1.0,NORMAL,1.0,0,,0.0,0.0,0,,,,,0.0,0.0,0.0,0.0,0.0,0.0,0.0,0.0,1.0,0.0,0.0,0.0,1.0,0.0,0.0,0.0,2.9303253401941878,1.9644651224479777,0.7992911371530084,2.815074713690073,2.9303253401941878,2.1272890783713114,2.9199029137737207,1.0,,,,,,,,
54.42,baseline,baseline,arm,3,0.41065657962090185,0.015093078957120826,0.19759916909459249,0.8188490503513911,0.0,0.3930475441686677,1.1330561807033381,0.5853724285406312,2.930325203764028,3.5357421166407055e-16,5.524597057251102e-16,4.773251857464952e-15,4.8181074857662066e-15,0.0003286466877104556,0.15699999999999648,1.0,NORMAL,1.0,0,,0.0,0.0,0,,,,,0.0,0.0,0.0,0.0,0.0,0.0,0.0,0.0,1.0,0.0,0.0,0.0,1.0,0.0,0.0,0.0,2.9303252614057707,1.9644651206081392,0.799291137153008,2.8150746349016584,2.9303252614057707,2.1272890385171443,2.9199029137737207,1.0,,,,,,,,
54.561,baseline,baseline,arm,3,0.41065657962090152,0.015093078957120113,0.19759916909459183,0.8188490503513909,0.0,0.3930475441686676,1.1330561807033357,0.5853724285406324,2.9303252037640264,-3.2336592950246794e-15,-6.922051928412205e-15,-6.467318590049359e-15,1.0009873379875124e-14,0.00021362034701169746,0.10300000000000153,1.0,NORMAL,1.0,0,,0.0,0.0,0,,,,,0.0,0.0,0.0,0.0,0.0,0.0,0.0,0.0,1.0,0.0,0.0,0.0,1.0,0.0,0.0,0.0,2.930325228117663,1.964465119830808,0.799291137153008,2.815074601613549,2.930325228117663,2.1272890216787568,2.9199029137737207,1.0,,,,,,,,
54.619,baseline,baseline,arm,4,0.41065657962090207,0.015093078957120715,0.19759916909459319,0.8188490503513913,0.0,0.39304754416866783,1.133056180703341,0.58537242854063,2.93032520376403,8.811293846231067e-15,9.554746764506813e-15,2.1587669923266114e-14,2.5198404268809783e-14,0.00013885322556094832,0.06300000000000239,1.0,NORMAL,1.0,0,,0.0,0.0,0,,,,,0.0,0.0,0.0,0.0,0.0,0.0,0.0,0.0,1.0,0.0,0.0,0.0,1.0,0.0,0.0,0.0,2.9303252140534415,1.9644651195023832,0.7992911371530084,2.815074587549331,2.9303252140534415,2.127289014564541,2.9199029137737207,1.0,,,,,,,,
54.639,baseline,baseline,arm,4,0.41065657962090218,0.015093078957120833,0.1975991690945931,0.8188490503513913,0.0,0.39304754416866783,1.133056180703341,0.5853724285406302,2.93032520376403,3.1720657846436134e-15,3.3703198961838395e-15,-2.37904933848271e-15,5.203934405779378e-15,9.025459661377955e-05,0.03499999999999659,1.0,NORMAL,1.0,0,,0.0,0.0,0,,,,,0.0,0.0,0.0,0.0,0.0,0.0,0.0,0.0,1.0,0.0,0.0,0.0,1.0,0.0,0.0,0.0,2.9303252081113067,1.9644651193636264,0.799291137153008,2.815074581607196,2.9303252081113067,2.1272890115587844,2.9303252140534415,1.0,,,,,,,,
54.7,baseline,baseline,arm,4,0.41065657962090218,0.015093078957120729,0.1975991690945931,0.8188490503513913,0.0,0.39304754416866783,1.1330561807033412,0.5853724285406302,2.930325203764031,0.0,-2.6020852139652663e-15,0.0,2.6020852139652663e-15,5.8665487799591954e-05,0.03999999999999915,1.0,NORMAL,1.0,0,,0.0,0.0,0,,,,,0.0,0.0,0.0,0.0,0.0,0.0,0.0,0.0,1.0,0.0,0.0,0.0,1.0,0.0,0.0,0.0,2.930325205600755,1.9644651193050024,0.799291137153008,2.8150745790966436,2.930325205600755,2.127289010288852,2.9303252081113067,1.0,,,,,,,,
54.762,baseline,baseline,arm,4,0.41065657962090218,0.015093078957120839,0.1975991690945928,0.8188490503513913,0.0,0.39304754416866783,1.1330561807033404,0.5853724285406309,2.93032520376403,0.0,1.791599655517032e-15,-5.0051037995396446e-15,5.3160975696289595e-15,3.813256706828262e-05,0.06099999999999994,1.0,NORMAL,1.0,0,,0.0,0.0,0,,,,,0.0,0.0,0.0,0.0,0.0,0.0,0.0,0.0,1.0,0.0,0.0,0.0,1.0,0.0,0.0,0.0,2.9303252045400465,1.9644651192802334,0.799291137153008,2.8150745780359347,2.9303252045400465,2.127289009752306,2.930325205600755,1.0,,,,,,,,
54.82,baseline,baseline,arm,4,0.41065657962090191,0.01509307895712074,0.19759916909459208,0.8188490503513911,0.0,0.3930475441686677,1.1330561807033375,0.5853724285406321,2.9303252037640286,-4.785444071659585e-15,-1.7048144505287273e-15,-1.2442154586314922e-14,1.3439273716368413e-14,2.478616859157085e-05,0.058000000000006935,1.0,NORMAL,1.0,0,,0.0,0.0,0,,,,,0.0,0.0,0.0,0.0,0.0,0.0,0.0,0.0,1.0,0.0,0.0,0.0,1.0,0.0,0.0,0.0,2.9303252040918952,1.9644651192697684,0.799291137153008,2.8150745775877812,2.9303252040918952,2.1272890095256134,2.9303252045400465,1.0,,,,,,,,
54.859,baseline,baseline,arm,4,0.41065657962090185,0.015093078957120826,0.19759916909459249,0.8188490503513911,0.0,0.3930475441686677,1.1330561807033381,0.5853724285406312,2.930325203764028,-9.251858538543715e-16,1.4456028966474557e-15,6.938893903907787e-15,7.14800568051372e-15,1.6111009585438385e-05,0.05999999999999517,1.0,NORMAL,1.0,0,,0.0,0.0,0,,,,,0.0,0.0,0.0,0.0,0.0,0.0,0.0,0.0,1.0,0.0,0.0,0.0,1.0,0.0,0.0,0.0,2.9303252039025516,1.964465119265347,0.799291137153008,2.81507457739844,2.9303252039025516,2.1272890094298367,2.9303252040918952,1.0,,,,,,,,
54.9,baseline,baseline,arm,4,0.41065657962090191,0.015093078957120722,0.1975991690945918,0.8188490503513911,0.0,0.3930475441686677,1.133056180703337,0.5853724285406324,2.930325203764028,1.3877787807814753e-15,-2.6020852139652663e-15,-1.734723475976844e-14,1.759611693572313e-14,1.0472156227857988e-05,0.03999999999999915,1.0,NORMAL,1.0,0,,0.0,0.0,0,,,,,0.0,0.0,0.0,0.0,0.0,0.0,0.0,0.0,1.0,0.0,0.0,0.0,1.0,0.0,0.0,0.0,2.9303252038225547,1.9644651192634792,0.7992911371530084,2.81507457731844,2.9303252038225547,2.1272890093893704,2.9303252039025516,1.0,,,,,,,,
54.959,baseline,baseline,arm,4,0.41065657962090174,0.015093078957120844,0.19759916909459246,0.818849050351391,0.0,0.39304754416866766,1.1330561807033375,0.5853724285406312,2.9303252037640277,-3.96508223080398e-15,2.891205793294569e-15,1.586032892321592e-14,1.6602137861998888e-14,6.806901550032131e-06,0.04200000000000159,1.0,NORMAL,1.0,0,,0.0,0.0,0,,,,,0.0,0.0,0.0,0.0,0.0,0.0,0.0,0.0,1.0,0.0,0.0,0.0,1.0,0.0,0.0,0.0,2.9303252037887546,1.964465119262688,0.799291137153008,2.8150745772846424,2.9303252037887546,2.1272890093722734,2.9303252038225547,1.0,,,,,,,,
55.02,baseline,baseline,arm,4,0.41065657962090185,0.015093078957120108,0.19759916909459177,0.8188490503513911,0.0,0.3930475441686677,1.1330561807033375,0.5853724285406326,2.930325203764029,1.8200377452871437e-15,-1.2057750062527326e-14,-1.1375235908044648e-14,1.6676266546452057e-14,4.424486008426967e-06,0.06099999999999994,1.0,NORMAL,1.0,0,,0.0,0.0,0,,,,,0.0,0.0,0.0,0.0,0.0,0.0,0.0,0.0,1.0,0.0,0.0,0.0,1.0,0.0,0.0,0.0,2.9303252037744763,1.9644651192623588,0.7992911371530084,2.815074577270361,2.9303252037744763,2.127289009365051,2.9303252037887546,1.0,,,,,,,,
55.08,baseline,baseline,arm,4,0.4106565796209023,0.015093078957120712,0.19759916909459313,0.8188490503513914,0.0,0.3930475441686679,1.133056180703342,0.58537242854063,2.9303252037640313,5.69345140833392e-15,7.739535508203923e-15,1.743619493802263e-14,1.9908206668068695e-14,2.875915907963684e-06,0.07800000000000296,1.0,NORMAL,1.0,0,,0.0,0.0,0,,,,,0.0,0.0,0.0,0.0,0.0,0.0,0.0,0.0,1.0,0.0,0.0,0.0,1.0,0.0,0.0,0.0,2.9303252037684455,1.9644651192622138,0.799291137153008,2.8150745772643346,2.9303252037684455,2.1272890093620003,2.9303252037744763,1.0,,,,,,,,
55.201,baseline,baseline,arm,4,0.40901197575338333,0.014865121264115447,0.19915558115573798,0.8174071955924503,0.0,0.39235545388437615,1.1281208466343564,0.5824877549210236,2.9203712510322064,-0.01644603867519061,-0.002279576930052781,0.015564120611449347,0.022757647275007068,0.007965478154628405,0.09999999999999432,1.0,NORMAL,1.0,0,,0.0,0.0,0,,,,,0.0,0.0,0.0,0.0,0.0,0.0,0.0,0.0,1.0,0.0,0.0,0.0,1.0,0.0,0.0,0.0,2.9203712510322064,1.9428893729994043,0.7946498533575135,2.8119935927702167,2.9203712510322064,2.1174760175398353,2.9303252037684455,1.0,,,,,,,,
55.24,baseline,baseline,arm,4,0.40838625422983638,0.014778995814248158,0.19974325843473958,0.8168574963307851,0.0,0.3920915982387768,1.1261351082058038,0.5813963867393768,2.9164805895147423,-0.010605449551642419,-0.0014597533875810496,0.009960631847484108,0.014622606708316456,0.010295452780007345,0.059000000000004604,1.0,NORMAL,1.0,0,,0.0,0.0,0,,,,,0.0,0.0,0.0,0.0,0.0,0.0,0.0,0.0,1.0,0.0,0.0,0.0,1.0,0.0,0.0,0.0,2.9164805895147423,1.9360741973960305,0.7931740269599089,2.8107221680898578,2.9164805895147423,2.114112745490135,2.9203712510322064,1.0,,,,,,,,
55.32,baseline,baseline,arm,4,0.40755544224596385,0.014665248663303751,0.20051904723590902,0.8161266721685485,0.0,0.3917408026409033,1.1234063089964808,0.5799539020935358,2.9112276858994686,-0.013619868588074208,-0.0018647073925312661,0.01271784919949896,0.01872756370373273,0.013246652031883495,0.06099999999999994,1.0,NORMAL,1.0,0,,0.0,0.0,0,,,,,0.0,0.0,0.0,0.0,0.0,0.0,0.0,0.0,1.0,0.0,0.0,0.0,1.0,0.0,0.0,0.0,2.911227685899468,1.926868709806806,0.7911748033356326,2.808946924874768,2.911227685899468,2.109554530979169,2.9164805895147423,1.0,,,,,,,,
55.42,baseline,baseline,arm,4,0.40574696153921486,0.014415406806176477,0.20222430438180192,0.8145323719984019,0.0,0.3909755385592329,1.117178923175524,0.5767762290826638,2.8994630628158227,-0.0188383406953027,-0.0026025193450758682,0.017763095269718317,0.026022754286487072,0.01771827515203423,0.09599999999999653,1.0,NORMAL,1.0,0,,0.0,0.0,0,,,,,0.0,0.0,0.0,0.0,0.0,0.0,0.0,0.0,1.0,0.0,0.0,0.0,1.0,0.0,0.0,0.0,2.8994630628158227,1.9079868408483474,0.7870523507186838,2.8048655126357245,2.8994630628158227,2.0998419417546446,2.911227685899468,1.0,,,,,,,,
55.521,baseline,baseline,arm,4,0.40437167604458379,0.014225413057291591,0.2035209921235564,0.8133166810431903,0.0,0.39039200690073134,1.1121462011988315,0.5743536799853058,2.890208569128059,-0.01273412495028713,-0.0017592013785636908,0.012006367979207712,0.017589928930840222,0.01767335143687606,0.10800000000000409,1.0,NORMAL,1.0,0,,0.0,0.0,0,,,,,0.0,0.0,0.0,0.0,0.0,0.0,0.0,0.0,1.0,0.0,0.0,0.0,1.0,0.0,0.0,0.0,2.890208569128059,1.8928410479402025,0.783721707176751,2.8015005990421216,2.890208569128059,2.0920679808217835,2.8994630628158227,1.0,,,,,,,,
55.58,baseline,baseline,arm,4,0.40340718904078821,0.0140923157602071,0.20442914046273344,0.812462428884918,0.0,0.38998196586476064,1.108462507725244,0.5726539112481015,2.883560813723024,-0.016920824627994255,-0.002335040299728117,0.015932427003107437,0.023358273684115406,0.019663074212914848,0.056999999999995055,1.0,NORMAL,1.0,0,,0.0,0.0,0,,,,,0.0,0.0,0.0,0.0,0.0,0.0,0.0,0.0,1.0,0.0,0.0,0.0,1.0,0.0,0.0,0.0,2.883560813723024,1.8826531598586653,0.781467413120025,2.7990004667871764,2.883560813723024,2.086670463372223,2.890208569128059,1.0,,,,,,,,
55.661,baseline,baseline,arm,4,0.40208358793596666,0.013910494835162766,0.20566929281317617,0.8112878193119855,0.0,0.389418153269753,1.1031944054786067,0.5703287013293314,2.8742290793896768,-0.016754444364829587,-0.0023015306967637,0.015698131018262215,0.023074656378564814,0.020857113463744716,0.07900000000000063,1.0,NORMAL,1.0,0,,0.0,0.0,0,,,,,0.0,0.0,0.0,0.0,0.0,0.0,0.0,0.0,1.0,0.0,0.0,0.0,1.0,0.0,0.0,0.0,2.8742290793896768,1.8683760550417814,0.77829008010866,2.7953644209021364,2.8742290793896768,2.0790649088605635,2.883560813723024,1.0,,,,,,,,
55.72,baseline,baseline,arm,4,0.40063040070573464,0.013710371124817803,0.20703452440369335,0.809995268717259,0.0,0.38879772898428433,1.0971502171872614,0.5677637353568187,2.863706950245623,-0.018164840377899057,-0.0025015463793118735,0.017065394881463664,0.02504888945048635,0.022324235003837713,0.0800000000000054,1.0,NORMAL,1.0,0,,0.0,0.0,0,,,,,0.0,0.0,0.0,0.0,0.0,0.0,0.0,0.0,1.0,0.0,0.0,0.0,1.0,0.0,0.0,0.0,2.8637069502456236,1.8570677464790957,0.775757689577175,2.7911380064312623,2.8637069502456236,2.071917598183289,2.8742290793896768,1.0,,,,,,,,
55.782,baseline,baseline,arm,4,0.39999348500622556,0.013622377875991569,0.20763486811598492,0.8094277988571479,0.0,0.38852534345143097,1.0944166827580037,0.5666341288253137,2.859003953891896,-0.016331171782286394,-0.0022562371493909327,0.015393428520298688,0.022555607273278728,0.022405209080068267,0.03899999999999437,1.0,NORMAL,1.0,0,,0.0,0.0,0,,,,,0.0,0.0,0.0,0.0,0.0,0.0,0.0,0.0,1.0,0.0,0.0,0.0,1.0,0.0,0.0,0.0,2.859003953891896,1.847234665990242,0.773545280107951,2.7892098358403974,2.859003953891896,2.0672484339576216,2.8637069502456236,1.0,,,,,,,,
55.86,baseline,baseline,arm,4,0.3984082719180167,0.013405042849493627,0.20911688896006134,0.8080127772416463,0.0,0.38784613307599025,1.0873663993313327,0.5638412508090962,2.8470665604580656,-0.01569517909117586,-0.002151831945524044,0.014673473703726035,0.021593514256827234,0.022121092477857977,0.1010000000000062,1.0,NORMAL,1.0,0,,0.0,0.0,0,,,,,0.0,0.0,0.0,0.0,0.0,0.0,0.0,0.0,1.0,0.0,0.0,0.0,1.0,0.0,0.0,0.0,2.8470665604580656,1.8343136449780282,0.7706176214625577,2.784152889772004,2.8470665604580656,2.059037679167664,2.859003953891896,1.0,,,,,,,,
55.962,baseline,baseline,arm,4,0.39728031241654338,0.013249536110881508,0.21017768884405208,0.8070037482310811,0.0,0.38736179915091895,1.0821615205876103,0.5618384991669845,2.8383655671365946,-0.013925425944115744,-0.0019198362791620596,0.013096294864083898,0.019212396993370424,0.02110304705540191,0.08099999999999596,1.0,NORMAL,1.0,0,,0.0,0.0,0,,,,,0.0,0.0,0.0,0.0,0.0,0.0,0.0,0.0,1.0,0.0,0.0,0.0,1.0,0.0,0.0,0.0,2.8383655671365946,1.819984204852819,0.7673508116258508,2.7803830269727943,2.8383655671365946,2.051520902647015,2.8470665604580656,1.0,,,,,,,,
56.019,baseline,baseline,arm,4,0.39641348272519,0.01313020592193043,0.2109914116047715,0.806227062425372,0.0,0.3869889899641786,1.0780493362488988,0.5603002055902979,2.8315655942287474,-0.014447161522555733,-0.0019888364825178884,0.013562046011989834,0.019914945107741028,0.020687211195534336,0.060000000000002274,1.0,NORMAL,1.0,0,,0.0,0.0,0,,,,,0.0,0.0,0.0,0.0,0.0,0.0,0.0,0.0,1.0,0.0,0.0,0.0,1.0,0.0,0.0,0.0,2.831565594228747,1.8112875356244955,0.765354628699096,2.7773724285363572,2.831565594228747,2.046395046772174,2.8383655671365946,1.0,,,,,,,,
56.121,baseline,baseline,arm,4,0.39494968025267962,0.012929968046310683,0.21235634505612055,0.8049129794677078,0.0,0.3863582301444997,1.0708803071355935,0.5577160653307093,2.81986758207851,-0.013940975928670683,-0.001907027386854795,0.012999366203324711,0.019156489370083716,0.02015143070259344,0.10499999999999687,1.0,NORMAL,1.0,0,,0.0,0.0,0,,,,,0.0,0.0,0.0,0.0,0.0,0.0,0.0,0.0,1.0,0.0,0.0,0.0,1.0,0.0,0.0,0.0,2.8198675820785106,1.796552067138364,0.7619485289018477,2.772046417799555,2.8198675820785106,2.0376036489795695,2.831565594228747,1.0,,,,,,,,
56.203,baseline,baseline,arm,4,0.39369317379722119,0.012757071394569913,0.21353551734878495,0.8037826106091619,0.0,0.3858156530923977,1.0645225191720025,0.5554798808392442,2.809600663712806,-0.01697981696565503,-0.0023364412397401894,0.01593476071168148,0.0234027720749584,0.021289398405136883,0.07399999999999807,1.0,NORMAL,1.0,0,,0.0,0.0,0,,,,,0.0,0.0,0.0,0.0,0.0,0.0,0.0,0.0,1.0,0.0,0.0,0.0,1.0,0.0,0.0,0.0,2.809600663712806,1.7841459224967047,0.7590601193374649,2.767279723450291,2.809600663712806,2.0300216072493167,2.8198675820785106,1.0,,,,,,,,
56.26,baseline,baseline,arm,4,0.39272869483871575,0.012624254183251747,0.21444118612486368,0.8029134439154931,0.0,0.3853984530794367,1.0595112492237992,0.5537600937669626,2.8015832399856917,-0.016074649308423266,-0.0022136201886360234,0.015094479601311552,0.02216162853137693,0.021594677269041292,0.060000000000002274,1.0,NORMAL,1.0,0,,0.0,0.0,0,,,,,0.0,0.0,0.0,0.0,0.0,0.0,0.0,0.0,1.0,0.0,0.0,0.0,1.0,0.0,0.0,0.0,2.8015832399856917,1.77474625529705,0.7568571166157237,2.763485682076861,2.8015832399856917,2.0241680734938314,2.809600663712806,1.0,,,,,,,,
56.362,baseline,baseline,arm,4,0.39122698811423706,0.012419295656822605,0.21583814280013555,0.8015574486774263,0.0,0.38474757536516463,1.051474670600879,0.5511036459130016,2.7888833405564717,-0.015017067244786695,-0.0020495852642913857,0.013969566752718512,0.02061217852747992,0.021250761538238114,0.10000000000000142,1.0,NORMAL,1.0,0,,0.0,0.0,0,,,,,0.0,0.0,0.0,0.0,0.0,0.0,0.0,0.0,1.0,0.0,0.0,0.0,1.0,0.0,0.0,0.0,2.7888833405564717,1.7609837432397328,0.7536057577466992,2.7573074283324135,2.7888833405564717,2.015195067468829,2.8015832399856917,1.0,,,,,,,,
56.44,baseline,baseline,arm,4,0.38977491677748899,0.012219570958976968,0.21720012442315759,0.8002433541130975,0.0,0.3841168099742868,1.0434581313071931,0.5485094866951415,2.776327782089719,-0.014520713367480525,-0.0019972469784563444,0.013619816230220155,0.020008485858216483,0.02081596068737837,0.10000000000000142,1.0,NORMAL,1.0,0,,0.0,0.0,0,,,,,0.0,0.0,0.0,0.0,0.0,0.0,0.0,0.0,1.0,0.0,0.0,0.0,1.0,0.0,0.0,0.0,2.776327782089719,1.7495692164784267,0.7508901241024165,2.7510881990826657,2.776327782089719,2.006968830438307,2.7888833405564717,1.0,,,,,,,,
56.46,baseline,baseline,arm,4,0.38948724482438968,0.012179964403507954,0.21747014677924195,0.7999826713078617,0.0,0.38399168222777363,1.0418407483664094,0.5479946969192001,2.7738097988212447,-0.00737620392562308,-0.00101555270433365,0.006923650156009099,0.01016743149130898,0.017088973165948016,0.03900000000000148,1.0,NORMAL,1.0,0,,0.0,0.0,0,,,,,0.0,0.0,0.0,0.0,0.0,0.0,0.0,0.0,1.0,0.0,0.0,0.0,1.0,0.0,0.0,0.0,2.773809798821245,1.7468428218699843,0.7502387222569216,2.749824439541904,2.773809798821245,2.005178945622514,2.776327782089719,1.0,,,,,,,,
56.52,baseline,baseline,arm,4,0.38862698945471841,0.012061942851937504,0.21827462872687572,0.7992024222774928,0.0,0.38361716269319657,1.036945372662363,0.5464600586952132,2.766225016328266,-0.02098183828466675,-0.002878574428547789,0.019621510917898422,0.028870874930382758,0.021212636912412184,0.04099999999999682,1.0,NORMAL,1.0,0,,0.0,0.0,0,,,,,0.0,0.0,0.0,0.0,0.0,0.0,0.0,0.0,1.0,0.0,0.0,0.0,1.0,0.0,0.0,0.0,2.766225016328266,1.7387450938914242,0.7482960590139428,2.7459747528784133,2.766225016328266,1.9998102305280114,2.773809798821245,1.0,,,,,,,,
56.56,baseline,baseline,arm,4,0.38797491874737844,0.011972120036163122,0.21888713101448923,0.7986103335203872,0.0,0.38333296008978585,1.033179540596822,0.5452907391101677,2.760413573317163,-0.01630176768349957,-0.002245570394359595,0.01531255719033791,0.022478092083408334,0.021655538393570154,0.03999999999999915,1.0,NORMAL,1.0,0,,0.0,0.0,0,,,,,0.0,0.0,0.0,0.0,0.0,0.0,0.0,0.0,1.0,0.0,0.0,0.0,1.0,0.0,0.0,0.0,2.760413573317163,1.732632004320036,0.7468235947987198,2.742999693063145,2.760413573317163,1.995717216374766,2.766225016328266,1.0,,,,,,,,
56.62,baseline,baseline,arm,4,0.38700737699943627,0.01183914366697067,0.21979365270954893,0.7977307036391963,0.0,0.3829107377468142,1.0275020098486052,0.5435587136365517,2.7517021648711673,-0.016125695799035538,-0.0022162728198741257,0.015108694917661055,0.02220861527268421,0.021849115250824433,0.060000000000002274,1.0,NORMAL,1.0,0,,0.0,0.0,0,,,,,0.0,0.0,0.0,0.0,0.0,0.0,0.0,0.0,1.0,0.0,0.0,0.0,1.0,0.0,0.0,0.0,2.7517021648711673,1.7236364363421255,0.7446450039511433,2.738479292992702,2.7517021648711673,1.9896157245392847,2.760413573317163,1.0,,,,,,,,
56.68,baseline,baseline,arm,4,0.38604003867129572,0.011706039810613498,0.22070097817176865,0.7968499871671363,0.0,0.3824879938402254,1.0217215581682015,0.5418235275739555,2.7428830667495188,-0.01585800537935337,-0.0021820304320847835,0.014874187905241348,0.021851294178116144,0.02184987735547352,0.06099999999999994,1.0,NORMAL,1.0,0,,0.0,0.0,0,,,,,0.0,0.0,0.0,0.0,0.0,0.0,0.0,0.0,1.0,0.0,0.0,0.0,1.0,0.0,0.0,0.0,2.7428830667495188,1.7147127227783518,0.7424709433467649,2.7338418150640904,2.7428830667495188,1.9834771369846815,2.7517021648711673,1.0,,,,,,,,
56.741,baseline,baseline,arm,4,0.38539756028041122,0.01161790789840955,0.22130158429775446,0.7962643249126705,0.0,0.38220687595808184,1.0178249199132372,0.5406740478762758,2.7369701686602657,-0.016061959772112677,-0.002203297805098741,0.015015153149645537,0.022097418334417012,0.021936511989489874,0.03999999999999915,1.0,NORMAL,1.0,0,,0.0,0.0,0,,,,,0.0,0.0,0.0,0.0,0.0,0.0,0.0,0.0,1.0,0.0,0.0,0.0,1.0,0.0,0.0,0.0,2.736970168660265,1.705914782896544,0.7403127596623055,2.730691139178711,2.736970168660265,1.9784722125994563,2.7428830667495188,1.0,,,,,,,,
56.819,baseline,baseline,arm,4,0.38408155582849485,0.011438110156049919,0.22252681728754609,0.7950629229821806,0.0,0.3816302030314467,1.0097037869296004,0.5383270377676067,2.7247239507108345,-0.016450055648955037,-0.0022474717794954352,0.015315412372395705,0.022587990534571185,0.022164507778123035,0.0799999999999983,1.0,NORMAL,1.0,0,,0.0,0.0,0,,,,,0.0,0.0,0.0,0.0,0.0,0.0,0.0,0.0,1.0,0.0,0.0,0.0,1.0,0.0,0.0,0.0,2.7247239507108345,1.6936894286997943,0.737290926212876,2.724063036297188,2.7247239507108345,1.9699418354801734,2.736970168660265,1.0,,,,,,,,
56.902,baseline,baseline,arm,4,0.38272189776694243,0.011251254147166696,0.22380058054132598,0.7938192704837754,0.0,0.3810332498322122,1.0011224675449986,0.5358842192431749,2.711859207104161,-0.016995725769405556,-0.0023357001110403393,0.015922040672249053,0.02340558840547067,0.02259888212427675,0.0799999999999983,1.0,NORMAL,1.0,0,,0.0,0.0,0,,,,,0.0,0.0,0.0,0.0,0.0,0.0,0.0,0.0,1.0,0.0,0.0,0.0,1.0,0.0,0.0,0.0,2.711859207104161,1.6819108022590417,0.7343552224828418,2.7169988345775264,2.7169988345775264,1.9612810166058927,2.7247239507108345,1.0,,,,,,,,
56.961,baseline,baseline,arm,4,0.38176624319851526,0.011120716173241474,0.2246901316029844,0.7929436390683176,0.0,0.3806129467527924,0.9949768256587488,0.5341765945792533,2.702710006059112,-0.016197535058086306,-0.0022125080326307043,0.015077136638277075,0.02223905085568328,0.02247292621050224,0.059000000000004604,1.0,NORMAL,1.0,0,,0.0,0.0,0,,,,,0.0,0.0,0.0,0.0,0.0,0.0,0.0,0.0,1.0,0.0,0.0,0.0,1.0,0.0,0.0,0.0,2.702710006059112,1.6734853124239721,0.7322369164136694,2.7118825461139693,2.7118825461139693,1.9550786952526806,2.7169988345775264,1.0,,,,,,,,
57.04,baseline,baseline,arm,4,0.3809359577455827,0.011008096922779619,0.22545745403417788,0.7921818603459371,0.0,0.38024729296604975,0.9895636541484798,0.5327025596873871,2.6946953671478537,-0.008302854529325547,-0.0011261925046185408,0.007673224311934736,0.011361517250520155,0.018583891335698228,0.10000000000000142,1.0,NORMAL,1.0,0,,0.0,0.0,0,,,,,0.0,0.0,0.0,0.0,0.0,0.0,0.0,0.0,1.0,0.0,0.0,0.0,1.0,0.0,0.0,0.0,2.6946953671478537,1.6690262026318436,0.7311092981060966,2.707334616323852,2.707334616323852,1.9505413710524115,2.7118825461139693,1.0,,,,,,,,
57.121,baseline,baseline,arm,4,0.37986810145373417,0.010861043433490767,0.22645996162398263,0.7912008659326566,0.0,0.37977641564767517,0.9824999155407056,0.5307753244565319,2.684252521577569,-0.01779760486414349,-0.002450891488147729,0.01670845983008045,0.02453434812421702,0.020666515456294728,0.05999999999999517,1.0,NORMAL,1.0,0,,0.0,0.0,0,,,,,0.0,0.0,0.0,0.0,0.0,0.0,0.0,0.0,1.0,0.0,0.0,0.0,1.0,0.0,0.0,0.0,2.6842525215775694,1.6565447731900254,0.7279405020959024,2.701384314754436,2.701384314754436,1.942530527904483,2.707334616323852,1.0,,,,,,,,
57.219,baseline,baseline,arm,4,0.37808693402260557,0.0106171932284038,0.22812198471482772,0.789561189606342,0.0,0.3789893710110442,0.9704753717477105,0.5275768850540049,2.6666028174191014,-0.017292887680859986,-0.002367477719290905,0.016136146513058922,0.023770236418367435,0.021752816027159488,0.10300000000000153,1.0,NORMAL,1.0,0,,0.0,0.0,0,,,,,0.0,0.0,0.0,0.0,0.0,0.0,0.0,0.0,1.0,0.0,0.0,0.0,1.0,0.0,0.0,0.0,2.666602817419102,1.6417785845846329,0.7241477428624823,2.6911241599573272,2.6911241599573272,1.930913326205886,2.701384314754436,1.0,,,,,,,,
57.239,baseline,baseline,arm,4,0.37747580324164476,0.010533350070305276,0.22869336078607791,0.7889976582515167,0.0,0.378718875960728,0.9662809867348261,0.5264763975092286,2.6604739184562995,-0.016517048134076413,-0.0022660312999601665,0.015442596520275667,0.022724910653373898,0.022093048576660678,0.036999999999999034,1.0,NORMAL,1.0,0,,0.0,0.0,0,,,,,0.0,0.0,0.0,0.0,0.0,0.0,0.0,0.0,1.0,0.0,0.0,0.0,1.0,0.0,0.0,0.0,2.660473918456299,1.639182611853164,0.7234764249709088,2.6875143328086053,2.6875143328086053,1.9276618220222441,2.6911241599573272,1.0,,,,,,,,
57.3,baseline,baseline,arm,4,0.37681422161313588,0.010442593045948141,0.22931188769310087,0.7883870585647805,0.0,0.3784257881110946,0.9617018906402717,0.5252845905552599,2.6537993278714067,-0.016136137280702803,-0.002213585959929903,0.015086022122509896,0.022200516944984493,0.022130662297287253,0.04100000000000392,1.0,NORMAL,1.0,0,,0.0,0.0,0,,,,,0.0,0.0,0.0,0.0,0.0,0.0,0.0,0.0,1.0,0.0,0.0,0.0,1.0,0.0,0.0,0.0,2.6537993278714067,1.6305135843740495,0.7212249153471999,2.683554175364064,2.683554175364064,1.9222730007391802,2.6875143328086053,1.0,,,,,,,,
57.4,baseline,baseline,arm,4,0.374991729961626,0.010192608609389494,0.23101568298652037,0.7867020855795874,0.0,0.37761700107820195,0.9488863838369617,0.5219990465675893,2.6352045170623404,-0.018409006580908535,-0.0025250953187742962,0.01721005346888433,0.025326933688598924,0.023249357214822467,0.09899999999999665,1.0,NORMAL,1.0,0,,0.0,0.0,0,,,,,0.0,0.0,0.0,0.0,0.0,0.0,0.0,0.0,1.0,0.0,0.0,0.0,1.0,0.0,0.0,0.0,2.6352045170623404,1.6153418707615308,0.7172445281888833,2.672365410571028,2.672365410571028,1.9100390816459458,2.683554175364064,1.0,,,,,,,,
57.44,baseline,baseline,arm,4,0.37389865963346969,0.010043362937249802,0.23203285682335842,0.785689424284274,0.0,0.3771309236564515,0.9410658712234854,0.5200358515581838,2.6239220707223945,-0.026660251906248895,-0.003640138344870191,0.024809117971657465,0.03659934389310906,0.027921835692024922,0.04100000000000392,1.0,NORMAL,1.0,0,,0.0,0.0,0,,,,,0.0,0.0,0.0,0.0,0.0,0.0,0.0,0.0,1.0,0.0,0.0,0.0,1.0,0.0,0.0,0.0,2.6239220707223945,1.6093606224757824,0.7156598467599485,2.6654544978264774,2.6654544978264774,1.9035992594461508,2.672365410571028,1.0,,,,,,,,
57.522,baseline,baseline,arm,4,0.37293035538462216,0.0099122489789820901,0.23292645619199789,0.7847910394553249,0.0,0.3766996989385559,0.9340610214404764,0.5183101745978455,2.6138619344322027,-0.012257015808197576,-0.0016596703578192768,0.01131138441315884,0.01676115627160853,0.024015534498488842,0.07899999999999352,1.0,NORMAL,1.0,0,,0.0,0.0,0,,,,,0.0,0.0,0.0,0.0,0.0,0.0,0.0,0.0,1.0,0.0,0.0,0.0,1.0,0.0,0.0,0.0,2.6138619344322027,1.599027760454447,0.712901661044663,2.6592045264656936,2.6592045264656936,1.8962489705992516,2.6654544978264774,1.0,,,,,,,,
57.603,baseline,baseline,arm,4,0.37159396998529992,0.0097287009217547453,0.23417746953916774,0.7835493016187782,0.0,0.3761036647770135,0.9242585875145449,0.5158928194953982,2.599804373405735,-0.015909349991930794,-0.002185095919373069,0.01489301603773567,0.02190168915957993,0.023275664226465966,0.08400000000000318,1.0,NORMAL,1.0,0,,0.0,0.0,0,,,,,0.0,0.0,0.0,0.0,0.0,0.0,0.0,0.0,1.0,0.0,0.0,0.0,1.0,0.0,0.0,0.0,2.599804373405735,1.587849787630509,0.70989426738626,2.650412907333574,2.650412907333574,1.8869903339390195,2.6592045264656936,1.0,,,,,,,,
57.68,baseline,baseline,arm,4,0.36979349675325751,0.0094819146339986133,0.23585905336143528,0.7818727794456529,0.0,0.3752989341339134,0.9108384947857493,0.5126409939112755,2.580651202276591,-0.018754929500442448,-0.0025706904974598013,0.017516498148620906,0.025791152312196836,0.024156082653892557,0.09599999999999653,1.0,NORMAL,1.0,0,,0.0,0.0,0,,,,,0.0,0.0,0.0,0.0,0.0,0.0,0.0,0.0,1.0,0.0,0.0,0.0,1.0,0.0,0.0,0.0,2.5806512022765906,1.5764064584126292,0.7067831565320308,2.638229626876711,2.638229626876711,1.8755176110244904,2.650412907333574,1.0,,,,,,,,
57.7,baseline,baseline,arm,4,0.3694290157276961,0.0094320622260441953,0.2361986851355688,0.7815328946738356,0.0,0.37513578944344106,0.9080934636631235,0.5119838987493059,2.5767460465297063,-0.009345667322087182,-0.0012782668706260553,0.008708507029064137,0.012837973304339273,0.02019474381525779,0.03900000000000148,1.0,NORMAL,1.0,0,,0.0,0.0,0,,,,,0.0,0.0,0.0,0.0,0.0,0.0,0.0,0.0,1.0,0.0,0.0,0.0,1.0,0.0,0.0,0.0,2.5767460465297063,1.5735444407560977,0.7059997686680687,2.6357164952969967,2.6357164952969967,1.8730016878127171,2.638229626876711,1.0,,,,,,,,
57.798,baseline,baseline,arm,4,0.36796738905115167,0.0092336397668516881,0.23755062856867296,0.7801681980767717,0.0,0.3744807350768504,0.8970019063895431,0.5093672751859184,2.561018114729084,-0.02320042343721222,-0.0031495628443253903,0.02145941957308106,0.03175981867375561,0.024242468613208862,0.06300000000000239,1.0,NORMAL,1.0,0,,0.0,0.0,0,,,,,0.0,0.0,0.0,0.0,0.0,0.0,0.0,0.0,1.0,0.0,0.0,0.0,1.0,0.0,0.0,0.0,2.561018114729084,1.5603900319642228,0.7023673940598244,2.6254784746920174,2.6254784746920174,1.8623135038612872,2.6357164952969967,1.0,,,,,,,,
57.88,baseline,baseline,arm,4,0.36671796372931131,0.0090626359846247995,0.2387159306701585,0.7789995944180463,0.0,0.3739198053206622,0.8873970808899276,0.5071107204209045,2.547427201049541,-0.012620457796367683,-0.0017273109315847919,0.011770728297834229,0.01734386354609911,0.021827948895602255,0.09899999999999665,1.0,NORMAL,1.0,0,,0.0,0.0,0,,,,,0.0,0.0,0.0,0.0,0.0,0.0,0.0,0.0,1.0,0.0,0.0,0.0,1.0,0.0,0.0,0.0,2.547427201049541,1.5526154954664244,0.7002040390032057,2.616540364319884,2.616540364319884,1.8541967749597639,2.6254784746920174,1.0,,,,,,,,
57.942,baseline,baseline,arm,4,0.36604902812047446,0.0089711362844877261,0.2393391980224806,0.778373143531868,0.0,0.37361910889529665,0.8822139170353588,0.5059033858430411,2.540109555305565,-0.017152195098380157,-0.002346146157360768,0.015981214162104494,0.023560590072823816,0.02243437130646392,0.03900000000000148,1.0,NORMAL,1.0,0,,0.0,0.0,0,,,,,0.0,0.0,0.0,0.0,0.0,0.0,0.0,0.0,1.0,0.0,0.0,0.0,1.0,0.0,0.0,0.0,2.5401095553055644,1.5449992372385812,0.6980671212307326,2.6116824047078593,2.6116824047078593,1.8487145796206845,2.616540364319884,1.0,,,,,,,,
58.02,baseline,baseline,arm,4,0.36468950847345427,0.0087860386064220856,0.24060041658662651,0.777098263844894,0.0,0.3730071666455491,0.8716013611200368,0.5034594858994482,2.5251662775099284,-0.01678419317308814,-0.0022851565193288082,0.015570599557356263,0.02300814315334709,0.022635184679548333,0.08100000000000307,1.0,NORMAL,1.0,0,,0.0,0.0,0,,,,,0.0,0.0,0.0,0.0,0.0,0.0,0.0,0.0,1.0,0.0,0.0,0.0,1.0,0.0,0.0,0.0,2.5251662775099284,1.5346240630626862,0.6951302334209107,2.601654432806562,2.601654432806562,1.8391437517000218,2.6116824047078593,1.0,,,,,,,,
58.1,baseline,baseline,arm,4,0.36288544601185002,0.0085399159483973211,0.24227815260221378,0.7754030928213359,0.0,0.3721934845542412,0.8573481196626878,0.5002070445651231,2.505151741603388,-0.01786200457033927,-0.0024368580002452154,0.016611247679081998,0.024513731532347073,0.023292675983591086,0.10099999999999909,1.0,NORMAL,1.0,0,,0.0,0.0,0,,,,,0.0,0.0,0.0,0.0,0.0,0.0,0.0,0.0,1.0,0.0,0.0,0.0,1.0,0.0,0.0,0.0,2.505151741603388,1.523963171644106,0.6920805929646872,2.5880387427524627,2.5880387427524627,1.827308562241161,2.601654432806562,1.0,,,,,,,,
58.12,baseline,baseline,arm,4,0.3626058520298302,0.0085015993410798192,0.24253919848632116,0.7751400314382343,0.0,0.37206721509035245,0.8551217666260922,0.49970085293799404,2.502029866092673,-0.007556594108644014,-0.001035583981554132,0.007055294165064669,0.010389981927859187,0.018776726639194073,0.036999999999999034,1.0,NORMAL,1.0,0,,0.0,0.0,0,,,,,0.0,0.0,0.0,0.0,0.0,0.0,0.0,0.0,1.0,0.0,0.0,0.0,1.0,0.0,0.0,0.0,2.5020298660926725,1.5219111214887835,0.6914904362979589,2.58589757581177,2.58589757581177,1.8253322499227964,2.5880387427524627,1.0,,,,,,,,
58.201,baseline,baseline,arm,4,0.36161790992535348,0.0083660110694632958,0.24346311457679171,0.7742097673999777,0.0,0.3716206883519893,0.847219898980671,0.4979090462999837,2.4909594010326215,-0.02409614888967808,-0.003307031015037413,0.022534538791966253,0.0331566928992411,0.023809696177066745,0.04099999999999682,1.0,NORMAL,1.0,0,,0.0,0.0,0,,,,,0.0,0.0,0.0,0.0,0.0,0.0,0.0,0.0,1.0,0.0,0.0,0.0,1.0,0.0,0.0,0.0,2.4909594010326215,1.5120498297599236,0.6886377010769638,2.57826551373217,2.57826551373217,1.81747811140042,2.58589757581177,1.0,,,,,,,,
58.3,baseline,baseline,arm,4,0.35978938125204518,0.0081161012254830703,0.24516642478658876,0.7724849113659717,0.0,0.3707927574556664,0.8324758735346133,0.49460483020780543,2.470358372564057,-0.01828528673308268,-0.0024990984398022198,0.0170331020979703,0.025114214520919255,0.02426627628848462,0.10000000000000142,1.0,NORMAL,1.0,0,,0.0,0.0,0,,,,,0.0,0.0,0.0,0.0,0.0,0.0,0.0,0.0,1.0,0.0,0.0,0.0,1.0,0.0,0.0,0.0,2.470358372564057,1.4989835069500992,0.6848114313363955,2.5638710637282784,2.5638710637282784,1.8045060936447075,2.57826551373217,1.0,,,,,,,,
58.361,baseline,baseline,arm,4,0.35869465933520656,0.0079669243032066822,0.24618321514383862,0.7714503653698354,0.0,0.37029617537752096,0.8235796020068185,0.4926319405461097,2.4579580833002845,-0.01855460875997526,-0.002528422411464007,0.01723373486864032,0.025449323048936552,0.02468033249760294,0.059000000000004604,1.0,NORMAL,1.0,0,,0.0,0.0,0,,,,,0.0,0.0,0.0,0.0,0.0,0.0,0.0,0.0,1.0,0.0,0.0,0.0,1.0,0.0,0.0,0.0,2.4579580833002845,1.4912846251385414,0.6825304091647248,2.5550910158687046,2.5550910158687046,1.7967160333680638,2.5638710637282784,1.0,,,,,,,,
58.44,baseline,baseline,arm,4,0.35772487049080165,0.0078359321398764979,0.24707641880780343,0.7705326854235979,0.0,0.369855689003327,0.8156681675644293,0.4908986415621966,2.446955183553551,-0.00941542567383455,-0.0012717685760212762,0.008671880232668516,0.012863480971346946,0.02054438302923777,0.10299999999999443,1.0,NORMAL,1.0,0,,0.0,0.0,0,,,,,0.0,0.0,0.0,0.0,0.0,0.0,0.0,0.0,1.0,0.0,0.0,0.0,1.0,0.0,0.0,0.0,2.4469551835535506,1.487091970525546,0.6812789646783205,2.547215689827892,2.547215689827892,1.7906354521463275,2.5550910158687046,1.0,,,,,,,,
58.499,baseline,baseline,arm,4,0.35664745460853797,0.0076882280980037441,0.24808310119705795,0.7695119490333289,0.0,0.36936573553599783,0.8068128010296932,0.4889449599847473,2.4346354455837673,-0.0182612861400609,-0.0025034583368261395,0.017062413377194028,0.025117082342255723,0.022144804791851172,0.059000000000004604,1.0,NORMAL,1.0,0,,0.0,0.0,0,,,,,0.0,0.0,0.0,0.0,0.0,0.0,0.0,0.0,1.0,0.0,0.0,0.0,1.0,0.0,0.0,0.0,2.4346354455837673,1.4796178788125731,0.6790404644351332,2.538356073132698,2.538356073132698,1.7829124654910429,2.547215689827892,1.0,,,,,,,,
58.6,baseline,baseline,arm,4,0.35528434320333646,0.0075013604554844873,0.24935603668966067,0.768218634051949,0.0,0.3687449443449355,0.7955492949152093,0.4864743921766742,2.4189872654887683,-0.017254574749386083,-0.0023654131964462705,0.016113107501300017,0.02372652024045087,0.022698399165404202,0.07900000000000063,1.0,NORMAL,1.0,0,,0.0,0.0,0,,,,,0.0,0.0,0.0,0.0,0.0,0.0,0.0,0.0,1.0,0.0,0.0,0.0,1.0,0.0,0.0,0.0,2.418987265488768,1.4678050197335475,0.6754652715953203,2.526988219561444,2.526988219561444,1.7723114440947698,2.538356073132698,1.0,,,,,,,,
58.641,baseline,baseline,arm,4,0.35455238907947884,0.0074015416516725659,0.25003608609777594,0.7675232685190474,0.0,0.3684111688891427,0.7894811351033104,0.48515448833158353,2.4105700608430842,-0.01742747913946956,-0.002376638185998439,0.01619165257417545,0.023906799269383494,0.023121332438637014,0.041999999999994486,1.0,NORMAL,1.0,0,,0.0,0.0,0,,,,,0.0,0.0,0.0,0.0,0.0,0.0,0.0,0.0,1.0,0.0,0.0,0.0,1.0,0.0,0.0,0.0,2.4105700608430842,1.4628807903380996,0.6739595344744445,2.5208138750367604,2.5208138750367604,1.7670560651730969,2.526988219561444,1.0,,,,,,,,
58.7,baseline,baseline,arm,4,0.35308712295442468,0.0072026611266375572,0.25139158478060653,0.7661293984378496,0.0,0.36774211125016776,0.7772953932433821,0.48252363135433535,2.3936905342857346,-0.018785463141719215,-0.002549750320961554,0.01737818824141704,0.025717625837200837,0.02403000679005807,0.07800000000000296,1.0,NORMAL,1.0,0,,0.0,0.0,0,,,,,0.0,0.0,0.0,0.0,0.0,0.0,0.0,0.0,1.0,0.0,0.0,0.0,1.0,0.0,0.0,0.0,2.3936905342857346,1.4555707487481198,0.6717088085922032,2.508311415067926,2.508311415067926,1.757320376673496,2.5208138750367604,1.0,,,,,,,,
58.802,baseline,baseline,arm,4,0.3517187057719417,0.0070153635185605089,0.25266777888536596,0.7648255197825252,0.0,0.3671162494956121,0.7658446668042871,0.4800468367830562,2.3778332728654807,-0.017105214781037662,-0.002341220100963153,0.015952426309493235,0.023506373378860364,0.02384672368363065,0.0799999999999983,1.0,NORMAL,1.0,0,,0.0,0.0,0,,,,,0.0,0.0,0.0,0.0,0.0,0.0,0.0,0.0,1.0,0.0,0.0,0.0,1.0,0.0,0.0,0.0,2.3778332728654807,1.4444792415821548,0.6682636002945392,2.496458375911497,2.496458375911497,1.746758622663418,2.508311415067926,1.0,,,,,,,,
58.86,baseline,baseline,arm,4,0.35076859935392202,0.0068861449423126345,0.25354827741886848,0.7639189729132572,0.0,0.3666811069983634,0.7578785487436872,0.47833814361418536,2.366816772269493,-0.015835106966994077,-0.0021536429374644926,0.014674975558374898,0.02169662872884024,0.023094182165096972,0.060000000000002274,1.0,NORMAL,1.0,0,,0.0,0.0,0,,,,,0.0,0.0,0.0,0.0,0.0,0.0,0.0,0.0,1.0,0.0,0.0,0.0,1.0,0.0,0.0,0.0,2.3668167722694933,1.43833005921105,0.6663324226103429,2.4881381859121396,2.4881381859121396,1.7399043600007564,2.496458375911497,1.0,,,,,,,,
58.96,baseline,baseline,arm,4,0.34992722874221105,0.0067726151805949132,0.25432230721710358,0.7631153193876413,0.0,0.36629535330606783,0.7508194943306206,0.4768362020952851,2.357066369119615,-0.008330402096148269,-0.0011240570467101216,0.007663661368664411,0.011375008083572048,0.01899243383503102,0.10099999999999909,1.0,NORMAL,1.0,0,,0.0,0.0,0,,,,,0.0,0.0,0.0,0.0,0.0,0.0,0.0,0.0,1.0,0.0,0.0,0.0,1.0,0.0,0.0,0.0,2.357066369119615,1.4328269787870198,0.6645933152757819,2.4807123919643903,2.4807123919643903,1.7337997637867018,2.4881381859121396,1.0,,,,,,,,
59.02,baseline,baseline,arm,4,0.34852367128430101,0.006580330491433228,0.25563268886275492,0.7617730196760863,0.0,0.3656510494445214,0.7389794223485644,0.4742938919388444,2.3406973834080165,-0.017766550100126986,-0.0024339834071099202,0.016587109438624393,0.024427582303930755,0.020894704847982275,0.07900000000000063,1.0,NORMAL,1.0,0,,0.0,0.0,0,,,,,0.0,0.0,0.0,0.0,0.0,0.0,0.0,0.0,1.0,0.0,0.0,0.0,1.0,0.0,0.0,0.0,2.340697383408017,1.4260131412660635,0.6624278789344135,2.468181360886153,2.468181360886153,1.7243299411236617,2.4807123919643903,1.0,,,,,,,,
59.061,baseline,baseline,arm,4,0.34821365173342245,0.0065379147985184273,0.25592169053034364,0.7614762385936031,0.0,0.3655085945249295,0.7363608335519195,0.47373326640329466,2.3370789330737467,-0.007949219253296102,-0.001087581869610233,0.007410299168941193,0.010921788078574352,0.01740418139560075,0.03900000000000148,1.0,NORMAL,1.0,0,,0.0,0.0,0,,,,,0.0,0.0,0.0,0.0,0.0,0.0,0.0,0.0,1.0,0.0,0.0,0.0,1.0,0.0,0.0,0.0,2.3370789330737467,1.4240522643675195,0.6611758626573598,2.46539270620591,2.46539270620591,1.721924941576134,2.468181360886153,1.0,,,,,,,,
59.159,baseline,baseline,arm,4,0.34665944471519433,0.0063270391756720355,0.25735947940103188,0.7599867835787758,0.0,0.3647936561178124,0.7232368161698077,0.4709446233351393,2.3189618792015354,-0.018953744124732944,-0.002571653937151096,0.0175340106181491,0.02594801242245114,0.0203945024912777,0.08200000000000074,1.0,NORMAL,1.0,0,,0.0,0.0,0,,,,,0.0,0.0,0.0,0.0,0.0,0.0,0.0,0.0,1.0,0.0,0.0,0.0,1.0,0.0,0.0,0.0,2.3189618792015354,1.4125682386505667,0.6581013073890816,2.45131234804,2.45131234804,1.710235943320296,2.46539270620591,1.0,,,,,,,,
59.24,baseline,baseline,arm,4,0.34523096460805835,0.0061317737425597967,0.25869138327606706,0.7586155533602686,0.0,0.3641354656129289,0.7111329446074808,0.4683621743368983,2.3022461379175767,-0.014429091991272978,-0.0019723781122449034,0.01345357449530529,0.019826437849775478,0.020195667138968115,0.09899999999999665,1.0,NORMAL,1.0,0,,0.0,0.0,0,,,,,0.0,0.0,0.0,0.0,0.0,0.0,0.0,0.0,1.0,0.0,0.0,0.0,1.0,0.0,0.0,0.0,2.3022461379175767,1.4055416196312707,0.6558153427979871,2.4382016924035717,2.4382016924035717,1.7004511981876016,2.45131234804,1.0,,,,,,,,
59.32,baseline,baseline,arm,4,0.34435478368541395,0.0060120020804686237,0.25950759727685235,0.7577734073805267,0.0,0.3637312355426528,0.7037038502617708,0.46678006008374445,2.2919885532686948,-0.014603015377406272,-0.0019961943681861406,0.013603566679754452,0.020057165215425325,0.02014718862156151,0.060000000000002274,1.0,NORMAL,1.0,0,,0.0,0.0,0,,,,,0.0,0.0,0.0,0.0,0.0,0.0,0.0,0.0,1.0,0.0,0.0,0.0,1.0,0.0,0.0,0.0,2.2919885532686948,1.3984431207207197,0.6534872077615042,2.4300884716587627,2.4300884716587627,1.6935018383524205,2.4382016924035717,1.0,,,,,,,,
59.36,baseline,baseline,arm,4,0.34348283250131817,0.0058929755515976755,0.26031834807336662,0.7569345135729155,0.0,0.36332856651499945,0.6963110442766571,0.4652089171666425,2.281783041531215,-0.013840494985646715,-0.0018893099820784724,0.012869060262130786,0.01899319629989768,0.01974329120315693,0.06300000000000239,1.0,NORMAL,1.0,0,,0.0,0.0,0,,,,,0.0,0.0,0.0,0.0,0.0,0.0,0.0,0.0,1.0,0.0,0.0,0.0,1.0,0.0,0.0,0.0,2.281783041531215,1.3949432528443269,0.6523316843301676,2.421963597514067,2.421963597514067,1.687755394054944,2.4300884716587627,1.0,,,,,,,,
59.441,baseline,baseline,arm,4,0.3426089498084165,0.0057746051283813788,0.261125211864356,0.7560929366104239,0.0,0.36292460957300343,0.6889129115758831,0.4636457160106563,2.271576173769967,-0.015331275314065768,-0.0020766740915141566,0.014155505105078002,0.020969952379963526,0.020172591585567487,0.056999999999995055,1.0,NORMAL,1.0,0,,0.0,0.0,0,,,,,0.0,0.0,0.0,0.0,0.0,0.0,0.0,0.0,1.0,0.0,0.0,0.0,1.0,0.0,0.0,0.0,2.2715761737699665,1.388016946831669,0.6500295473236297,2.4137772192334586,2.4137772192334586,1.680849971789681,2.421963597514067,1.0,,,,,,,,
59.522,baseline,baseline,arm,4,0.34145303245408959,0.0056165813338762555,0.2622026782012139,0.7549785516334779,0.0,0.3623897047840694,0.67910690012317,0.4615589456570865,2.258034102197804,-0.014448966929086652,-0.001975297431314084,0.013468329210724059,0.019851204925355,0.020060092924380938,0.0799999999999983,1.0,NORMAL,1.0,0,,0.0,0.0,0,,,,,0.0,0.0,0.0,0.0,0.0,0.0,0.0,0.0,1.0,0.0,0.0,0.0,1.0,0.0,0.0,0.0,2.258034102197804,1.3809964026532697,0.6476799607076725,2.4028593491699612,2.4028593491699612,1.6723924536821768,2.4137772192334586,1.0,,,,,,,,
59.619,baseline,baseline,arm,4,0.33982388333110203,0.0053939495314946351,0.26371986590639684,0.753405575968831,0.0,0.36163467646503883,0.6652988111557561,0.45862202059959334,2.2389610841892194,-0.016456051747348478,-0.002248806084662747,0.015325128335180661,0.0225990779990597,0.020948734549544105,0.09900000000000375,1.0,NORMAL,1.0,0,,0.0,0.0,0,,,,,0.0,0.0,0.0,0.0,0.0,0.0,0.0,0.0,1.0,0.0,0.0,0.0,1.0,0.0,0.0,0.0,2.2389610841892194,1.3733814640834217,0.6444769238450774,2.3873328998739436,2.3873328998739436,1.6610380929979154,2.4028593491699612,1.0,,,,,,,,
59.682,baseline,baseline,arm,4,0.33885682538181272,0.0052620801962752119,0.26461838124016968,0.752470562070201,0.0,0.3611858697936965,0.6571161793470339,0.4568835873398885,2.22765619855082,-0.015853409004742757,-0.0021617923806462828,0.014729759570046429,0.021747867489941477,0.02122843058267464,0.06099999999999994,1.0,NORMAL,1.0,0,,0.0,0.0,0,,,,,0.0,0.0,0.0,0.0,0.0,0.0,0.0,0.0,1.0,0.0,0.0,0.0,1.0,0.0,0.0,0.0,2.22765619855082,1.365978089582169,0.6425854577795462,2.3780456512400296,2.3780456512400296,1.6535663492881412,2.3873328998739436,1.0,,,,,,,,
59.779,baseline,baseline,arm,4,0.33741869800790042,0.0050673003182123075,0.26594669838195806,0.7510782967118016,0.0,0.36051758242166476,0.6449838167310656,0.4543148939519446,2.2108945898164767,-0.014099287979532813,-0.0019096066476755947,0.0130227170763571,0.019288019056644675,0.020549262623893408,0.10199999999999676,1.0,NORMAL,1.0,0,,0.0,0.0,0,,,,,0.0,0.0,0.0,0.0,0.0,0.0,0.0,0.0,1.0,0.0,0.0,0.0,1.0,0.0,0.0,0.0,2.2108945898164767,1.3577283262530737,0.6397464583234903,2.364151557832981,2.364151557832981,1.6431302330565054,2.3780456512400296,1.0,,,,,,,,
59.819,baseline,baseline,arm,4,0.33638510128498395,0.0049261189731910071,0.26690910541653107,0.7500763894321058,0.0,0.36003666692741076,0.6362642299206969,0.45245484279588033,2.1988321290760937,-0.01782063315373237,-0.00243416112105691,0.016593224734017455,0.024471109771254326,0.02192190021549313,0.05799999999999983,1.0,NORMAL,1.0,0,,0.0,0.0,0,,,,,0.0,0.0,0.0,0.0,0.0,0.0,0.0,0.0,1.0,0.0,0.0,0.0,1.0,0.0,0.0,0.0,2.1988321290760937,1.3538651828357278,0.63840854202435,2.354085807810952,2.354085807810952,1.636297915436781,2.364151557832981,1.0,,,,,,,,
59.86,baseline,baseline,arm,4,0.33606107095072324,0.0048817354616881633,0.26721134086833259,0.749762074355285,0.0,0.35988579569053675,0.6335329310807246,0.45187090117148143,2.195051702298028,-0.016201516713032736,-0.002219175575141844,0.01511177259007387,0.02226610776157551,0.022042362741698636,0.020000000000003126,1.0,NORMAL,1.0,0,,0.0,0.0,0,,,,,0.0,0.0,0.0,0.0,0.0,0.0,0.0,0.0,1.0,0.0,0.0,0.0,1.0,0.0,0.0,0.0,2.1950517022980276,1.3502656556590331,0.6371570066417289,2.350918160118819,2.350918160118819,1.6333481311794023,2.354085807810952,1.0,,,,,,,,
59.961,baseline,baseline,arm,4,0.33444814751232593,0.0046625817134609247,0.26870505242119336,0.748195918013305,0.0,0.3591340406463864,0.619989891864252,0.4489863498676603,2.1763062003916036,-0.015659450858226048,-0.002127706293468304,0.014502053911269356,0.021448895143988744,0.02183463621451616,0.10300000000000153,1.0,NORMAL,1.0,0,,0.0,0.0,0,,,,,0.0,0.0,0.0,0.0,0.0,0.0,0.0,0.0,1.0,0.0,0.0,0.0,1.0,0.0,0.0,0.0,2.1763062003916036,1.3416005863114138,0.6341186615136918,2.3350946496179796,2.3350946496179796,1.6217800244586722,2.350918160118819,1.0,,,,,,,,
60.02,baseline,baseline,arm,4,0.33332752258072029,0.0045094889523622523,0.26974939892829053,0.7471062801056855,0.0,0.358611014450729,0.6105967794296251,0.4469710475304792,2.1632851215165187,-0.014553570540333337,-0.0019882176766061826,0.013562941650612935,0.019992818991326832,0.021189993940109897,0.07699999999999818,1.0,NORMAL,1.0,0,,0.0,0.0,0,,,,,0.0,0.0,0.0,0.0,0.0,0.0,0.0,0.0,1.0,0.0,0.0,0.0,1.0,0.0,0.0,0.0,2.1632851215165187,1.3370614788865933,0.632516360049633,2.324019028635574,2.324019028635574,1.61422049727208,2.3350946496179796,1.0,,,,,,,,
60.1,baseline,baseline,arm,4,0.33200533642280794,0.0043290079712173229,0.27097938829323021,0.7458190646424496,0.0,0.3579931510283758,0.5995571560932917,0.44459915308210896,2.147968524846226,-0.016527326973904764,-0.002256012264311666,0.015374867061746284,0.02268542848185715,0.02171339591630237,0.0799999999999983,1.0,NORMAL,1.0,0,,0.0,0.0,0,,,,,0.0,0.0,0.0,0.0,0.0,0.0,0.0,0.0,1.0,0.0,0.0,0.0,1.0,0.0,0.0,0.0,2.147968524846226,1.3299486927408086,0.6299875653993726,2.310887030311132,2.310887030311132,1.6046979533243848,2.324019028635574,1.0,,,,,,,,
60.162,baseline,baseline,arm,4,0.33144045897889296,0.0042518666936137671,0.27150476447500338,0.7452686081977271,0.0,0.357728931934909,0.5948546781993809,0.4435865924505998,2.141438810782617,-0.01412193609787479,-0.0019285319400889358,0.013134404544329627,0.019381973514854184,0.02089739805744623,0.03999999999999915,1.0,NORMAL,1.0,0,,0.0,0.0,0,,,,,0.0,0.0,0.0,0.0,0.0,0.0,0.0,0.0,1.0,0.0,0.0,0.0,1.0,0.0,0.0,0.0,2.141438810782617,1.325454913488497,0.6283786152842593,2.3052556402066813,2.3052556402066813,1.6001319949405135,2.310887030311132,1.0,,,,,,,,
60.222,baseline,baseline,arm,4,0.33031853891453722,0.0040998070617645488,0.27254142156879513,0.7441743965669299,0.0,0.35720371035212634,0.5855572559936602,0.4415896759274013,2.1285250388401176,-0.011332525902582817,-0.0015359558772647733,0.01047128377567383,0.015505904930067921,0.0190103549320793,0.09900000000000375,1.0,NORMAL,1.0,0,,0.0,0.0,0,,,,,0.0,0.0,0.0,0.0,0.0,0.0,0.0,0.0,1.0,0.0,0.0,0.0,1.0,0.0,0.0,0.0,2.1285250388401176,1.3193386935250522,0.6261734806684585,2.2940497070429284,2.2940497070429284,1.5920217300191393,2.3052556402066813,1.0,,,,,,,,
60.28,baseline,baseline,arm,4,0.32933730003562867,0.0039655942306305383,0.27345635228883036,0.7432164171772495,0.0,0.35674388024507975,0.5774371928560529,0.43982842813516215,2.1172259184135442,-0.023932655583137282,-0.003273483686195631,0.022315383415495247,0.032885620500234164,0.02386668342005002,0.04099999999999682,1.0,NORMAL,1.0,0,,0.0,0.0,0,,,,,0.0,0.0,0.0,0.0,0.0,0.0,0.0,0.0,1.0,0.0,0.0,0.0,1.0,0.0,0.0,0.0,2.1172259184135442,1.3158932625213713,0.6249258285246145,2.2841957110731816,2.2841957110731816,1.5855601801331778,2.2940497070429284,1.0,,,,,,,,
66.259,baseline,baseline,arm,4,7.4809611689440549e-05,-4.5133414723714063e-06,0.93899999600286732,0.4111823903020491,0.0,0.19736754734498357,7.522858047202285e-07,0.0004194306768389639,0.6089701206096764,0.0,0.0,0.0,0.0,0.02386668342005002,0.0,0.0,NORMAL,1.0,0,,0.0,0.0,0,,,,,0.0,0.0,0.0,0.0,0.0,0.0,0.0,0.0,1.0,0.0,0.0,0.0,1.0,0.0,0.0,0.0,0.6089701206096764,0.6121637089480859,0.6989988081033573,0.609423245458284,0.6989988081033573,0.6323889707798509,2.2841957110731816,1.0,,,,,,,,
66.351,baseline,baseline,arm,4,7.4809602721581894e-05,-4.5133414715870953e-06,0.93899999600286821,0.4111823902936455,0.0,0.19736754734094983,7.522858045568923e-07,0.0004194306768239166,0.6089701205972238,-9.058443085968516e-11,7.922333379222595e-15,8.971499188889814e-15,9.058443165039038e-11,0.015513344246132276,0.09900000000000375,1.0,NORMAL,1.0,0,,0.0,0.0,0,,,,,0.0,0.0,0.0,0.0,0.0,0.0,0.0,0.0,1.0,0.0,0.0,0.0,1.0,0.0,0.0,0.0,0.6089701205972238,0.6121637089388429,0.6989988080982709,0.6094232454458148,0.6989988080982709,0.6323889707700381,2.2841957110731816,1.0,,,,,,,,
66.479,baseline,baseline,arm,4,7.4809602698409309e-05,-4.5133414715847499e-06,0.93899999600286821,0.4111823902936238,0.0,0.19736754734093942,7.522858045564718e-07,0.0004194306768238775,0.6089701205971917,-2.29431537325714e-13,2.3222121098486917e-17,0.0,2.29431538500938e-13,0.010083673760044482,0.10099999999999909,1.0,NORMAL,1.0,0,,0.0,0.0,0,,,,,0.0,0.0,0.0,0.0,0.0,0.0,0.0,0.0,1.0,0.0,0.0,0.0,1.0,0.0,0.0,0.0,0.6089701205971917,0.61216370893882,0.6989988080982581,0.6094232454457827,0.6989988080982581,0.6323889707700131,2.2841957110731816,1.0,,,,,,,,
66.578,baseline,baseline,arm,4,7.4809602698121548e-05,-4.513341471584738e-06,0.93899999600286821,0.4111823902936236,0.0,0.1973675473409393,7.522858045564663e-07,0.0004194306768238768,0.6089701205971914,-2.9066748394424046e-15,1.1978243698545207e-19,0.0,2.906674841910488e-15,0.006554387944029655,0.09900000000000375,1.0,NORMAL,1.0,0,,0.0,0.0,0,,,,,0.0,0.0,0.0,0.0,0.0,0.0,0.0,0.0,1.0,0.0,0.0,0.0,1.0,0.0,0.0,0.0,0.6089701205971914,0.61216370893882,0.6989988080982581,0.6094232454457824,0.6989988080982581,0.632388970770013,2.2841957110731816,1.0,,,,,,,,
66.68,baseline,baseline,arm,4,7.4809602699735369e-05,-4.5133414715848854e-06,0.93899999600286821,0.4111823902936252,0.0,0.19736754734094009,7.522858045564959e-07,0.00041943067682387975,0.6089701205971937,1.5821778247232167e-14,-1.4449385570810117e-18,0.0,1.5821778313212345e-14,0.004260352163615241,0.10199999999998965,1.0,NORMAL,1.0,0,,0.0,0.0,0,,,,,0.0,0.0,0.0,0.0,0.0,0.0,0.0,0.0,1.0,0.0,0.0,0.0,1.0,0.0,0.0,0.0,0.6089701205971938,0.6121637089388205,0.6989988080982584,0.6094232454457849,0.6989988080982584,0.6323889707700144,2.2841957110731816,1.0,,,,,,,,
66.782,baseline,baseline,arm,4,7.4809602697982553e-05,-4.5133414715847109e-06,0.93899999600286821,0.41118239029362347,0.0,0.19736754734093925,7.522858045564624e-07,0.0004194306768238768,0.6089701205971911,-1.7705213128586793e-14,1.7625130013573664e-18,0.0,1.7705213216313837e-14,0.0027692289063544215,0.09900000000000375,1.0,NORMAL,1.0,0,,0.0,0.0,0,,,,,0.0,0.0,0.0,0.0,0.0,0.0,0.0,0.0,1.0,0.0,0.0,0.0,1.0,0.0,0.0,0.0,0.6089701205971911,0.6121637089388205,0.6989988080982584,0.6094232454457822,0.6989988080982584,0.6323889707700131,2.2841957110731816,1.0,,,,,,,,
